petName,enemyId,templateId,initNum,lvupPointSource,lvupPointEffective,baseVital,baseStr,baseTough,baseDex,get,poisonResist,paralysisResist,sleepResist,stoneResist,drunkResist,confusionResist,critical,counter,rare,lvMin,lvMax,enemyExp,hpMin,hpMax,attackMin,attackMax,defenseMin,defenseMax,agilityMin,agilityMax,rawVitalMin,rawVitalMax,rawStrMin,rawStrMax,rawToughMin,rawToughMax,rawDexMin,rawDexMax,growVitalMin,growVitalMax,growStrMin,growStrMax,growToughMin,growToughMax,growDexMin,growDexMax,rank,baseSum,earth,water,fire,wind,skill1,skill2,skill3,skill4,skill5,skill6,skill7,limitLevel,imageId
卡特利奴,539,524,21,4.5,4,19,29,12,30,5,0,0,0,0,0,0,3,3,0,15,15,0,110,154,24,35,12,23,21,32,1309,2387,2079,3157,770,1848,2156,3234,83,167,132,221,49,129,137,226,2,90,0,0,80,20,1,2,-1,-1,-1,-1,-1,-1,100329
乌力斯坦,1170,586,15,4.5,4,22,17,19,17,-20,0,0,0,0,0,0,1,1,1,15,25,0,97,216,14,38,15,40,10,32,1420,3774,1065,3219,1207,3441,1065,3219,110,204,82,174,93,186,82,174,5,75,100,0,0,0,1,20,-1,-1,-1,-1,-1,-1,100252
布比,1171,587,15,4.5,4,42,20,16,12,-20,0,0,0,0,0,0,2,0,1,15,25,0,150,299,17,43,14,39,7,26,2840,5994,1278,3552,994,3108,710,2664,196,291,88,172,68,151,49,129,2,90,80,20,0,0,1,-1,-1,-1,-1,-1,-1,-1,100254
卡梅兰恩,1172,588,12,4.5,4,20,21,33,10,-20,0,0,0,0,0,0,0,0,1,15,25,0,95,213,16,42,24,54,5,23,1224,3456,1292,3564,2108,4860,544,2376,95,185,100,191,164,261,42,127,4,84,0,0,80,20,1,2,10,-1,-1,-1,-1,-1,100273
里斯基,1173,589,17,4.5,4,19,16,19,23,-25,0,0,0,0,0,0,0,1,1,15,25,0,94,212,13,37,15,40,15,39,1241,3503,1022,3164,1241,3503,1533,3955,93,186,77,168,93,186,115,210,5,77,20,80,0,0,1,2,-1,-1,-1,-1,-1,-1,100294
克克洛斯,1174,590,20,4.5,4,18,22,10,35,-30,0,0,0,0,0,0,5,2,1,15,25,0,102,223,18,45,10,32,25,54,1216,3480,1520,3944,608,2552,2508,5452,81,168,102,190,40,123,168,263,3,85,0,0,0,100,1,120,-1,-1,-1,-1,-1,-1,100368
大地守护兽,1373,693,14,4.5,4,23,15,25,5,-3,0,0,0,0,0,0,1,0,0,50,50,0,279,401,37,68,56,87,6,35,4410,7350,2730,5670,4830,7770,630,3570,115,210,71,162,126,222,16,102,5,68,100,0,0,0,1,2,-1,-1,-1,-1,-1,-1,100338
水的守护兽,1374,694,20,4.5,4,33,17,20,18,-3,0,0,0,0,0,0,0,5,0,50,50,0,395,520,45,77,51,82,34,64,6696,9720,3240,6264,3888,6912,3456,6480,158,252,76,162,91,179,81,168,3,88,0,100,0,0,1,2,-1,-1,-1,-1,-1,-1,100380
火的守护兽,1375,695,26,4.5,4,20,34,13,18,-3,0,0,0,0,0,0,5,0,0,50,50,0,313,441,80,112,38,70,35,66,3996,7104,7104,10212,2442,5550,3552,6660,91,179,163,257,56,140,81,168,3,85,0,0,100,0,1,2,-1,-1,-1,-1,-1,-1,100290
风的守护兽,1376,696,25,4.5,4,22,32,11,21,-3,0,0,0,0,0,0,5,0,0,50,50,0,327,455,75,107,34,66,41,72,4420,7514,6630,9724,1989,5083,4199,7293,102,190,153,246,45,128,96,184,3,86,0,0,20,80,1,2,-1,-1,-1,-1,-1,-1,100394
布依胖,1747,730,27,4.5,4,34,29,25,23,-1,0,0,0,0,0,0,1,1,1,1,70,0,56,809,9,147,8,136,5,106,864,13938,729,12423,621,11211,567,10605,144,230,121,205,103,185,94,175,0,111,0,0,60,40,1,2,-1,-1,-1,-1,-1,-1,100825
波波顿,1762,786,19,4.5,4,33,30,19,17,11,0,0,0,0,0,0,1,1,0,1,70,0,36,743,6,143,4,114,2,85,589,13275,532,12390,323,9145,285,8555,145,234,131,218,79,161,70,150,1,99,80,20,0,0,1,2,-1,-1,-1,-1,-1,-1,100881
雷诛,1905,953,22,4.5,4,44,21,16,13,5,0,0,0,0,0,0,2,0,0,79,79,0,741,935,85,134,70,119,36,83,14028,18704,6346,11022,4676,9352,3674,8350,205,302,93,178,68,151,53,135,2,94,70,30,0,0,1,2,110,-1,-1,-1,-1,79,101281
艾蜜,1911,961,25,4.5,4,23,23,24,28,-1,0,0,0,0,0,0,0,5,0,79,79,0,549,744,91,140,94,143,87,134,7077,11795,7077,11795,7414,12132,8762,13480,98,182,98,182,103,187,122,208,1,98,0,0,30,70,1,2,90,-1,-1,-1,-1,79,101280
讦谯龙,1912,962,24,4.5,4,24,30,24,26,1,20,0,0,0,0,0,1,5,0,79,79,0,577,772,114,163,96,145,80,127,7392,12096,9408,14112,7392,12096,8064,12768,99,180,126,210,99,180,108,190,0,104,50,50,0,0,1,2,60,-1,-1,-1,-1,79,101279
莱比,1929,966,21,4.5,4,32,27,20,26,11,0,0,0,0,0,0,1,1,0,50,50,0,427,553,68,99,54,86,52,82,6510,9548,5425,8463,3906,6944,5208,8246,135,220,112,195,81,160,108,190,0,105,0,80,20,0,1,2,-1,-1,-1,-1,-1,60,100821
蒙奇,1947,969,23,4.5,4,26,33,18,29,-5,0,0,0,0,0,0,1,1,2,1,1,0,41,54,8,11,5,8,6,9,552,874,713,1035,368,690,621,943,108,190,139,225,72,150,121,205,0,106,0,0,30,70,1,2,580,-1,-1,-1,-1,-1,101412
森林乌力,2353,97,10,4.5,4,20,12,15,25,11,0,0,0,0,0,0,1,1,0,1,1,0,12,18,1,2,1,3,2,3,180,320,100,240,130,270,230,370,99,192,55,144,71,162,126,222,5,72,80,20,0,0,1,-1,-1,-1,-1,-1,-1,-1,100250
美拉,2474,1140,35,4.5,4,20,38,53,24,7,0,0,0,0,0,0,0,0,0,1,1,0,66,87,15,20,20,25,7,12,630,1120,1260,1750,1785,2275,770,1260,81,160,162,250,229,325,99,180,0,135,100,0,0,0,1,2,-1,-1,-1,-1,-1,-1,101760
奇朋菲德,2486,165,33,4.5,4,27,41,29,28,0,0,0,-40,40,0,0,1,1,2,1,1,0,66,85,15,19,11,16,8,13,825,1287,1287,1749,891,1353,858,1320,112,195,175,265,121,205,117,200,0,125,80,20,0,0,1,2,583,-1,-1,-1,-1,-1,101762
奇朋亚斯,2487,166,33,4.5,4,31,45,23,26,0,0,0,0,-40,0,0,1,1,2,1,1,0,70,89,16,21,9,14,7,12,957,1419,1419,1881,693,1155,792,1254,130,215,193,285,94,175,108,190,0,125,0,80,20,0,1,2,583,-1,-1,-1,-1,-1,101763
奇朋德美,2488,167,33,4.5,4,24,48,22,31,0,0,0,0,0,-40,40,1,1,2,1,1,0,63,82,17,21,9,14,9,14,726,1188,1518,1980,660,1122,957,1419,99,180,207,300,90,170,130,215,0,125,0,0,80,20,1,2,583,-1,-1,-1,-1,-1,101764
奇朋洛依,2489,168,33,4.5,4,23,41,25,36,0,0,40,0,0,0,0,1,1,2,1,1,0,62,81,15,19,10,15,11,15,693,1155,1287,1749,759,1221,1122,1584,94,175,175,265,103,185,153,240,0,125,20,0,0,80,1,2,583,-1,-1,-1,-1,-1,101765
佩露夏,2663,1273,38,4.5,4,24,42,18,46,-5,10,10,10,10,10,10,3,3,2,1,1,0,75,97,17,23,9,14,16,22,836,1368,1520,2052,608,1140,1672,2204,99,180,180,270,72,150,198,290,0,130,0,100,0,0,1,2,659,668,-1,-1,-1,-1,100872
美拉,2664,1274,38,4.5,4,29,42,54,10,7,10,10,10,10,10,10,3,3,2,1,1,0,82,104,18,24,22,28,3,8,1026,1558,1520,2052,1976,2508,304,836,121,205,180,270,234,330,36,110,0,135,100,0,0,0,1,2,658,670,21,-1,-1,-1,101760
凯恩,2665,1275,38,4.5,4,25,44,22,40,-5,10,10,10,10,10,10,3,3,2,1,1,0,76,98,18,24,10,16,14,19,874,1406,1596,2128,760,1292,1444,1976,103,185,189,280,90,170,171,260,0,131,0,0,0,100,1,2,508,667,-1,-1,-1,-1,101180
菲奇亚,2666,1276,38,4.5,4,27,49,20,37,3,10,10,10,10,10,10,3,3,2,1,1,0,79,101,20,25,10,15,13,18,950,1482,1786,2318,684,1216,1330,1862,112,195,211,305,81,160,157,245,0,133,0,0,100,0,1,2,671,669,-1,-1,-1,-1,101616
菲奇斯,21060,21060,38,4.5,4,30,49,20,37,3,10,10,10,10,10,10,3,3,2,1,1,0,84,106,20,25,10,16,13,18,1064,1596,1786,2318,684,1216,1330,1862,126,210,211,305,81,160,157,245,0,136,0,0,100,0,1,2,671,1039,-1,-1,-1,-1,101413
乌力乌力,1,2,20,4.5,4,22,23,11,23,11,0,0,0,0,0,0,1,1,0,1,1,-1,28,39,5,7,2,5,4,7,400,680,420,700,180,460,420,700,110,204,115,210,49,138,115,210,5,79,0,40,60,0,1,2,-1,-1,-1,-1,-1,-1,100251
凯比,2,112,20,4.5,4,14,19,19,27,11,0,0,0,0,0,0,2,0,0,1,1,-1,23,35,4,7,4,7,5,7,240,520,340,620,340,620,500,780,66,156,93,186,93,186,137,234,5,79,20,0,0,80,1,2,-1,-1,-1,-1,-1,-1,100296
克克尔,3,102,20,4.5,4,20,18,17,24,11,0,0,0,0,0,0,0,1,0,1,1,-1,27,38,4,7,3,6,4,7,360,640,320,600,300,580,440,720,99,192,88,180,82,174,121,216,5,79,0,70,30,0,1,2,-1,-1,-1,-1,-1,-1,100292
威伯,4,34,20,4.5,4,17,18,15,29,11,0,0,0,0,0,0,0,1,0,1,1,-1,25,36,4,7,3,6,5,8,300,580,320,600,260,540,540,820,82,174,88,180,71,162,148,246,5,79,60,0,0,40,1,2,-1,-1,-1,-1,-1,-1,100266
乌力,9,1,10,4.5,4,20,12,15,25,11,0,0,0,0,0,0,1,1,0,1,1,-1,12,18,1,2,1,3,2,3,180,320,100,240,130,270,230,370,99,192,55,144,71,162,126,222,5,72,80,20,0,0,1,-1,-1,-1,-1,-1,-1,-1,100250
乌力乌力,10,2,20,4.5,4,22,23,11,23,11,0,0,0,0,0,0,1,1,0,1,1,-1,28,39,5,7,2,5,4,7,400,680,420,700,180,460,420,700,110,204,115,210,49,138,115,210,5,79,0,40,60,0,1,2,-1,-1,-1,-1,-1,-1,100251
乌力斯坦,11,3,15,4.5,4,22,17,19,17,11,0,0,0,0,0,0,1,1,0,1,1,-1,20,29,2,5,3,5,2,4,300,510,225,435,255,465,225,435,110,204,82,174,93,186,82,174,5,75,100,0,0,0,1,20,-1,-1,-1,-1,-1,-1,100252
乌力布鲁,12,4,10,4.5,4,25,23,19,33,-1,0,0,0,0,0,0,10,10,1,1,1,-1,17,22,2,4,2,3,3,4,230,370,210,350,170,310,310,450,103,185,94,175,76,155,139,225,0,100,0,0,70,30,1,150,11,-1,-1,-1,-1,-1,100253
布比,13,11,15,4.5,4,42,20,16,12,5,0,0,0,0,0,0,2,0,0,1,1,-1,31,40,3,5,3,5,1,3,600,810,270,480,210,420,150,360,196,291,88,172,68,151,49,129,2,90,80,20,0,0,1,-1,-1,-1,-1,-1,-1,-1,100254
金布伊,14,12,25,4.5,4,31,20,32,12,-1,0,0,0,0,0,0,10,10,1,1,1,-1,46,60,6,9,8,12,2,6,725,1075,450,800,750,1100,250,600,136,223,84,166,141,228,47,124,1,95,0,0,30,70,1,2,3,40,-1,-1,-1,-1,100255
布伊,15,13,22,4.5,4,44,21,16,13,5,0,0,0,0,0,0,2,0,0,1,1,-1,48,61,5,8,4,7,2,5,924,1232,418,726,308,616,242,550,205,302,93,178,68,151,53,135,2,94,60,40,0,0,1,-1,-1,-1,-1,-1,-1,-1,100256
布伊比,16,14,16,4.5,4,32,26,15,18,5,0,0,0,0,0,0,2,0,0,1,1,-1,29,38,4,7,3,5,2,4,480,704,384,608,208,432,256,480,147,237,117,205,63,145,78,162,2,91,0,40,60,0,1,3,-1,-1,-1,-1,-1,-1,100257
卡布伊,17,15,23,4.5,4,30,28,14,20,5,0,0,0,0,0,0,2,0,1,1,1,-1,40,54,7,10,4,7,4,7,644,966,598,920,276,598,414,736,137,226,127,216,58,140,88,172,2,92,100,0,0,0,1,3,-1,-1,-1,-1,-1,-1,100258
加美,21,21,22,4.5,4,22,23,19,23,7,0,0,0,0,0,0,0,1,0,1,1,-1,32,45,5,8,4,8,4,7,440,748,462,770,374,682,462,770,102,190,107,196,86,173,107,196,3,87,0,0,60,40,1,2,-1,-1,-1,-1,-1,-1,100259
加比,25,22,20,4.5,4,21,22,18,28,7,20,0,0,0,0,0,0,1,0,1,1,-1,29,41,5,7,4,7,5,8,380,660,400,680,320,600,520,800,96,184,102,190,81,168,132,224,3,89,50,0,0,50,1,60,-1,-1,-1,-1,-1,-1,100260
加比奥,26,23,18,4.5,4,22,22,18,28,5,0,0,0,0,0,0,0,1,0,1,1,-1,27,37,4,7,3,6,4,7,360,612,360,612,288,540,468,720,98,183,98,183,78,162,127,216,2,90,0,0,0,100,1,2,-1,-1,-1,-1,-1,-1,100261
加斯,27,24,16,4.5,4,21,22,18,25,5,0,0,0,0,0,20,0,1,0,1,1,-1,23,32,4,6,3,5,3,5,304,528,320,544,256,480,368,592,96,184,102,190,81,168,117,207,3,86,0,0,30,70,1,90,-1,-1,-1,-1,-1,-1,100262
乌宝宝,28,31,13,4.5,4,17,20,10,32,11,0,0,0,0,0,0,0,1,0,1,1,-1,16,23,2,4,1,3,3,5,195,377,234,416,104,286,390,572,82,174,99,192,44,132,165,264,5,79,30,0,0,70,1,2,-1,-1,-1,-1,-1,-1,100263
威威,29,32,15,4.5,4,18,21,7,33,11,0,0,0,0,0,0,0,1,0,1,1,-1,19,28,3,5,1,3,4,6,240,450,285,495,75,285,465,675,88,180,104,198,27,114,170,270,5,79,0,0,60,40,1,2,-1,-1,-1,-1,-1,-1,100264
乌卡鲁,30,33,17,4.5,4,23,19,11,26,11,0,0,0,0,0,0,0,1,0,1,1,-1,24,34,3,6,2,4,4,6,357,595,289,527,153,391,408,646,115,210,93,186,49,138,132,228,5,79,30,70,0,0,1,2,-1,-1,-1,-1,-1,-1,100265
威伯,31,34,20,4.5,4,17,18,15,29,11,0,0,0,0,0,0,0,1,0,1,1,-1,25,36,4,7,3,6,5,8,300,580,320,600,260,540,540,820,82,174,88,180,71,162,148,246,5,79,60,0,0,40,1,2,-1,-1,-1,-1,-1,-1,100266
贝洛恩,32,41,24,4.5,4,30,12,30,15,7,0,0,0,0,0,0,0,0,0,1,1,-1,41,55,4,7,7,11,3,6,672,1008,240,576,672,1008,312,648,142,235,51,134,142,235,66,151,3,87,0,100,0,0,1,2,-1,-1,-1,-1,-1,-1,100267
贝洛洛克,33,42,19,4.5,4,29,14,32,13,7,60,0,0,-20,0,0,0,0,0,1,1,-1,32,43,3,6,6,9,2,4,513,779,228,494,570,836,209,475,137,229,61,145,153,246,56,140,3,88,70,30,0,0,1,2,60,-1,-1,-1,-1,-1,100268
贝洛宝克尔,34,43,23,4.5,4,30,13,31,14,7,0,0,0,30,0,0,0,0,0,1,1,-1,40,53,4,7,7,11,2,5,644,966,253,575,667,989,276,598,142,235,56,140,147,240,61,145,3,88,30,70,0,0,1,2,80,-1,-1,-1,-1,-1,100269
贝洛宝利,35,44,22,4.5,4,29,16,30,15,5,0,0,0,0,0,30,0,0,0,1,1,-1,38,50,4,7,7,10,2,5,594,902,308,616,616,924,286,594,132,221,68,151,137,226,63,145,2,90,0,30,70,0,1,2,90,-1,-1,-1,-1,-1,100270
龟之盾,36,51,14,4.5,4,20,18,34,9,9,0,0,0,0,0,0,0,0,0,1,1,-1,19,27,3,5,5,7,0,2,252,448,224,420,448,644,98,294,95,185,84,174,169,266,37,121,4,81,30,0,0,70,1,2,-1,-1,-1,-1,-1,-1,100271
绿龟,37,52,14,4.5,4,19,19,35,8,9,0,0,0,0,0,0,0,0,0,1,1,-1,18,26,3,5,5,7,0,2,238,434,238,434,462,658,84,280,90,179,90,179,174,272,31,116,4,81,60,0,0,40,1,2,-1,-1,-1,-1,-1,-1,100272
卡梅兰恩,38,53,12,4.5,4,20,21,33,10,9,0,0,0,0,0,0,0,0,0,1,1,-1,16,23,2,4,4,6,0,2,216,384,228,396,372,540,96,264,95,185,100,191,164,261,42,127,4,84,0,0,80,20,1,2,10,-1,-1,-1,-1,-1,100273
石龟,39,54,20,4.5,4,21,19,41,8,7,0,0,-20,65,0,0,0,0,0,1,1,-1,29,41,4,7,8,11,1,4,380,660,340,620,780,1060,120,400,96,184,86,173,198,296,30,112,3,89,90,0,0,10,1,2,80,-1,-1,-1,-1,-1,100274
阿哥亚,42,61,20,4.5,4,23,22,21,18,9,0,0,0,0,20,0,0,3,0,1,1,-1,29,41,5,7,4,7,3,6,420,700,400,680,380,660,320,600,111,203,106,197,100,191,84,174,4,84,0,30,70,0,100,30,-1,-1,-1,-1,-1,-1,100275
尼可斯,43,62,18,4.5,4,24,20,20,17,9,0,0,0,0,0,0,0,3,0,1,1,-1,26,37,4,6,4,6,2,5,396,648,324,576,324,576,270,522,116,208,95,185,95,185,79,168,4,81,40,60,0,0,1,2,-1,-1,-1,-1,-1,-1,100276
特洛昆,44,63,17,4.5,4,23,21,23,17,9,0,0,0,0,0,0,0,3,0,1,1,-1,25,35,4,6,4,6,2,4,357,595,323,561,357,595,255,493,111,203,100,191,111,203,79,168,4,84,70,0,0,30,1,2,-1,-1,-1,-1,-1,-1,100277
达克尔,45,64,18,4.5,4,24,22,21,18,7,0,0,0,0,0,0,0,3,0,1,1,-1,27,37,4,7,4,7,2,5,396,648,360,612,342,594,288,540,112,201,102,190,96,184,81,168,3,85,0,80,20,0,1,2,-1,-1,-1,-1,-1,-1,100278
拉奇鲁哥,46,71,23,4.5,4,22,26,20,26,5,0,0,0,0,0,0,0,3,0,1,1,-1,35,49,6,10,5,8,5,8,460,782,552,874,414,736,552,874,98,183,117,205,88,172,117,205,2,94,0,0,100,0,1,2,-1,-1,-1,-1,-1,-1,100279
呼拔拔,47,72,24,4.5,4,22,24,19,27,5,0,0,0,0,0,0,0,3,0,1,1,-1,36,50,6,10,5,8,6,9,480,816,528,864,408,744,600,936,98,183,107,194,83,167,122,210,2,92,0,0,60,40,1,2,-1,-1,-1,-1,-1,-1,100280
多萨金格,48,73,19,4.5,4,23,24,23,25,3,0,0,0,0,0,0,0,3,0,1,1,-1,30,41,5,8,5,7,4,7,399,665,418,684,399,665,437,703,98,182,103,187,98,182,108,192,1,95,60,0,0,40,1,2,40,-1,-1,-1,-1,-1,100281
鲁尼帖斯,49,74,22,4.5,4,23,23,25,22,5,0,0,0,0,0,0,0,3,0,1,1,-1,34,47,5,9,6,9,4,7,462,770,462,770,506,814,440,748,102,189,102,189,112,199,98,183,2,93,100,0,0,0,1,2,-1,-1,-1,-1,-1,-1,100282
卡达鲁卡斯,50,81,22,4.5,4,25,23,40,6,5,0,0,0,0,0,0,1,0,0,1,1,-1,36,49,6,9,9,12,0,3,506,814,462,770,836,1144,88,396,112,199,102,189,186,280,19,97,2,94,100,0,0,0,1,2,-1,-1,-1,-1,-1,-1,100283
柯伊达,51,82,22,4.5,4,25,21,39,5,5,0,0,0,0,0,0,1,0,0,1,1,-1,35,48,5,8,9,12,0,3,506,814,418,726,814,1122,66,374,112,199,93,178,181,275,14,91,2,90,80,20,0,0,1,2,-1,-1,-1,-1,-1,-1,100284
柯洛加斯,52,83,17,4.5,4,26,24,37,7,5,0,0,0,0,0,0,0,1,0,1,1,-1,28,38,4,7,6,9,0,3,408,646,374,612,595,833,85,323,117,205,107,194,171,264,24,102,2,94,0,40,60,0,1,2,-1,-1,-1,-1,-1,-1,100285
洛奇安,53,84,23,4.5,4,25,21,38,6,5,0,0,0,0,0,0,0,1,0,1,1,-1,37,50,5,9,9,12,0,4,529,851,437,759,828,1150,92,414,112,199,93,178,176,270,19,97,2,90,80,0,0,20,1,2,-1,-1,-1,-1,-1,-1,100286
利则诺顿,54,91,22,4.5,4,27,37,19,17,1,0,0,0,0,0,0,5,0,0,1,1,-1,38,51,8,12,5,8,3,6,550,858,770,1078,374,682,330,638,112,195,157,245,76,155,67,145,0,100,100,0,0,0,1,2,-1,-1,-1,-1,-1,-1,100287
扬奇洛斯,55,92,29,4.5,4,27,36,16,20,3,0,0,0,0,0,0,5,0,0,1,1,-1,51,67,11,15,6,10,5,9,725,1131,986,1392,406,812,522,928,117,202,159,249,65,145,84,166,1,99,0,30,70,0,1,2,-1,-1,-1,-1,-1,-1,100288
邦浦洛斯,56,93,27,4.5,4,25,37,15,21,3,0,0,0,0,0,0,5,0,0,1,1,-1,45,61,10,14,5,9,5,8,621,999,945,1323,351,729,513,891,108,192,164,254,61,140,89,171,1,98,0,0,50,50,1,2,-1,-1,-1,-1,-1,-1,100289
邦奇诺,57,94,26,4.5,4,24,38,16,20,3,0,0,0,0,0,0,5,0,0,1,1,-1,43,58,10,14,5,9,4,8,572,936,936,1300,364,728,468,832,103,187,169,260,65,145,84,166,1,98,0,0,100,0,1,2,-1,-1,-1,-1,-1,-1,100290
克雷尔,58,101,19,4.5,4,19,18,20,22,11,0,0,0,0,0,0,0,1,0,1,1,-1,25,36,3,6,4,7,3,6,323,589,304,570,342,608,380,646,93,186,88,180,99,192,110,204,5,79,60,40,0,0,1,2,-1,-1,-1,-1,-1,-1,100291
克克尔,59,102,20,4.5,4,20,18,17,24,11,0,0,0,0,0,0,0,1,0,1,1,-1,27,38,4,7,3,6,4,7,360,640,320,600,300,580,440,720,99,192,88,180,82,174,121,216,5,79,0,70,30,0,1,2,-1,-1,-1,-1,-1,-1,100292
克洛尔,60,103,18,4.5,4,18,20,18,24,9,0,0,0,0,0,0,0,1,0,1,1,-1,23,33,4,6,3,6,3,6,288,540,324,576,288,540,396,648,84,174,95,185,84,174,116,208,4,80,0,40,60,0,1,2,-1,-1,-1,-1,-1,-1,100293
里斯基,61,104,17,4.5,4,19,16,19,23,11,0,0,0,0,0,0,0,1,0,1,1,-1,22,31,3,5,3,6,3,5,289,527,238,476,289,527,357,595,93,186,77,168,93,186,115,210,5,77,20,80,0,0,1,2,-1,-1,-1,-1,-1,-1,100294
卡比特,62,111,18,4.5,4,14,19,19,27,11,0,0,0,0,0,0,2,0,0,1,1,-1,21,31,3,6,3,6,4,7,216,468,306,558,306,558,450,702,66,156,93,186,93,186,137,234,5,79,0,0,70,30,1,2,-1,-1,-1,-1,-1,-1,100295
凯比,63,112,20,4.5,4,14,19,19,27,11,0,0,0,0,0,0,2,0,0,1,1,-1,23,35,4,7,4,7,5,7,240,520,340,620,340,620,500,780,66,156,93,186,93,186,137,234,5,79,20,0,0,80,1,2,-1,-1,-1,-1,-1,-1,100296
昆伊,64,113,15,4.5,4,13,20,17,25,11,0,0,0,0,0,0,2,0,0,1,1,-1,16,25,3,5,2,5,3,5,165,375,270,480,225,435,345,555,60,150,99,192,82,174,126,222,5,75,0,0,50,50,1,2,-1,-1,-1,-1,-1,-1,100297
凯比特,65,114,19,4.5,4,16,20,16,28,9,0,0,0,0,0,0,2,0,0,1,1,-1,23,34,4,7,3,6,4,7,266,532,342,608,266,532,494,760,74,162,95,185,74,162,137,232,4,80,0,0,0,100,1,2,-1,-1,-1,-1,-1,-1,100298
格尔顿,75,141,28,4.5,4,28,28,26,18,1,0,0,0,0,0,0,5,0,0,1,1,-1,50,66,9,13,8,12,4,8,728,1120,728,1120,672,1064,448,840,117,200,117,200,108,190,72,150,0,100,100,0,0,0,1,2,-1,-1,-1,-1,-1,-1,100307
奇拉顿,76,142,23,4.5,4,28,27,23,19,3,0,0,0,0,0,0,5,0,0,1,1,-1,40,54,7,10,6,9,3,7,598,920,575,897,483,805,391,713,122,208,117,202,98,182,79,161,1,97,80,20,0,0,1,2,-1,-1,-1,-1,-1,-1,100308
齐尔格尔顿,77,143,27,4.5,4,28,29,21,20,3,0,0,0,0,0,0,5,0,0,1,1,-1,48,63,8,12,6,10,4,8,702,1080,729,1107,513,891,486,864,122,208,126,213,89,171,84,166,1,98,0,30,70,0,1,2,-1,-1,-1,-1,-1,-1,100309
格尔格,78,144,27,4.5,4,25,30,20,21,3,0,0,0,0,0,0,5,0,0,1,1,-1,45,60,9,12,6,10,5,8,621,999,756,1134,486,864,513,891,108,192,131,218,84,166,89,171,1,96,0,0,90,10,1,2,-1,-1,-1,-1,-1,-1,100310
修宝,93,171,18,4.5,4,26,28,25,16,-1,0,0,0,0,0,0,0,5,1,1,1,-1,30,40,5,8,5,7,2,5,432,684,468,720,414,666,252,504,112,197,122,208,108,192,65,145,1,95,80,20,0,0,1,2,-1,-1,-1,-1,-1,-1,100319
卡拉宝斯,94,172,19,4.5,4,28,23,26,14,5,0,0,0,0,0,0,0,5,0,1,1,-1,32,43,5,7,5,8,2,4,494,760,399,665,456,722,228,494,127,216,102,189,117,205,58,140,2,91,30,70,0,0,1,2,-1,-1,-1,-1,-1,-1,100320
布克布克,95,173,25,4.5,4,26,26,26,17,-1,0,0,0,0,0,0,0,5,1,1,1,-1,42,56,7,11,7,11,3,7,600,950,600,950,600,950,375,725,112,197,112,197,112,197,70,150,1,95,0,50,50,0,1,2,-1,-1,-1,-1,-1,-1,100321
多洛加,96,174,21,4.5,4,25,26,25,16,5,0,0,0,0,0,20,0,5,0,1,1,-1,34,46,6,9,6,9,2,5,483,777,504,798,483,777,294,588,112,199,117,205,112,199,68,151,2,92,0,30,70,0,1,2,90,-1,-1,-1,-1,-1,100322
昆伊,119,113,15,4.5,4,13,20,17,25,11,0,0,0,0,0,0,2,0,0,1,1,-1,16,25,3,5,2,5,3,5,165,375,270,480,225,435,345,555,60,150,99,192,82,174,126,222,5,75,0,0,50,50,1,2,-1,-1,-1,-1,-1,-1,100297
昆伊,120,113,15,4.5,4,13,20,17,25,11,0,0,0,0,0,0,2,0,0,2,3,-1,20,38,4,8,3,7,4,8,209,575,342,736,285,667,437,851,60,150,99,192,82,174,126,222,5,75,0,0,50,50,1,2,-1,-1,-1,-1,-1,-1,100297
昆伊,121,113,15,4.5,4,13,20,17,25,11,0,0,0,0,0,0,2,0,0,3,5,-1,25,52,5,11,4,10,5,11,253,775,414,992,345,899,529,1147,60,150,99,192,82,174,126,222,5,75,0,0,50,50,1,2,-1,-1,-1,-1,-1,-1,100297
凯比特,122,114,19,4.5,4,16,20,16,28,9,0,0,0,0,0,0,2,0,0,1,1,-1,23,34,4,7,3,6,4,7,266,532,342,608,266,532,494,760,74,162,95,185,74,162,137,232,4,80,0,0,0,100,1,2,-1,-1,-1,-1,-1,-1,100298
凯比特,123,114,19,4.5,4,16,20,16,28,9,0,0,0,0,0,0,2,0,0,2,3,-1,28,49,5,10,4,9,5,10,322,756,414,864,322,756,598,1080,74,162,95,185,74,162,137,232,4,80,0,0,0,100,1,2,-1,-1,-1,-1,-1,-1,100298
凯比特,124,114,19,4.5,4,16,20,16,28,9,0,0,0,0,0,0,2,0,0,3,5,-1,33,63,6,12,5,11,7,14,378,980,486,1120,378,980,702,1400,74,162,95,185,74,162,137,232,4,80,0,0,0,100,1,2,-1,-1,-1,-1,-1,-1,100298
龟之盾,125,51,14,4.5,4,20,18,34,9,9,0,0,0,0,0,0,0,0,0,1,2,-1,19,35,3,6,5,9,0,3,252,576,224,540,448,828,98,378,95,185,84,174,169,266,37,121,4,81,30,0,0,70,1,2,-1,-1,-1,-1,-1,-1,100271
龟之盾,126,51,14,4.5,4,20,18,34,9,9,0,0,0,0,0,0,0,0,0,3,4,-1,30,50,4,9,7,13,1,5,396,832,352,780,704,1196,154,546,95,185,84,174,169,266,37,121,4,81,30,0,0,70,1,2,-1,-1,-1,-1,-1,-1,100271
龟之盾,127,51,14,4.5,4,20,18,34,9,9,0,0,0,0,0,0,0,0,0,4,6,-1,35,66,5,12,9,17,1,7,468,1088,416,1020,832,1564,182,714,95,185,84,174,169,266,37,121,4,81,30,0,0,70,1,2,-1,-1,-1,-1,-1,-1,100271
绿龟,128,52,14,4.5,4,19,19,35,8,9,0,0,0,0,0,0,0,0,0,1,2,-1,18,34,3,6,5,9,0,3,238,558,238,558,462,846,84,360,90,179,90,179,174,272,31,116,4,81,60,0,0,40,1,2,-1,-1,-1,-1,-1,-1,100272
绿龟,129,52,14,4.5,4,19,19,35,8,9,0,0,0,0,0,0,0,0,0,3,4,-1,29,49,5,9,8,13,1,5,374,806,374,806,726,1222,132,520,90,179,90,179,174,272,31,116,4,81,60,0,0,40,1,2,-1,-1,-1,-1,-1,-1,100272
绿龟,130,52,14,4.5,4,19,19,35,8,9,0,0,0,0,0,0,0,0,0,4,6,-1,34,65,5,12,9,17,1,6,442,1054,442,1054,858,1598,156,680,90,179,90,179,174,272,31,116,4,81,60,0,0,40,1,2,-1,-1,-1,-1,-1,-1,100272
乌力,140,1,10,4.5,4,20,12,15,25,11,0,0,0,0,0,0,1,1,0,1,1,-1,12,18,1,2,1,3,2,3,180,320,100,240,130,270,230,370,99,192,55,144,71,162,126,222,5,72,80,20,0,0,1,-1,-1,-1,-1,-1,-1,-1,100250
乌力,141,1,10,4.5,4,20,12,15,25,11,0,0,0,0,0,0,1,1,0,2,3,-1,17,33,2,5,2,5,3,6,252,576,140,432,182,486,322,666,99,192,55,144,71,162,126,222,5,72,80,20,0,0,1,-1,-1,-1,-1,-1,-1,-1,100250
乌力,142,1,10,4.5,4,20,12,15,25,11,0,0,0,0,0,0,1,1,0,3,5,-1,23,48,2,7,3,8,4,9,324,832,180,624,234,702,414,962,99,192,55,144,71,162,126,222,5,72,80,20,0,0,1,-1,-1,-1,-1,-1,-1,-1,100250
乌力斯坦,143,3,15,4.5,4,22,17,19,17,11,0,0,0,0,0,0,1,1,0,1,1,-1,20,29,2,5,3,5,2,4,300,510,225,435,255,465,225,435,110,204,82,174,93,186,82,174,5,75,100,0,0,0,1,20,-1,-1,-1,-1,-1,-1,100252
乌力斯坦,144,3,15,4.5,4,22,17,19,17,11,0,0,0,0,0,0,1,1,0,2,3,-1,26,44,3,7,4,8,2,6,380,782,285,667,323,713,285,667,110,204,82,174,93,186,82,174,5,75,100,0,0,0,1,20,-1,-1,-1,-1,-1,-1,100252
乌力斯坦,145,3,15,4.5,4,22,17,19,17,11,0,0,0,0,0,0,1,1,0,3,5,-1,31,60,4,10,5,11,3,8,460,1054,345,899,391,961,345,899,110,204,82,174,93,186,82,174,5,75,100,0,0,0,1,20,-1,-1,-1,-1,-1,-1,100252
多利凯拉,146,213,18,4.5,4,27,18,28,10,9,0,0,0,0,0,0,1,0,0,1,2,-1,28,47,3,8,5,10,1,4,450,858,288,660,468,880,144,484,132,226,84,174,137,232,42,127,4,83,70,30,0,0,1,2,-1,-1,-1,-1,-1,-1,100337
多利凯拉,147,213,18,4.5,4,27,18,28,10,9,0,0,0,0,0,0,1,0,0,2,4,-1,35,65,4,10,6,13,1,6,550,1170,352,900,572,1200,176,660,132,226,84,174,137,232,42,127,4,83,70,30,0,0,1,2,-1,-1,-1,-1,-1,-1,100337
多利凯拉,148,213,18,4.5,4,27,18,28,10,9,0,0,0,0,0,0,1,0,0,4,6,-1,47,82,6,13,9,17,2,8,750,1482,480,1140,780,1520,240,836,132,226,84,174,137,232,42,127,4,83,70,30,0,0,1,2,-1,-1,-1,-1,-1,-1,100337
贝恩达斯,149,212,16,4.5,4,28,17,28,11,9,0,0,0,0,0,0,1,0,0,1,2,-1,26,44,3,7,4,9,1,4,416,800,240,580,416,800,144,460,137,232,79,168,137,232,47,133,4,84,20,80,0,0,1,2,-1,-1,-1,-1,-1,-1,100336
贝恩达斯,150,212,16,4.5,4,28,17,28,11,9,0,0,0,0,0,0,1,0,0,2,4,-1,32,62,4,9,6,12,1,6,520,1120,300,812,520,1120,180,644,137,232,79,168,137,232,47,133,4,84,20,80,0,0,1,2,-1,-1,-1,-1,-1,-1,100336
贝恩达斯,151,212,16,4.5,4,28,17,28,11,9,0,0,0,0,0,0,1,0,0,4,6,-1,45,79,5,12,8,16,2,8,728,1440,420,1044,728,1440,252,828,137,232,79,168,137,232,47,133,4,84,20,80,0,0,1,2,-1,-1,-1,-1,-1,-1,100336
邦洛洛克斯,152,331,22,4.5,4,24,19,24,18,7,0,0,0,0,0,0,1,0,0,10,10,-1,88,122,13,21,15,24,9,17,1276,2088,986,1798,1276,2088,928,1740,112,201,86,173,112,201,81,168,3,85,40,60,0,0,1,2,-1,-1,-1,-1,-1,-1,100384
邦洛洛克斯,153,331,22,4.5,4,24,19,24,18,7,0,0,0,0,0,0,1,0,0,1,1,-1,33,46,4,8,5,9,3,6,484,792,374,682,484,792,352,660,112,201,86,173,112,201,81,168,3,85,40,60,0,0,1,2,-1,-1,-1,-1,-1,-1,100384
布比,156,11,15,4.5,4,42,20,16,12,5,0,0,0,0,0,0,2,0,0,1,1,-1,31,40,3,5,3,5,1,3,600,810,270,480,210,420,150,360,196,291,88,172,68,151,49,129,2,90,80,20,0,0,1,-1,-1,-1,-1,-1,-1,-1,100254
布比,157,11,15,4.5,4,42,20,16,12,5,0,0,0,0,0,0,2,0,0,8,10,-1,91,137,10,19,8,18,4,12,1720,2754,774,1632,602,1428,430,1224,196,291,88,172,68,151,49,129,2,90,80,20,0,0,1,-1,-1,-1,-1,-1,-1,-1,100254
布比,158,11,15,4.5,4,42,20,16,12,5,0,0,0,0,0,0,2,0,0,9,11,-1,99,148,11,21,9,19,4,13,1880,2970,846,1760,658,1540,470,1320,196,291,88,172,68,151,49,129,2,90,80,20,0,0,1,-1,-1,-1,-1,-1,-1,-1,100254
布比,159,11,15,4.5,4,42,20,16,12,5,0,0,0,0,0,0,2,0,0,10,12,-1,108,159,12,22,10,20,5,14,2040,3186,918,1888,714,1652,510,1416,196,291,88,172,68,151,49,129,2,90,80,20,0,0,1,-1,-1,-1,-1,-1,-1,-1,100254
布伊,160,13,22,4.5,4,44,21,16,13,5,0,0,0,0,0,0,2,0,0,1,1,-1,48,61,5,8,4,7,2,5,924,1232,418,726,308,616,242,550,205,302,93,178,68,151,53,135,2,94,60,40,0,0,1,-1,-1,-1,-1,-1,-1,-1,100256
布伊,161,13,22,4.5,4,44,21,16,13,5,0,0,0,0,0,0,2,0,0,9,11,-1,119,173,13,24,11,22,5,15,2268,3472,1026,2046,756,1736,594,1550,205,302,93,178,68,151,53,135,2,94,60,40,0,0,1,-1,-1,-1,-1,-1,-1,-1,100256
布伊,163,13,22,4.5,4,44,21,16,13,5,0,0,0,0,0,0,2,0,0,10,12,-1,128,184,14,26,12,23,6,16,2436,3696,1102,2178,812,1848,638,1650,205,302,93,178,68,151,53,135,2,94,60,40,0,0,1,-1,-1,-1,-1,-1,-1,-1,100256
布伊,164,13,22,4.5,4,44,21,16,13,5,0,0,0,0,0,0,2,0,0,11,13,-1,137,196,15,28,13,24,6,17,2604,3920,1178,2310,868,1960,682,1750,205,302,93,178,68,151,53,135,2,94,60,40,0,0,1,-1,-1,-1,-1,-1,-1,-1,100256
呼拔拔,165,72,24,4.5,4,22,24,19,27,5,0,0,0,0,0,0,0,3,0,1,1,-1,36,50,6,10,5,8,6,9,480,816,528,864,408,744,600,936,98,183,107,194,83,167,122,210,2,92,0,0,60,40,1,2,-1,-1,-1,-1,-1,-1,100280
呼拔拔,167,72,24,4.5,4,22,24,19,27,5,0,0,0,0,0,0,0,3,0,10,13,-1,92,152,16,30,13,26,15,28,1200,2448,1320,2592,1020,2232,1500,2808,98,183,107,194,83,167,122,210,2,92,0,0,60,40,1,2,-1,-1,-1,-1,-1,-1,100280
呼拔拔,168,72,24,4.5,4,22,24,19,27,5,0,0,0,0,0,0,0,3,0,12,15,-1,104,169,18,33,15,29,17,31,1360,2720,1496,2880,1156,2480,1700,3120,98,183,107,194,83,167,122,210,2,92,0,0,60,40,1,2,-1,-1,-1,-1,-1,-1,100280
呼拔拔,169,72,24,4.5,4,22,24,19,27,5,0,0,0,0,0,0,0,3,0,14,17,-1,117,186,20,36,17,32,19,34,1520,2992,1672,3168,1292,2728,1900,3432,98,183,107,194,83,167,122,210,2,92,0,0,60,40,1,2,-1,-1,-1,-1,-1,-1,100280
鲁尼帖斯,170,74,22,4.5,4,23,23,25,22,5,0,0,0,0,0,0,0,3,0,1,1,-1,34,47,5,9,6,9,4,7,462,770,462,770,506,814,440,748,102,189,102,189,112,199,98,183,2,93,100,0,0,0,1,2,-1,-1,-1,-1,-1,-1,100282
鲁尼帖斯,171,74,22,4.5,4,23,23,25,22,5,0,0,0,0,0,0,0,3,0,11,14,-1,97,159,16,30,17,31,12,25,1302,2590,1302,2590,1426,2738,1240,2516,102,189,102,189,112,199,98,183,2,93,100,0,0,0,1,2,-1,-1,-1,-1,-1,-1,100282
鲁尼帖斯,172,74,22,4.5,4,23,23,25,22,5,0,0,0,0,0,0,0,3,0,13,16,-1,110,177,18,33,20,35,14,27,1470,2870,1470,2870,1610,3034,1400,2788,102,189,102,189,112,199,98,183,2,93,100,0,0,0,1,2,-1,-1,-1,-1,-1,-1,100282
鲁尼帖斯,173,74,22,4.5,4,23,23,25,22,5,0,0,0,0,0,0,0,3,0,15,18,-1,123,194,20,37,22,38,15,30,1638,3150,1638,3150,1794,3330,1560,3060,102,189,102,189,112,199,98,183,2,93,100,0,0,0,1,2,-1,-1,-1,-1,-1,-1,100282
特洛昆,174,63,17,4.5,4,23,21,23,17,9,0,0,0,0,0,0,0,3,0,1,1,-1,25,35,4,6,4,6,2,4,357,595,323,561,357,595,255,493,111,203,100,191,111,203,79,168,4,84,70,0,0,30,1,2,-1,-1,-1,-1,-1,-1,100277
特洛昆,175,63,17,4.5,4,23,21,23,17,9,0,0,0,0,0,0,0,3,0,10,14,-1,78,142,12,26,13,28,7,20,1113,2415,1007,2277,1113,2415,795,2001,111,203,100,191,111,203,79,168,4,84,70,0,0,30,1,2,-1,-1,-1,-1,-1,-1,100277
特洛昆,176,63,17,4.5,4,23,21,23,17,9,0,0,0,0,0,0,0,3,0,12,16,-1,90,159,14,29,16,31,9,22,1281,2695,1159,2541,1281,2695,915,2233,111,203,100,191,111,203,79,168,4,84,70,0,0,30,1,2,-1,-1,-1,-1,-1,-1,100277
特洛昆,177,63,17,4.5,4,23,21,23,17,9,0,0,0,0,0,0,0,3,0,16,20,-1,114,192,18,36,20,37,11,26,1617,3255,1463,3069,1617,3255,1155,2697,111,203,100,191,111,203,79,168,4,84,70,0,0,30,1,2,-1,-1,-1,-1,-1,-1,100277
达克尔,178,64,18,4.5,4,24,22,21,18,7,0,0,0,0,0,0,0,3,0,1,1,-1,27,37,4,7,4,7,2,5,396,648,360,612,342,594,288,540,112,201,102,190,96,184,81,168,3,85,0,80,20,0,1,2,-1,-1,-1,-1,-1,-1,100278
达克尔,179,64,18,4.5,4,24,22,21,18,7,0,0,0,0,0,0,0,3,0,9,13,-1,76,139,12,26,12,25,8,19,1100,2376,1000,2244,950,2178,800,1980,112,201,102,190,96,184,81,168,3,85,0,80,20,0,1,2,-1,-1,-1,-1,-1,-1,100278
达克尔,180,64,18,4.5,4,24,22,21,18,7,0,0,0,0,0,0,0,3,0,11,15,-1,88,156,14,29,14,28,9,22,1276,2664,1160,2516,1102,2442,928,2220,112,201,102,190,96,184,81,168,3,85,0,80,20,0,1,2,-1,-1,-1,-1,-1,-1,100278
达克尔,181,64,18,4.5,4,24,22,21,18,7,0,0,0,0,0,0,0,3,0,15,19,-1,113,189,18,35,18,35,11,27,1628,3240,1480,3060,1406,2970,1184,2700,112,201,102,190,96,184,81,168,3,85,0,80,20,0,1,2,-1,-1,-1,-1,-1,-1,100278
火鸡,190,291,17,4.5,4,19,18,10,33,9,0,0,0,0,0,0,3,1,0,1,1,-1,22,32,3,5,2,4,5,7,289,527,272,510,136,374,527,765,90,179,84,174,42,127,164,261,4,80,0,0,30,70,1,-1,-1,-1,-1,-1,-1,-1,100367
火鸡,191,291,17,4.5,4,19,18,10,33,9,0,0,0,0,0,0,3,1,0,8,10,-1,59,101,9,18,6,14,13,23,765,1643,720,1590,360,1166,1395,2385,90,179,84,174,42,127,164,261,4,80,0,0,30,70,1,-1,-1,-1,-1,-1,-1,-1,100367
火鸡,192,291,17,4.5,4,19,18,10,33,9,0,0,0,0,0,0,3,1,0,10,12,-1,70,116,10,21,7,16,16,27,901,1891,848,1830,424,1342,1643,2745,90,179,84,174,42,127,164,261,4,80,0,0,30,70,1,-1,-1,-1,-1,-1,-1,-1,100367
火鸡,193,291,17,4.5,4,19,18,10,33,9,0,0,0,0,0,0,3,1,0,12,14,-1,81,131,12,24,8,19,18,31,1037,2139,976,2070,488,1518,1891,3105,90,179,84,174,42,127,164,261,4,80,0,0,30,70,1,-1,-1,-1,-1,-1,-1,-1,100367
奇宝,194,294,20,4.5,4,18,24,11,40,9,0,0,0,0,0,0,3,1,0,1,1,-1,28,40,5,8,3,5,7,10,320,600,440,720,180,460,760,1040,78,162,107,194,44,124,186,280,2,93,0,0,80,20,1,-1,-1,-1,-1,-1,-1,-1,100370
奇宝,195,294,20,4.5,4,18,24,11,40,9,0,0,0,0,0,0,3,1,0,9,11,-1,74,120,13,24,7,17,19,31,832,1800,1144,2160,468,1380,1976,3120,78,162,107,194,44,124,186,280,2,93,0,0,80,20,1,-1,-1,-1,-1,-1,-1,-1,100370
奇宝,196,294,20,4.5,4,18,24,11,40,9,0,0,0,0,0,0,3,1,0,11,13,-1,85,136,16,28,9,20,22,35,960,2040,1320,2448,540,1564,2280,3536,78,162,107,194,44,124,186,280,2,93,0,0,80,20,1,-1,-1,-1,-1,-1,-1,-1,100370
奇宝,197,294,20,4.5,4,18,24,11,40,9,0,0,0,0,0,0,3,1,0,13,15,-1,97,152,18,31,10,22,25,39,1088,2280,1496,2736,612,1748,2584,3952,78,162,107,194,44,124,186,280,2,93,0,0,80,20,1,-1,-1,-1,-1,-1,-1,-1,100370
乌力,255,1,10,4.5,4,20,12,15,25,11,0,0,0,0,0,0,1,1,0,15,20,-1,84,159,9,25,11,27,15,31,1188,2752,660,2064,858,2322,1518,3182,99,192,55,144,71,162,126,222,5,72,80,20,0,0,1,-1,-1,-1,-1,-1,-1,-1,100250
乌力斯坦,256,3,15,4.5,4,22,17,19,17,11,0,0,0,0,0,0,1,1,0,15,20,-1,97,177,14,31,15,32,10,26,1420,3094,1065,2639,1207,2821,1065,2639,110,204,82,174,93,186,82,174,5,75,100,0,0,0,1,20,-1,-1,-1,-1,-1,-1,100252
卡比特,257,111,18,4.5,4,14,19,19,27,11,0,0,0,0,0,0,2,0,0,1,1,-1,21,31,3,6,3,6,4,7,216,468,306,558,306,558,450,702,66,156,93,186,93,186,137,234,5,79,0,0,70,30,1,2,-1,-1,-1,-1,-1,-1,100295
卡比特,258,111,18,4.5,4,14,19,19,27,11,0,0,0,0,0,0,2,0,0,15,20,-1,86,164,16,33,16,33,18,36,888,2444,1258,2914,1258,2914,1850,3666,66,156,93,186,93,186,137,234,5,79,0,0,70,30,1,2,-1,-1,-1,-1,-1,-1,100295
昆伊,259,113,15,4.5,4,13,20,17,25,11,0,0,0,0,0,0,2,0,0,15,20,-1,78,152,15,33,13,30,16,33,781,2275,1278,2912,1065,2639,1633,3367,60,150,99,192,82,174,126,222,5,75,0,0,50,50,1,2,-1,-1,-1,-1,-1,-1,100297
凯比特,260,114,19,4.5,4,16,20,16,28,9,0,0,0,0,0,0,2,0,0,15,20,-1,93,172,16,35,14,31,19,38,1050,2660,1350,3040,1050,2660,1950,3800,74,162,95,185,74,162,137,232,4,80,0,0,0,100,1,2,-1,-1,-1,-1,-1,-1,100298
多利凯拉,261,213,18,4.5,4,27,18,28,10,9,0,0,0,0,0,0,1,0,0,6,8,-1,60,100,8,16,11,20,3,10,950,1794,608,1380,988,1840,304,1012,132,226,84,174,137,232,42,127,4,83,70,30,0,0,1,2,-1,-1,-1,-1,-1,-1,100337
贝恩达斯,262,212,16,4.5,4,28,17,28,11,9,0,0,0,0,0,0,1,0,0,5,7,-1,52,88,6,14,9,18,2,9,832,1600,480,1160,832,1600,288,920,137,232,79,168,137,232,47,133,4,84,20,80,0,0,1,2,-1,-1,-1,-1,-1,-1,100336
龟之盾,263,51,14,4.5,4,20,18,34,9,9,0,0,0,0,0,0,0,0,0,6,8,-1,46,81,7,15,12,21,2,8,612,1344,544,1260,1088,1932,238,882,95,185,84,174,169,266,37,121,4,81,30,0,0,70,1,2,-1,-1,-1,-1,-1,-1,100271
绿龟,265,52,14,4.5,4,19,19,35,8,9,0,0,0,0,0,0,0,0,0,5,7,-1,40,72,6,14,11,19,1,7,510,1178,510,1178,990,1786,180,760,90,179,90,179,174,272,31,116,4,81,60,0,0,40,1,2,-1,-1,-1,-1,-1,-1,100272
贝洛恩,266,41,24,4.5,4,30,12,30,15,7,0,0,0,0,0,0,0,0,0,1,1,-1,41,55,4,7,7,11,3,6,672,1008,240,576,672,1008,312,648,142,235,51,134,142,235,66,151,3,87,0,100,0,0,1,2,-1,-1,-1,-1,-1,-1,100267
龟之盾,267,51,14,4.5,4,20,18,34,9,9,0,0,0,0,0,0,0,0,0,20,22,-1,123,191,19,35,32,49,6,20,1620,3136,1440,2940,2880,4508,630,2058,95,185,84,174,169,266,37,121,4,81,30,0,0,70,1,2,-1,-1,-1,-1,-1,-1,100271
龟之盾,268,51,14,4.5,4,20,18,34,9,9,0,0,0,0,0,0,0,0,0,21,23,-1,128,198,20,37,34,51,6,21,1692,3264,1504,3060,3008,4692,658,2142,95,185,84,174,169,266,37,121,4,81,30,0,0,70,1,2,-1,-1,-1,-1,-1,-1,100271
龟之盾,269,51,14,4.5,4,20,18,34,9,9,0,0,0,0,0,0,0,0,0,21,23,-1,128,198,20,37,34,51,6,21,1692,3264,1504,3060,3008,4692,658,2142,95,185,84,174,169,266,37,121,4,81,30,0,0,70,1,2,-1,-1,-1,-1,-1,-1,100271
龟之盾,270,51,14,4.5,4,20,18,34,9,9,0,0,0,0,0,0,0,0,0,28,30,-1,167,253,26,47,44,65,8,27,2196,4160,1952,3900,3904,5980,854,2730,95,185,84,174,169,266,37,121,4,81,30,0,0,70,1,2,-1,-1,-1,-1,-1,-1,100271
贝洛洛克,271,42,19,4.5,4,29,14,32,13,7,60,0,0,-20,0,0,0,0,0,1,1,-1,32,43,3,6,6,9,2,4,513,779,228,494,570,836,209,475,137,229,61,145,153,246,56,140,3,88,70,30,0,0,1,2,60,-1,-1,-1,-1,-1,100268
绿龟,272,52,14,4.5,4,19,19,35,8,9,0,0,0,0,0,0,0,0,0,20,22,-1,120,188,20,36,33,50,5,19,1530,3038,1530,3038,2970,4606,540,1960,90,179,90,179,174,272,31,116,4,81,60,0,0,40,1,2,-1,-1,-1,-1,-1,-1,100272
绿龟,273,52,14,4.5,4,19,19,35,8,9,0,0,0,0,0,0,0,0,0,21,23,-1,125,195,21,38,34,52,5,20,1598,3162,1598,3162,3102,4794,564,2040,90,179,90,179,174,272,31,116,4,81,60,0,0,40,1,2,-1,-1,-1,-1,-1,-1,100272
绿龟,274,52,14,4.5,4,19,19,35,8,9,0,0,0,0,0,0,0,0,0,21,23,-1,125,195,21,38,34,52,5,20,1598,3162,1598,3162,3102,4794,564,2040,90,179,90,179,174,272,31,116,4,81,60,0,0,40,1,2,-1,-1,-1,-1,-1,-1,100272
绿龟,275,52,14,4.5,4,19,19,35,8,9,0,0,0,0,0,0,0,0,0,28,30,-1,163,249,27,48,45,67,7,26,2074,4030,2074,4030,4026,6110,732,2600,90,179,90,179,174,272,31,116,4,81,60,0,0,40,1,2,-1,-1,-1,-1,-1,-1,100272
贝洛恩,278,41,24,4.5,4,30,12,30,15,7,0,0,0,0,0,0,0,0,0,22,24,-1,186,267,18,36,35,55,14,31,3024,4872,1080,2784,3024,4872,1404,3132,142,235,51,134,142,235,66,151,3,87,0,100,0,0,1,2,-1,-1,-1,-1,-1,-1,100267
贝洛恩,280,41,24,4.5,4,30,12,30,15,7,0,0,0,0,0,0,0,0,0,25,27,-1,207,295,20,40,39,60,15,34,3360,5376,1200,3072,3360,5376,1560,3456,142,235,51,134,142,235,66,151,3,87,0,100,0,0,1,2,-1,-1,-1,-1,-1,-1,100267
贝洛洛克,282,42,19,4.5,4,29,14,32,13,7,60,0,0,-20,0,0,0,0,0,22,24,-1,176,254,19,36,35,54,11,27,2781,4551,1236,2886,3090,4884,1133,2775,137,229,61,145,153,246,56,140,3,88,70,30,0,0,1,2,60,-1,-1,-1,-1,-1,100268
贝洛洛克,283,42,19,4.5,4,29,14,32,13,7,60,0,0,-20,0,0,0,0,0,25,27,-1,196,281,21,40,40,60,12,30,3105,5043,1380,3198,3450,5412,1265,3075,137,229,61,145,153,246,56,140,3,88,70,30,0,0,1,2,60,-1,-1,-1,-1,-1,100268
贝洛恩,285,41,24,4.5,4,30,12,30,15,7,0,0,0,0,0,0,0,0,0,20,21,-1,173,240,16,32,32,49,13,28,2800,4368,1000,2496,2800,4368,1300,2808,142,235,51,134,142,235,66,151,3,87,0,100,0,0,1,2,-1,-1,-1,-1,-1,-1,100267
贝洛恩,286,41,24,4.5,4,30,12,30,15,7,0,0,0,0,0,0,0,0,0,21,23,-1,179,258,17,35,34,53,13,30,2912,4704,1040,2688,2912,4704,1352,3024,142,235,51,134,142,235,66,151,3,87,0,100,0,0,1,2,-1,-1,-1,-1,-1,-1,100267
贝洛恩,287,41,24,4.5,4,30,12,30,15,7,0,0,0,0,0,0,0,0,0,23,25,-1,193,277,18,37,36,56,14,32,3136,5040,1120,2880,3136,5040,1456,3240,142,235,51,134,142,235,66,151,3,87,0,100,0,0,1,2,-1,-1,-1,-1,-1,-1,100267
贝洛洛克,289,42,19,4.5,4,29,14,32,13,7,60,0,0,-20,0,0,0,0,0,20,23,-1,162,245,17,35,33,52,10,26,2565,4387,1140,2782,2850,4708,1045,2675,137,229,61,145,153,246,56,140,3,88,70,30,0,0,1,2,60,-1,-1,-1,-1,-1,100268
贝洛洛克,290,42,19,4.5,4,29,14,32,13,7,60,0,0,-20,0,0,0,0,0,22,25,-1,176,263,19,38,35,56,11,28,2781,4715,1236,2990,3090,5060,1133,2875,137,229,61,145,153,246,56,140,3,88,70,30,0,0,1,2,60,-1,-1,-1,-1,-1,100268
贝洛洛克,291,42,19,4.5,4,29,14,32,13,7,60,0,0,-20,0,0,0,0,0,24,26,-1,189,272,20,39,38,58,12,29,2997,4879,1332,3094,3330,5236,1221,2975,137,229,61,145,153,246,56,140,3,88,70,30,0,0,1,2,60,-1,-1,-1,-1,-1,100268
姆伊,301,242,20,4.5,4,36,19,22,10,5,0,0,0,0,0,0,0,0,0,1,1,-1,38,49,4,7,5,8,1,4,680,960,340,620,400,680,160,440,173,268,86,173,102,190,40,123,3,87,0,100,0,0,1,2,110,-1,-1,-1,-1,-1,100348
卡克尔,303,181,18,4.5,4,20,21,21,24,7,0,0,0,0,0,0,0,1,0,1,1,-1,25,36,4,6,4,6,3,6,324,576,342,594,342,594,396,648,91,179,96,184,96,184,112,201,3,86,30,70,0,0,1,2,-1,-1,-1,-1,-1,-1,100323
巴克,304,182,20,4.5,4,17,26,19,27,7,0,0,0,0,0,0,0,1,0,1,1,-1,27,38,5,8,4,7,5,7,300,580,480,760,340,620,500,780,76,162,122,212,86,173,127,218,3,89,0,0,40,60,1,2,-1,-1,-1,-1,-1,-1,100324
鲍,305,183,17,4.5,4,16,23,20,28,7,0,0,0,0,0,0,0,1,0,1,1,-1,22,32,4,6,3,6,4,6,238,476,357,595,306,544,442,680,71,156,107,196,91,179,132,224,3,87,20,0,0,80,1,2,-1,-1,-1,-1,-1,-1,100325
卡拉卡利,306,184,17,4.5,4,15,23,23,26,7,0,0,0,0,0,0,0,1,0,1,1,-1,21,31,4,6,4,6,4,6,221,459,357,595,357,595,408,646,66,151,107,196,107,196,122,212,3,87,70,0,0,30,1,2,-1,-1,-1,-1,-1,-1,100326
贝鲁卡,307,191,24,4.5,4,23,28,16,25,5,0,0,0,0,0,0,3,3,0,1,1,-1,37,51,7,10,4,8,5,8,504,840,624,960,336,672,552,888,102,189,127,216,68,151,112,199,2,92,60,40,0,0,1,2,-1,-1,-1,-1,-1,-1,100327
贝鲁伊卡,308,192,23,4.5,4,21,30,13,28,5,0,0,0,0,0,0,3,3,0,1,1,-1,34,48,7,10,4,7,5,9,437,759,644,966,253,575,598,920,93,178,137,226,53,135,127,216,2,92,0,0,30,70,1,2,-1,-1,-1,-1,-1,-1,100328
格鲁西斯,309,193,21,4.5,4,20,30,13,28,5,0,0,0,0,0,0,3,3,0,1,1,-1,30,43,6,9,3,6,5,8,378,672,588,882,231,525,546,840,88,172,137,226,53,135,127,216,2,91,0,0,80,20,1,2,-1,-1,-1,-1,-1,-1,100329
金格萨贝鲁,310,194,25,4.5,4,19,29,18,29,-1,0,0,0,0,0,0,3,3,1,1,1,-1,37,51,8,11,5,9,6,10,425,775,675,1025,400,750,675,1025,79,161,126,213,75,156,126,213,1,95,30,0,0,70,1,2,40,-1,-1,-1,-1,-1,100330
多利诺布斯,315,211,12,4.5,4,26,21,26,12,7,0,0,0,0,0,0,1,0,0,1,1,-1,19,26,2,4,3,5,1,2,288,456,228,396,288,456,120,288,122,212,96,184,122,212,51,134,3,85,0,30,70,0,1,2,-1,-1,-1,-1,-1,-1,100335
贝恩达斯,316,212,16,4.5,4,28,17,28,11,9,0,0,0,0,0,0,1,0,0,1,1,-1,26,35,3,5,4,7,1,3,416,640,240,464,416,640,144,368,137,232,79,168,137,232,47,133,4,84,20,80,0,0,1,2,-1,-1,-1,-1,-1,-1,100336
多利凯拉,317,213,18,4.5,4,27,18,28,10,9,0,0,0,0,0,0,1,0,0,1,1,-1,28,39,3,6,5,8,1,3,450,702,288,540,468,720,144,396,132,226,84,174,137,232,42,127,4,83,70,30,0,0,1,2,-1,-1,-1,-1,-1,-1,100337
多洛布斯,318,214,14,4.5,4,26,19,29,9,9,0,0,0,0,0,0,1,0,0,1,1,-1,21,30,3,5,4,6,0,2,336,532,238,434,378,574,98,294,127,220,90,179,143,237,37,121,4,83,100,0,0,0,1,2,-1,-1,-1,-1,-1,-1,100338
克邦凯斯,319,221,18,4.5,4,27,27,16,14,9,0,0,0,0,0,0,5,0,0,1,1,-1,28,39,5,8,3,6,2,4,450,702,450,702,252,504,216,468,132,226,132,226,74,162,63,150,4,84,40,60,0,0,1,-1,-1,-1,-1,-1,-1,-1,100339
加克拉,320,222,22,4.5,4,26,30,14,16,7,0,0,0,0,0,0,5,0,0,1,1,-1,35,47,7,10,4,7,3,6,528,836,616,924,264,572,308,616,122,212,142,235,61,145,71,156,3,86,0,50,50,0,1,-1,-1,-1,-1,-1,-1,-1,100340
加格,321,223,23,4.5,4,30,27,13,16,7,0,0,0,0,0,0,5,0,0,1,1,-1,39,52,6,10,4,7,3,6,644,966,575,897,253,575,322,644,142,235,127,218,56,140,71,156,3,86,0,100,0,0,1,50,-1,-1,-1,-1,-1,-1,100341
邦恩吉,322,224,16,4.5,4,28,26,15,14,9,0,0,0,0,20,0,5,0,0,1,1,-1,26,35,4,6,3,5,1,4,416,640,384,608,208,432,192,416,137,232,127,220,68,156,63,150,4,83,20,80,0,0,1,100,-1,-1,-1,-1,-1,-1,100342
奇卡洛斯,323,231,28,4.5,4,28,29,30,18,1,0,0,0,0,0,0,5,0,0,1,1,-1,51,68,9,13,9,13,4,8,728,1120,756,1148,784,1176,448,840,117,200,121,205,126,210,72,150,0,105,30,0,0,70,1,2,-1,-1,-1,-1,-1,-1,100343
奇娜,324,232,24,4.5,4,33,28,31,11,1,0,0,0,20,0,0,5,0,0,1,1,-1,47,61,7,11,8,12,2,5,744,1080,624,960,696,1032,216,552,139,225,117,200,130,215,40,115,0,103,40,60,0,0,1,2,80,-1,-1,-1,-1,-1,100344
卡卡金宝,325,234,26,4.5,4,30,33,30,12,1,0,0,0,0,0,20,5,0,0,1,1,-1,49,64,9,13,9,12,2,6,728,1092,806,1170,728,1092,260,624,126,210,139,225,126,210,45,120,0,105,0,20,80,0,1,2,90,-1,-1,-1,-1,-1,100346
邦奇,326,241,22,4.5,4,34,20,24,10,7,0,0,0,0,0,0,0,0,0,1,1,-1,40,53,5,8,6,9,1,4,704,1012,396,704,484,792,176,484,163,257,91,179,112,201,40,123,3,88,0,80,20,0,1,2,-1,-1,-1,-1,-1,-1,100347
姆伊,327,242,20,4.5,4,36,19,22,10,5,0,0,0,0,0,0,0,0,0,1,1,-1,38,49,4,7,5,8,1,4,680,960,340,620,400,680,160,440,173,268,86,173,102,190,40,123,3,87,0,100,0,0,1,2,110,-1,-1,-1,-1,-1,100348
海主人,328,243,21,4.5,4,34,19,26,9,7,0,0,0,0,0,0,0,0,0,1,1,-1,39,51,4,7,6,9,1,4,672,966,357,651,504,798,147,441,163,257,86,173,122,212,35,117,3,88,20,80,0,0,1,2,110,-1,-1,-1,-1,-1,100349
多鲁宝,329,244,24,4.5,4,33,23,24,10,-1,0,0,0,0,0,0,0,0,1,1,1,-1,44,58,6,10,6,10,1,5,744,1080,504,840,528,864,192,528,151,243,102,189,107,194,39,118,2,90,0,50,50,0,1,2,-1,-1,-1,-1,-1,-1,100350
布洛多斯,330,251,25,4.5,4,37,27,33,6,1,0,0,0,0,0,0,5,0,0,1,1,-1,52,67,8,11,9,13,1,4,875,1225,625,975,775,1125,100,450,157,245,112,195,139,225,18,90,0,103,90,10,0,0,1,2,-1,-1,-1,-1,-1,-1,100351
布林帖斯,331,252,26,4.5,4,40,23,32,7,1,0,0,0,0,0,0,5,0,0,1,1,-1,56,71,7,11,9,13,1,4,988,1352,546,910,780,1144,130,494,171,260,94,175,135,220,22,95,0,102,30,70,0,0,1,2,-1,-1,-1,-1,-1,-1,100352
布拉奇多斯,332,253,24,4.5,4,35,35,28,6,1,0,0,0,0,0,0,5,0,0,1,1,-1,49,63,9,12,7,11,0,4,792,1128,792,1128,624,960,96,432,148,235,148,235,117,200,18,90,0,104,0,20,80,0,1,2,-1,-1,-1,-1,-1,-1,100353
斯天多斯,333,254,28,4.5,4,40,25,35,5,1,0,0,0,0,0,0,5,0,0,1,1,-1,61,78,8,12,11,15,0,4,1064,1456,644,1036,924,1316,84,476,171,260,103,185,148,235,13,85,0,105,50,50,0,0,1,2,-1,-1,-1,-1,-1,-1,100354
玛恩摩,334,261,27,4.5,4,50,25,15,8,3,0,0,0,0,0,0,5,0,0,1,1,-1,65,81,8,11,5,9,1,5,1296,1674,621,999,351,729,162,540,225,322,108,192,61,140,28,104,1,98,90,10,0,0,1,2,-1,-1,-1,-1,-1,-1,100355
恩摩摩,335,262,24,4.5,4,48,27,12,10,3,0,0,0,0,0,0,5,0,0,1,1,-1,56,70,7,11,4,7,1,5,1104,1440,600,936,240,576,192,528,216,312,117,202,47,124,37,114,1,97,0,20,80,0,1,2,-1,-1,-1,-1,-1,-1,100356
玛摩那斯,336,263,26,4.5,4,51,25,12,10,3,0,0,0,0,0,0,5,0,0,1,1,-1,64,79,7,11,4,8,2,5,1274,1638,598,962,260,624,208,572,230,327,108,192,47,124,37,114,1,98,70,30,0,0,1,2,-1,-1,-1,-1,-1,-1,100357
玛恩摩洛斯,337,264,25,4.5,4,51,26,12,11,1,0,0,0,0,0,0,5,0,0,1,1,-1,62,76,7,11,4,8,2,5,1225,1575,600,950,250,600,225,575,220,315,108,190,45,120,40,115,0,100,0,50,50,0,1,2,-1,-1,-1,-1,-1,-1,100358
帖拉格恩,338,271,27,4.5,4,23,31,23,25,1,0,0,0,0,0,0,1,5,0,1,1,-1,45,60,9,13,7,11,6,9,567,945,783,1161,567,945,621,999,94,175,130,215,94,175,103,185,0,102,0,0,20,80,1,2,-1,-1,-1,-1,-1,-1,100359
洛卡伦恩,339,272,26,4.5,4,22,33,24,24,1,0,0,0,0,0,0,1,5,0,1,1,-1,42,57,9,13,7,11,5,9,520,884,806,1170,572,936,572,936,90,170,139,225,99,180,99,180,0,103,0,0,80,20,1,2,-1,-1,-1,-1,-1,-1,100360
加宝格恩,340,273,24,4.5,4,24,30,24,26,1,20,0,0,0,0,0,1,5,0,1,1,-1,41,55,8,11,6,10,5,9,528,864,672,1008,528,864,576,912,99,180,126,210,99,180,108,190,0,104,50,0,0,50,1,2,60,-1,-1,-1,-1,-1,100361
朵拉比斯,341,274,23,4.5,4,24,31,20,30,1,0,0,0,0,0,0,1,5,0,1,1,-1,39,53,8,11,5,9,6,9,506,828,667,989,414,736,644,966,99,180,130,215,81,160,126,210,0,105,0,0,0,100,1,2,-1,-1,-1,-1,-1,-1,100362
火鸡,346,291,17,4.5,4,19,18,10,33,9,0,0,0,0,0,0,3,1,0,1,1,-1,22,32,3,5,2,4,5,7,289,527,272,510,136,374,527,765,90,179,84,174,42,127,164,261,4,80,0,0,30,70,1,-1,-1,-1,-1,-1,-1,-1,100367
克克洛斯,347,292,20,4.5,4,18,22,10,35,7,0,0,0,0,0,0,5,2,0,1,1,-1,27,38,4,7,2,5,6,9,320,600,400,680,160,440,660,940,81,168,102,190,40,123,168,263,3,85,0,0,0,100,1,120,-1,-1,-1,-1,-1,-1,100368
霍尔克,348,293,18,4.5,4,21,20,14,40,9,0,0,0,0,0,0,3,1,0,1,1,-1,27,38,4,6,3,5,6,9,342,594,324,576,216,468,684,936,89,171,84,166,56,135,178,270,1,95,30,0,0,70,1,-1,-1,-1,-1,-1,-1,-1,100369
奇宝,349,294,20,4.5,4,18,24,11,40,9,0,0,0,0,0,0,3,1,0,1,1,-1,28,40,5,8,3,5,7,10,320,600,440,720,180,460,760,1040,78,162,107,194,44,124,186,280,2,93,0,0,80,20,1,-1,-1,-1,-1,-1,-1,-1,100370
奥卡洛斯,350,301,25,4.5,4,26,29,28,20,1,0,0,0,0,0,0,5,5,0,1,1,-1,44,58,8,11,8,11,4,8,600,950,675,1025,650,1000,450,800,108,190,121,205,117,200,81,160,0,103,60,40,0,0,1,2,40,-1,-1,-1,-1,-1,100371
左迪洛斯,351,302,26,4.5,4,28,30,22,22,1,0,0,0,0,0,0,5,5,0,1,1,-1,47,62,8,12,6,10,5,8,676,1040,728,1092,520,884,520,884,117,200,126,210,90,170,90,170,0,102,0,80,20,0,1,2,40,-1,-1,-1,-1,-1,100372
巴朵兰恩,352,303,27,4.5,4,23,37,20,25,1,0,0,0,0,0,0,5,5,0,1,1,-1,45,61,10,14,6,10,6,9,567,945,945,1323,486,864,621,999,94,175,157,245,81,160,103,185,0,105,0,20,80,0,1,2,-1,-1,-1,-1,-1,-1,100373
帖拉所伊朵,353,304,28,4.5,4,23,35,25,21,-3,5,5,5,5,5,5,5,5,2,1,1,-1,47,63,10,14,8,12,5,9,588,980,924,1316,644,1036,532,924,94,175,148,235,103,185,85,165,0,104,0,0,50,50,1,2,30,-1,-1,-1,-1,-1,100374
布伊德,354,311,26,4.5,4,19,22,25,29,-1,0,0,0,0,0,0,0,5,1,1,1,-1,38,53,6,10,7,11,7,10,442,806,520,884,598,962,702,1066,79,161,94,176,108,192,126,213,1,95,20,0,0,80,1,2,-1,-1,-1,-1,-1,-1,100375
摩娜西普,355,312,25,4.5,4,23,23,24,28,-1,0,0,0,0,0,0,0,5,1,1,1,-1,40,55,6,10,7,10,6,10,525,875,525,875,550,900,650,1000,98,182,98,182,103,187,122,208,1,98,0,0,0,100,1,2,-1,-1,-1,-1,-1,-1,100376
卡伊霍恩,356,313,28,4.5,4,18,26,24,29,-1,0,0,0,0,0,0,0,5,1,1,1,-1,41,57,8,12,7,11,7,11,448,840,672,1064,616,1008,756,1148,75,156,112,197,103,187,126,213,1,97,0,0,80,20,1,2,-1,-1,-1,-1,-1,-1,100377
拉伊霍恩,357,314,30,4.5,4,20,25,25,30,-3,5,5,5,5,5,5,0,5,2,1,1,-1,46,64,8,13,8,13,8,12,540,960,690,1110,690,1110,840,1260,81,160,103,185,103,185,126,210,0,100,50,50,0,0,1,2,-1,-1,-1,-1,-1,-1,100378
史多拉奇顿,358,321,21,4.5,4,34,19,23,19,3,0,0,0,0,0,0,0,5,0,1,1,-1,40,52,4,8,5,8,3,6,672,966,357,651,441,735,357,651,150,239,79,161,98,182,79,161,1,95,20,80,0,0,1,2,-1,-1,-1,-1,-1,-1,100379
萨美洛斯,359,322,20,4.5,4,36,20,23,21,1,0,0,0,0,0,0,0,5,0,1,1,-1,40,52,4,7,5,8,3,6,680,960,360,640,420,700,380,660,153,240,81,160,94,175,85,165,0,100,0,100,0,0,1,2,-1,-1,-1,-1,-1,-1,100380
阿利给洛斯,360,323,26,4.5,4,33,19,25,18,3,0,0,0,0,0,0,0,5,0,1,1,-1,49,64,6,9,7,11,4,7,806,1170,442,806,598,962,416,780,145,234,79,161,108,192,75,156,1,95,50,50,0,0,1,2,-1,-1,-1,-1,-1,-1,100381
达伊诺洛斯,361,324,24,4.5,4,33,23,22,22,-1,0,0,0,0,0,0,0,5,1,1,1,-1,46,60,6,10,6,9,4,8,744,1080,504,840,480,816,480,816,139,225,94,175,90,170,90,170,0,100,0,50,50,0,1,2,-1,-1,-1,-1,-1,-1,100382
拉可拉斯,362,325,23,4.5,4,34,21,22,20,3,0,0,0,0,0,0,0,5,0,1,1,-1,44,58,5,9,6,9,4,7,736,1058,437,759,460,782,414,736,150,239,89,171,94,176,84,166,1,97,0,70,30,0,1,2,-1,-1,-1,-1,-1,-1,100383
邦洛洛克斯,363,331,22,4.5,4,24,19,24,18,7,0,0,0,0,0,0,1,0,0,1,1,-1,33,46,4,8,5,9,3,6,484,792,374,682,484,792,352,660,112,201,86,173,112,201,81,168,3,85,40,60,0,0,1,2,-1,-1,-1,-1,-1,-1,100384
兰贝鲁斯,364,332,21,4.5,4,26,21,21,22,5,0,0,0,0,0,0,1,0,0,1,1,-1,34,46,5,8,5,8,4,7,504,798,399,693,399,693,420,714,117,205,93,178,93,178,98,183,2,90,0,70,30,0,1,2,-1,-1,-1,-1,-1,-1,100385
可利多洛斯,365,333,19,4.5,4,24,20,22,20,7,0,0,0,0,0,0,1,0,0,1,1,-1,29,40,4,7,4,7,3,6,418,684,342,608,380,646,342,608,112,201,91,179,102,190,91,179,3,86,70,30,0,0,1,2,-1,-1,-1,-1,-1,-1,100386
诺斯多洛斯,366,334,24,4.5,4,21,24,19,23,7,0,0,0,0,0,0,1,0,0,1,1,-1,35,48,6,9,5,8,5,8,456,792,528,864,408,744,504,840,96,184,112,201,86,173,107,196,3,87,0,0,90,10,1,2,-1,-1,-1,-1,-1,-1,100387
奇卡宝斯,367,233,25,4.5,4,28,33,28,14,1,20,0,0,0,0,0,5,0,0,1,1,-1,45,60,9,12,8,11,3,6,650,1000,775,1125,650,1000,300,650,117,200,139,225,117,200,54,130,0,103,0,0,30,70,1,2,61,-1,-1,-1,-1,-1,100345
乌宝宝,369,31,13,4.5,4,17,20,10,32,11,0,0,0,0,0,0,0,1,0,1,1,-1,16,23,2,4,1,3,3,5,195,377,234,416,104,286,390,572,82,174,99,192,44,132,165,264,5,79,30,0,0,70,1,2,-1,-1,-1,-1,-1,-1,100263
乌宝宝,370,31,13,4.5,4,17,20,10,32,11,0,0,0,0,0,0,0,1,0,1,2,-1,16,31,2,6,1,4,3,7,195,493,234,544,104,374,390,748,82,174,99,192,44,132,165,264,5,79,30,0,0,70,1,2,-1,-1,-1,-1,-1,-1,100263
乌宝宝,371,31,13,4.5,4,17,20,10,32,11,0,0,0,0,0,0,0,1,0,2,4,-1,21,46,3,9,2,6,5,11,255,725,306,800,136,550,510,1100,82,174,99,192,44,132,165,264,5,79,30,0,0,70,1,2,-1,-1,-1,-1,-1,-1,100263
威威,372,32,15,4.5,4,18,21,7,33,11,0,0,0,0,0,0,0,1,0,1,1,-1,19,28,3,5,1,3,4,6,240,450,285,495,75,285,465,675,88,180,104,198,27,114,170,270,5,79,0,0,60,40,1,2,-1,-1,-1,-1,-1,-1,100264
威威,373,32,15,4.5,4,18,21,7,33,11,0,0,0,0,0,0,0,1,0,1,2,-1,19,35,3,7,1,4,4,8,240,570,285,627,75,361,465,855,88,180,104,198,27,114,170,270,5,79,0,0,60,40,1,2,-1,-1,-1,-1,-1,-1,100264
威威,374,32,15,4.5,4,18,21,7,33,11,0,0,0,0,0,0,0,1,0,2,4,-1,24,50,4,10,2,6,5,12,304,810,361,891,95,513,589,1215,88,180,104,198,27,114,170,270,5,79,0,0,60,40,1,2,-1,-1,-1,-1,-1,-1,100264
多利诺布斯,375,211,12,4.5,4,26,21,26,12,7,0,0,0,0,0,0,1,0,0,1,2,-1,19,34,2,6,3,7,1,3,288,608,228,528,288,608,120,384,122,212,96,184,122,212,51,134,3,85,0,30,70,0,1,2,-1,-1,-1,-1,-1,-1,100335
多利诺布斯,376,211,12,4.5,4,26,21,26,12,7,0,0,0,0,0,0,1,0,0,3,5,-1,31,60,4,11,5,12,2,6,480,1064,380,924,480,1064,200,672,122,212,96,184,122,212,51,134,3,85,0,30,70,0,1,2,-1,-1,-1,-1,-1,-1,100335
多利诺布斯,377,211,12,4.5,4,26,21,26,12,7,0,0,0,0,0,0,1,0,0,4,6,-1,38,69,5,12,7,14,2,7,576,1216,456,1056,576,1216,240,768,122,212,96,184,122,212,51,134,3,85,0,30,70,0,1,2,-1,-1,-1,-1,-1,-1,100335
克洛尔,378,103,18,4.5,4,18,20,18,24,9,0,0,0,0,0,0,0,1,0,1,1,-1,23,33,4,6,3,6,3,6,288,540,324,576,288,540,396,648,84,174,95,185,84,174,116,208,4,80,0,40,60,0,1,2,-1,-1,-1,-1,-1,-1,100293
克洛尔,379,103,18,4.5,4,18,20,18,24,9,0,0,0,0,0,0,0,1,0,2,4,-1,28,56,5,11,4,10,4,10,352,900,396,960,352,900,484,1080,84,174,95,185,84,174,116,208,4,80,0,40,60,0,1,2,-1,-1,-1,-1,-1,-1,100293
克洛尔,380,103,18,4.5,4,18,20,18,24,9,0,0,0,0,0,0,0,1,0,3,5,-1,33,63,5,12,5,12,5,12,416,1020,468,1088,416,1020,572,1224,84,174,95,185,84,174,116,208,4,80,0,40,60,0,1,2,-1,-1,-1,-1,-1,-1,100293
克雷尔,382,101,19,4.5,4,19,18,20,22,11,0,0,0,0,0,0,0,1,0,1,1,-1,25,36,3,6,4,7,3,6,323,589,304,570,342,608,380,646,93,186,88,180,99,192,110,204,5,79,60,40,0,0,1,2,-1,-1,-1,-1,-1,-1,100291
克雷尔,383,101,19,4.5,4,19,18,20,22,11,0,0,0,0,0,0,0,1,0,2,3,-1,30,51,4,9,5,10,4,9,391,837,368,810,414,864,460,918,93,186,88,180,99,192,110,204,5,79,60,40,0,0,1,2,-1,-1,-1,-1,-1,-1,100291
克雷尔,384,101,19,4.5,4,19,18,20,22,11,0,0,0,0,0,0,0,1,0,2,4,-1,30,58,4,11,5,11,4,10,391,961,368,930,414,992,460,1054,93,186,88,180,99,192,110,204,5,79,60,40,0,0,1,2,-1,-1,-1,-1,-1,-1,100291
里斯基,385,104,17,4.5,4,19,16,19,23,11,0,0,0,0,0,0,0,1,0,1,1,-1,22,31,3,5,3,6,3,5,289,527,238,476,289,527,357,595,93,186,77,168,93,186,115,210,5,77,20,80,0,0,1,2,-1,-1,-1,-1,-1,-1,100294
里斯基,386,104,17,4.5,4,19,16,19,23,11,0,0,0,0,0,0,0,1,0,2,3,-1,27,47,3,8,4,9,4,8,357,775,294,700,357,775,441,875,93,186,77,168,93,186,115,210,5,77,20,80,0,0,1,2,-1,-1,-1,-1,-1,-1,100294
里斯基,387,104,17,4.5,4,19,16,19,23,11,0,0,0,0,0,0,0,1,0,2,4,-1,27,54,3,9,4,10,4,10,357,899,294,812,357,899,441,1015,93,186,77,168,93,186,115,210,5,77,20,80,0,0,1,2,-1,-1,-1,-1,-1,-1,100294
乌卡鲁,388,33,17,4.5,4,23,19,11,26,11,0,0,0,0,0,0,0,1,0,1,2,-1,24,42,3,7,2,6,4,7,357,735,289,651,153,483,408,798,115,210,93,186,49,138,132,228,5,79,30,70,0,0,1,2,-1,-1,-1,-1,-1,-1,100265
乌卡鲁,389,33,17,4.5,4,23,19,11,26,11,0,0,0,0,0,0,0,1,0,2,4,-1,30,58,4,10,3,8,5,11,441,1015,357,899,189,667,504,1102,115,210,93,186,49,138,132,228,5,79,30,70,0,0,1,2,-1,-1,-1,-1,-1,-1,100265
乌卡鲁,390,33,17,4.5,4,23,19,11,26,11,0,0,0,0,0,0,0,1,0,3,5,-1,36,66,5,11,3,9,6,12,525,1155,425,1023,225,759,600,1254,115,210,93,186,49,138,132,228,5,79,30,70,0,0,1,2,-1,-1,-1,-1,-1,-1,100265
尼可斯,391,62,18,4.5,4,24,20,20,17,9,0,0,0,0,0,0,0,3,0,1,2,-1,26,45,4,8,4,8,2,6,396,792,324,704,324,704,270,638,116,208,95,185,95,185,79,168,4,81,40,60,0,0,1,2,-1,-1,-1,-1,-1,-1,100276
尼可斯,392,62,18,4.5,4,24,20,20,17,9,0,0,0,0,0,0,0,3,0,3,5,-1,38,70,6,12,6,12,3,9,572,1224,468,1088,468,1088,390,986,116,208,95,185,95,185,79,168,4,81,40,60,0,0,1,2,-1,-1,-1,-1,-1,-1,100276
尼可斯,393,62,18,4.5,4,24,20,20,17,9,0,0,0,0,0,0,0,3,0,4,6,-1,44,78,6,14,6,14,4,11,660,1368,540,1216,540,1216,450,1102,116,208,95,185,95,185,79,168,4,81,40,60,0,0,1,2,-1,-1,-1,-1,-1,-1,100276
克邦凯斯,394,221,18,4.5,4,27,27,16,14,9,0,0,0,0,0,0,5,0,0,1,2,-1,28,48,5,9,3,7,2,5,450,858,450,858,252,616,216,572,132,226,132,226,74,162,63,150,4,84,40,60,0,0,1,-1,-1,-1,-1,-1,-1,-1,100339
克邦凯斯,395,221,18,4.5,4,27,27,16,14,9,0,0,0,0,0,0,5,0,0,2,3,-1,35,56,6,11,4,8,2,6,550,1014,550,1014,308,728,264,676,132,226,132,226,74,162,63,150,4,84,40,60,0,0,1,-1,-1,-1,-1,-1,-1,-1,100339
邦恩吉,396,224,16,4.5,4,28,26,15,14,9,0,0,0,0,20,0,5,0,0,1,1,-1,26,35,4,6,3,5,1,4,416,640,384,608,208,432,192,416,137,232,127,220,68,156,63,150,4,83,20,80,0,0,1,100,-1,-1,-1,-1,-1,-1,100342
克克洛斯,398,292,20,4.5,4,18,22,10,35,7,0,0,0,0,0,0,5,2,0,1,1,-1,27,38,4,7,2,5,6,9,320,600,400,680,160,440,660,940,81,168,102,190,40,123,168,263,3,85,0,0,0,100,1,120,-1,-1,-1,-1,-1,-1,100368
克克洛斯,399,292,20,4.5,4,18,22,10,35,7,0,0,0,0,0,0,5,2,0,10,13,-1,75,131,13,26,7,19,18,31,896,2040,1120,2312,448,1496,1848,3196,81,168,102,190,40,123,168,263,3,85,0,0,0,100,1,120,-1,-1,-1,-1,-1,-1,100368
克克洛斯,400,292,20,4.5,4,18,22,10,35,7,0,0,0,0,0,0,5,2,0,12,15,-1,86,146,15,29,8,21,21,35,1024,2280,1280,2584,512,1672,2112,3572,81,168,102,190,40,123,168,263,3,85,0,0,0,100,1,120,-1,-1,-1,-1,-1,-1,100368
克克洛斯,401,292,20,4.5,4,18,22,10,35,7,0,0,0,0,0,0,5,2,0,14,16,-1,97,154,17,31,9,22,23,37,1152,2400,1440,2720,576,1760,2376,3760,81,168,102,190,40,123,168,263,3,85,0,0,0,100,1,120,-1,-1,-1,-1,-1,-1,100368
霍尔克,402,293,18,4.5,4,21,20,14,40,9,0,0,0,0,0,0,3,1,0,1,1,-1,27,38,4,6,3,5,6,9,342,594,324,576,216,468,684,936,89,171,84,166,56,135,178,270,1,95,30,0,0,70,1,-1,-1,-1,-1,-1,-1,-1,100369
霍尔克,403,293,18,4.5,4,21,20,14,40,9,0,0,0,0,0,0,3,1,0,10,13,-1,83,139,12,25,9,21,20,34,1026,2178,972,2112,648,1716,2052,3432,89,171,84,166,56,135,178,270,1,95,30,0,0,70,1,-1,-1,-1,-1,-1,-1,-1,100369
霍尔克,404,293,18,4.5,4,21,20,14,40,9,0,0,0,0,0,0,3,1,0,12,15,-1,95,156,14,28,11,24,23,38,1178,2442,1116,2368,744,1924,2356,3848,89,171,84,166,56,135,178,270,1,95,30,0,0,70,1,-1,-1,-1,-1,-1,-1,-1,100369
霍尔克,405,293,18,4.5,4,21,20,14,40,9,0,0,0,0,0,0,3,1,0,14,16,-1,107,165,16,29,12,25,26,40,1330,2574,1260,2496,840,2028,2660,4056,89,171,84,166,56,135,178,270,1,95,30,0,0,70,1,-1,-1,-1,-1,-1,-1,-1,100369
卡克尔,406,181,18,4.5,4,20,21,21,24,7,0,0,0,0,0,0,0,1,0,1,1,-1,25,36,4,6,4,6,3,6,324,576,342,594,342,594,396,648,91,179,96,184,96,184,112,201,3,86,30,70,0,0,1,2,-1,-1,-1,-1,-1,-1,100323
卡克尔,407,181,18,4.5,4,20,21,21,24,7,0,0,0,0,0,0,0,1,0,12,15,-1,88,148,15,28,15,28,13,26,1116,2368,1178,2442,1178,2442,1364,2664,91,179,96,184,96,184,112,201,3,86,30,70,0,0,1,2,-1,-1,-1,-1,-1,-1,100323
卡克尔,408,181,18,4.5,4,20,21,21,24,7,0,0,0,0,0,0,0,1,0,14,17,-1,99,164,17,31,17,31,15,29,1260,2624,1330,2706,1330,2706,1540,2952,91,179,96,184,96,184,112,201,3,86,30,70,0,0,1,2,-1,-1,-1,-1,-1,-1,100323
卡克尔,409,181,18,4.5,4,20,21,21,24,7,0,0,0,0,0,0,0,1,0,16,18,-1,110,172,18,33,18,33,17,30,1404,2752,1482,2838,1482,2838,1716,3096,91,179,96,184,96,184,112,201,3,86,30,70,0,0,1,2,-1,-1,-1,-1,-1,-1,100323
巴克,410,182,20,4.5,4,17,26,19,27,7,0,0,0,0,0,0,0,1,0,1,1,-1,27,38,5,8,4,7,5,7,300,580,480,760,340,620,500,780,76,162,122,212,86,173,127,218,3,89,0,0,40,60,1,2,-1,-1,-1,-1,-1,-1,100324
巴克,411,182,20,4.5,4,17,26,19,27,7,0,0,0,0,0,0,0,1,0,11,14,-1,81,139,17,31,13,26,15,28,900,2088,1440,2736,1020,2232,1500,2808,76,162,122,212,86,173,127,218,3,89,0,0,40,60,1,2,-1,-1,-1,-1,-1,-1,100324
巴克,412,182,20,4.5,4,17,26,19,27,7,0,0,0,0,0,0,0,1,0,13,16,-1,92,155,19,34,15,29,17,31,1020,2320,1632,3040,1156,2480,1700,3120,76,162,122,212,86,173,127,218,3,89,0,0,40,60,1,2,-1,-1,-1,-1,-1,-1,100324
巴克,413,182,20,4.5,4,17,26,19,27,7,0,0,0,0,0,0,0,1,0,15,18,-1,103,170,22,38,17,32,19,34,1140,2552,1824,3344,1292,2728,1900,3432,76,162,122,212,86,173,127,218,3,89,0,0,40,60,1,2,-1,-1,-1,-1,-1,-1,100324
贝鲁卡,414,191,24,4.5,4,23,28,16,25,5,0,0,0,0,0,0,3,3,0,1,1,-1,37,51,7,10,4,8,5,8,504,840,624,960,336,672,552,888,102,189,127,216,68,151,112,199,2,92,60,40,0,0,1,2,-1,-1,-1,-1,-1,-1,100327
贝鲁卡,415,191,24,4.5,4,23,28,16,25,5,0,0,0,0,0,0,3,3,0,14,16,-1,119,180,23,38,15,29,17,31,1596,2940,1976,3360,1064,2352,1748,3108,102,189,127,216,68,151,112,199,2,92,60,40,0,0,1,2,-1,-1,-1,-1,-1,-1,100327
贝鲁卡,416,191,24,4.5,4,23,28,16,25,5,0,0,0,0,0,0,3,3,0,16,18,-1,131,197,26,41,17,32,19,34,1764,3220,2184,3680,1176,2576,1932,3404,102,189,127,216,68,151,112,199,2,92,60,40,0,0,1,2,-1,-1,-1,-1,-1,-1,100327
贝鲁卡,417,191,24,4.5,4,23,28,16,25,5,0,0,0,0,0,0,3,3,0,18,20,-1,144,215,28,45,18,34,21,37,1932,3500,2392,4000,1288,2800,2116,3700,102,189,127,216,68,151,112,199,2,92,60,40,0,0,1,2,-1,-1,-1,-1,-1,-1,100327
贝鲁伊卡,418,192,23,4.5,4,21,30,13,28,5,0,0,0,0,0,0,3,3,0,1,1,-1,34,48,7,10,4,7,5,9,437,759,644,966,253,575,598,920,93,178,137,226,53,135,127,216,2,92,0,0,30,70,1,2,-1,-1,-1,-1,-1,-1,100328
贝鲁伊卡,419,192,23,4.5,4,21,30,13,28,5,0,0,0,0,0,0,3,3,0,14,16,-1,113,173,24,39,13,26,19,33,1425,2739,2100,3486,825,2075,1950,3320,93,178,137,226,53,135,127,216,2,92,0,0,30,70,1,2,-1,-1,-1,-1,-1,-1,100328
贝鲁伊卡,420,192,23,4.5,4,21,30,13,28,5,0,0,0,0,0,0,3,3,0,16,18,-1,125,190,27,43,14,29,21,36,1577,3003,2324,3822,913,2275,2158,3640,93,178,137,226,53,135,127,216,2,92,0,0,30,70,1,2,-1,-1,-1,-1,-1,-1,100328
贝鲁伊卡,421,192,23,4.5,4,21,30,13,28,5,0,0,0,0,0,0,3,3,0,18,20,-1,137,206,29,46,15,31,23,39,1729,3267,2548,4158,1001,2475,2366,3960,93,178,137,226,53,135,127,216,2,92,0,0,30,70,1,2,-1,-1,-1,-1,-1,-1,100328
克邦凯斯,422,221,18,4.5,4,27,27,16,14,9,0,0,0,0,0,0,5,0,0,15,17,-1,119,179,22,36,14,28,8,21,1850,3198,1850,3198,1036,2296,888,2132,132,226,132,226,74,162,63,150,4,84,40,60,0,0,1,-1,-1,-1,-1,-1,-1,-1,100339
克邦凯斯,423,221,18,4.5,4,27,27,16,14,9,0,0,0,0,0,0,5,0,0,16,18,-1,125,188,23,38,15,29,9,22,1950,3354,1950,3354,1092,2408,936,2236,132,226,132,226,74,162,63,150,4,84,40,60,0,0,1,-1,-1,-1,-1,-1,-1,-1,100339
克邦凯斯,424,221,18,4.5,4,27,27,16,14,9,0,0,0,0,0,0,5,0,0,18,20,-1,138,205,25,41,17,32,10,24,2150,3666,2150,3666,1204,2632,1032,2444,132,226,132,226,74,162,63,150,4,84,40,60,0,0,1,-1,-1,-1,-1,-1,-1,-1,100339
邦恩吉,425,224,16,4.5,4,28,26,15,14,9,0,0,0,0,20,0,5,0,0,15,17,-1,117,176,20,34,13,26,8,20,1872,3200,1728,3040,936,2160,864,2080,137,232,127,220,68,156,63,150,4,83,20,80,0,0,1,100,-1,-1,-1,-1,-1,-1,100342
邦恩吉,426,224,16,4.5,4,28,26,15,14,9,0,0,0,0,20,0,5,0,0,16,18,-1,123,185,22,36,14,28,9,21,1976,3360,1824,3192,988,2268,912,2184,137,232,127,220,68,156,63,150,4,83,20,80,0,0,1,100,-1,-1,-1,-1,-1,-1,100342
邦恩吉,427,224,16,4.5,4,28,26,15,14,9,0,0,0,0,20,0,5,0,0,18,20,-1,136,203,24,40,16,30,10,23,2184,3680,2016,3496,1092,2484,1008,2392,137,232,127,220,68,156,63,150,4,83,20,80,0,0,1,100,-1,-1,-1,-1,-1,-1,100342
克雷尔,428,101,19,4.5,4,19,18,20,22,11,0,0,0,0,0,0,0,1,0,10,12,-1,72,119,11,22,12,23,11,21,935,1953,880,1890,990,2016,1100,2142,93,186,88,180,99,192,110,204,5,79,60,40,0,0,1,2,-1,-1,-1,-1,-1,-1,100291
克洛尔,429,103,18,4.5,4,18,20,18,24,9,0,0,0,0,0,0,0,1,0,10,12,-1,70,116,12,23,11,22,11,22,864,1860,972,1984,864,1860,1188,2232,84,174,95,185,84,174,116,208,4,80,0,40,60,0,1,2,-1,-1,-1,-1,-1,-1,100293
里斯基,430,104,17,4.5,4,19,16,19,23,11,0,0,0,0,0,0,0,1,0,10,12,-1,68,114,10,20,11,22,11,21,901,1891,742,1708,901,1891,1113,2135,93,186,77,168,93,186,115,210,5,77,20,80,0,0,1,2,-1,-1,-1,-1,-1,-1,100294
多利诺布斯,431,211,12,4.5,4,26,21,26,12,7,0,0,0,0,0,0,1,0,0,6,9,-1,50,95,7,17,9,19,3,10,768,1672,608,1452,768,1672,320,1056,122,212,96,184,122,212,51,134,3,85,0,30,70,0,1,2,-1,-1,-1,-1,-1,-1,100335
尼可斯,432,62,18,4.5,4,24,20,20,17,9,0,0,0,0,0,0,0,3,0,6,9,-1,56,103,8,18,8,18,5,14,836,1800,684,1600,684,1600,570,1450,116,208,95,185,95,185,79,168,4,81,40,60,0,0,1,2,-1,-1,-1,-1,-1,-1,100276
布伊比,433,14,16,4.5,4,32,26,15,18,5,0,0,0,0,0,0,2,0,0,1,1,-1,29,38,4,7,3,5,2,4,480,704,384,608,208,432,256,480,147,237,117,205,63,145,78,162,2,91,0,40,60,0,1,3,-1,-1,-1,-1,-1,-1,100257
布伊比,434,14,16,4.5,4,32,26,15,18,5,0,0,0,0,0,0,2,0,0,8,10,-1,80,125,13,22,8,17,7,15,1320,2288,1056,1976,572,1404,704,1560,147,237,117,205,63,145,78,162,2,91,0,40,60,0,1,3,-1,-1,-1,-1,-1,-1,100257
乌宝宝,435,31,13,4.5,4,17,20,10,32,11,0,0,0,0,0,0,0,1,0,10,12,-1,61,104,10,20,6,15,14,25,735,1653,882,1824,392,1254,1470,2508,82,174,99,192,44,132,165,264,5,79,30,0,0,70,1,2,-1,-1,-1,-1,-1,-1,100263
威威,436,32,15,4.5,4,18,21,7,33,11,0,0,0,0,0,0,0,1,0,10,12,-1,65,110,11,22,5,14,15,26,816,1770,969,1947,255,1121,1581,2655,88,180,104,198,27,114,170,270,5,79,0,0,60,40,1,2,-1,-1,-1,-1,-1,-1,100264
乌卡鲁,437,33,17,4.5,4,23,19,11,26,11,0,0,0,0,0,0,0,1,0,10,12,-1,76,123,11,22,7,17,12,23,1113,2135,901,1891,477,1403,1272,2318,115,210,93,186,49,138,132,228,5,79,30,70,0,0,1,2,-1,-1,-1,-1,-1,-1,100265
海主人,438,243,21,4.5,4,34,19,26,9,7,0,0,0,0,0,0,0,0,0,1,1,-1,39,51,4,7,6,9,1,4,672,966,357,651,504,798,147,441,163,257,86,173,122,212,35,117,3,88,20,80,0,0,1,2,110,-1,-1,-1,-1,-1,100349
海主人,439,243,21,4.5,4,34,19,26,9,7,0,0,0,0,0,0,0,0,0,18,20,-1,165,236,20,36,26,42,6,20,2848,4462,1513,3007,2136,3686,623,2037,163,257,86,173,122,212,35,117,3,88,20,80,0,0,1,2,110,-1,-1,-1,-1,-1,100349
加克拉,442,222,22,4.5,4,26,30,14,16,7,0,0,0,0,0,0,5,0,0,1,1,-1,35,47,7,10,4,7,3,6,528,836,616,924,264,572,308,616,122,212,142,235,61,145,71,156,3,86,0,50,50,0,1,-1,-1,-1,-1,-1,-1,-1,100340
加克拉,443,222,22,4.5,4,26,30,14,16,7,0,0,0,0,0,0,5,0,0,18,22,-1,144,231,29,50,16,34,12,29,2160,4028,2520,4452,1080,2756,1260,2968,122,212,142,235,61,145,71,156,3,86,0,50,50,0,1,-1,-1,-1,-1,-1,-1,-1,100340
加格,446,223,23,4.5,4,30,27,13,16,7,0,0,0,0,0,0,5,0,0,1,1,-1,39,52,6,10,4,7,3,6,644,966,575,897,253,575,322,644,142,235,127,218,56,140,71,156,3,86,0,100,0,0,1,50,-1,-1,-1,-1,-1,-1,100341
加格,447,223,23,4.5,4,30,27,13,16,7,0,0,0,0,0,0,5,0,0,18,22,-1,156,246,27,47,15,34,12,29,2548,4494,2275,4173,1001,2675,1274,2996,142,235,127,218,56,140,71,156,3,86,0,100,0,0,1,50,-1,-1,-1,-1,-1,-1,100341
乌力乌力,450,2,20,4.5,4,22,23,11,23,11,0,0,0,0,0,0,1,1,0,20,30,-1,135,270,24,54,14,39,20,47,1920,4624,2016,4760,864,3128,2016,4760,110,204,115,210,49,138,115,210,5,79,0,40,60,0,1,2,-1,-1,-1,-1,-1,-1,100251
威伯,451,34,20,4.5,4,17,18,15,29,11,0,0,0,0,0,0,0,1,0,20,30,-1,120,250,19,47,17,44,25,55,1440,3944,1536,4080,1248,3672,2592,5576,82,174,88,180,71,162,148,246,5,79,60,0,0,40,1,2,-1,-1,-1,-1,-1,-1,100266
克克尔,452,102,20,4.5,4,20,18,17,24,11,0,0,0,0,0,0,0,1,0,20,30,-1,129,262,20,48,19,46,21,48,1728,4352,1536,4080,1440,3944,2112,4896,99,192,88,180,82,174,121,216,5,79,0,70,30,0,1,2,-1,-1,-1,-1,-1,-1,100292
凯比,453,112,20,4.5,4,14,19,19,27,11,0,0,0,0,0,0,2,0,0,20,30,-1,112,238,20,49,20,49,24,53,1152,3536,1632,4216,1632,4216,2400,5304,66,156,93,186,93,186,137,234,5,79,20,0,0,80,1,2,-1,-1,-1,-1,-1,-1,100296
加美,455,21,22,4.5,4,22,23,19,23,7,0,0,0,0,0,0,0,1,0,1,1,-1,32,45,5,8,4,8,4,7,440,748,462,770,374,682,462,770,102,190,107,196,86,173,107,196,3,87,0,0,60,40,1,2,-1,-1,-1,-1,-1,-1,100259
加美,456,21,22,4.5,4,22,23,19,23,7,0,0,0,0,0,0,0,1,0,25,28,-1,175,269,30,52,26,48,24,45,2360,4420,2478,4550,2006,4030,2478,4550,102,190,107,196,86,173,107,196,3,87,0,0,60,40,1,2,-1,-1,-1,-1,-1,-1,100259
加比,457,22,20,4.5,4,21,22,18,28,7,20,0,0,0,0,0,0,1,0,1,1,-1,29,41,5,7,4,7,5,8,380,660,400,680,320,600,520,800,96,184,102,190,81,168,132,224,3,89,50,0,0,50,1,60,-1,-1,-1,-1,-1,-1,100260
加比,458,22,20,4.5,4,21,22,18,28,7,20,0,0,0,0,0,0,1,0,28,30,-1,189,280,32,54,27,49,33,54,2432,4488,2560,4624,2048,4080,3328,5440,96,184,102,190,81,168,132,224,3,89,50,0,0,50,1,60,-1,-1,-1,-1,-1,-1,100260
鲍,459,183,17,4.5,4,16,23,20,28,7,0,0,0,0,0,0,0,1,0,1,1,-1,22,32,4,6,3,6,4,6,238,476,357,595,306,544,442,680,71,156,107,196,91,179,132,224,3,87,20,0,0,80,1,2,-1,-1,-1,-1,-1,-1,100325
鲍,460,183,17,4.5,4,16,23,20,28,7,0,0,0,0,0,0,0,1,0,10,13,-1,69,122,13,26,12,24,13,26,742,1820,1113,2275,954,2080,1378,2600,71,156,107,196,91,179,132,224,3,87,20,0,0,80,1,2,-1,-1,-1,-1,-1,-1,100325
鲍,461,183,17,4.5,4,16,23,20,28,7,0,0,0,0,0,0,0,1,0,12,15,-1,79,137,15,29,14,27,15,29,854,2044,1281,2555,1098,2336,1586,2920,71,156,107,196,91,179,132,224,3,87,20,0,0,80,1,2,-1,-1,-1,-1,-1,-1,100325
卡拉卡利,462,184,17,4.5,4,15,23,23,26,7,0,0,0,0,0,0,0,1,0,1,1,-1,21,31,4,6,4,6,4,6,221,459,357,595,357,595,408,646,66,151,107,196,107,196,122,212,3,87,70,0,0,30,1,2,-1,-1,-1,-1,-1,-1,100326
卡拉卡利,463,184,17,4.5,4,15,23,23,26,7,0,0,0,0,0,0,0,1,0,10,13,-1,67,120,13,26,13,26,12,24,689,1755,1113,2275,1113,2275,1272,2470,66,151,107,196,107,196,122,212,3,87,70,0,0,30,1,2,-1,-1,-1,-1,-1,-1,100326
卡拉卡利,464,184,17,4.5,4,15,23,23,26,7,0,0,0,0,0,0,0,1,0,12,15,-1,78,135,15,29,15,29,14,27,793,1971,1281,2555,1281,2555,1464,2774,66,151,107,196,107,196,122,212,3,87,70,0,0,30,1,2,-1,-1,-1,-1,-1,-1,100326
卡拉宝斯,465,172,19,4.5,4,28,23,26,14,5,0,0,0,0,0,0,0,5,0,1,1,-1,32,43,5,7,5,8,2,4,494,760,399,665,456,722,228,494,127,216,102,189,117,205,58,140,2,91,30,70,0,0,1,2,-1,-1,-1,-1,-1,-1,100320
卡拉宝斯,466,172,19,4.5,4,28,23,26,14,5,0,0,0,0,0,0,0,5,0,10,13,-1,94,153,14,27,16,29,6,17,1430,2680,1155,2345,1320,2546,660,1742,127,216,102,189,117,205,58,140,2,91,30,70,0,0,1,2,-1,-1,-1,-1,-1,-1,100320
卡拉宝斯,467,172,19,4.5,4,28,23,26,14,5,0,0,0,0,0,0,0,5,0,12,14,-1,107,162,17,29,18,31,7,18,1638,2840,1323,2485,1512,2698,756,1846,127,216,102,189,117,205,58,140,2,91,30,70,0,0,1,2,-1,-1,-1,-1,-1,-1,100320
卡拉宝斯,468,172,19,4.5,4,28,23,26,14,5,0,0,0,0,0,0,0,5,0,13,15,-1,114,171,18,31,19,33,8,19,1742,3000,1407,2625,1608,2850,804,1950,127,216,102,189,117,205,58,140,2,91,30,70,0,0,1,2,-1,-1,-1,-1,-1,-1,100320
可利多洛斯,469,333,19,4.5,4,24,20,22,20,7,0,0,0,0,0,0,1,0,0,1,1,-1,29,40,4,7,4,7,3,6,418,684,342,608,380,646,342,608,112,201,91,179,102,190,91,179,3,86,70,30,0,0,1,2,-1,-1,-1,-1,-1,-1,100386
可利多洛斯,470,333,19,4.5,4,24,20,22,20,7,0,0,0,0,0,0,1,0,0,10,13,-1,84,142,12,25,13,26,9,21,1210,2412,990,2144,1100,2278,990,2144,112,201,91,179,102,190,91,179,3,86,70,30,0,0,1,2,-1,-1,-1,-1,-1,-1,100386
可利多洛斯,471,333,19,4.5,4,24,20,22,20,7,0,0,0,0,0,0,1,0,0,12,14,-1,97,150,14,27,16,28,11,22,1386,2556,1134,2272,1260,2414,1134,2272,112,201,91,179,102,190,91,179,3,86,70,30,0,0,1,2,-1,-1,-1,-1,-1,-1,100386
可利多洛斯,472,333,19,4.5,4,24,20,22,20,7,0,0,0,0,0,0,1,0,0,13,15,-1,103,159,15,28,17,29,12,24,1474,2700,1206,2400,1340,2550,1206,2400,112,201,91,179,102,190,91,179,3,86,70,30,0,0,1,2,-1,-1,-1,-1,-1,-1,100386
黑乌力,475,5,20,4.5,4,22,22,24,27,-1,0,0,0,0,0,0,10,10,1,1,1,-1,31,43,5,8,5,8,5,7,400,680,400,680,440,720,500,780,94,176,94,176,103,187,117,202,1,95,50,0,0,50,1,2,-1,-1,-1,-1,-1,-1,100388
柏克尔,476,65,19,4.5,4,21,22,19,23,7,0,0,0,0,0,0,0,3,0,1,1,-1,27,38,4,7,4,7,3,6,361,627,380,646,323,589,399,665,96,184,102,190,86,173,107,196,3,85,0,0,20,80,1,2,-1,-1,-1,-1,-1,-1,100393
洛克斯,477,85,20,4.5,4,19,27,43,10,-1,0,0,0,30,0,0,1,0,1,1,1,-1,30,42,6,9,9,12,1,4,340,620,500,780,820,1100,160,440,79,161,117,202,192,286,37,114,1,99,50,0,0,50,1,2,-1,-1,-1,-1,-1,-1,100389
阿伊萨,478,86,22,4.5,4,27,19,37,6,7,0,0,0,0,0,0,1,0,0,1,1,-1,36,49,5,8,8,11,0,3,550,858,374,682,770,1078,88,396,127,218,86,173,178,274,20,100,3,89,50,50,0,0,1,2,-1,-1,-1,-1,-1,-1,100390
格洛格鲁,479,87,22,4.5,4,28,24,31,6,7,0,0,0,0,0,0,1,0,0,1,1,-1,37,49,6,9,7,10,0,3,572,880,484,792,638,946,88,396,132,224,112,201,147,240,20,100,3,89,0,60,40,0,1,2,-1,-1,-1,-1,-1,-1,100391
朵洛将恩,480,88,20,4.5,4,25,20,36,12,5,0,0,0,0,0,0,1,0,0,1,1,-1,32,44,4,7,7,10,2,4,460,740,360,640,680,960,200,480,112,199,88,172,166,259,49,129,2,93,20,0,0,80,1,2,-1,-1,-1,-1,-1,-1,100392
布鲁顿,481,95,25,4.5,4,25,35,14,24,3,0,0,0,0,0,0,5,0,0,1,1,-1,42,56,9,13,4,8,5,9,575,925,825,1175,300,650,550,900,108,192,155,244,56,135,103,187,1,98,0,0,20,80,1,2,-1,-1,-1,-1,-1,-1,100394
布鲁宝,482,175,20,4.5,4,23,25,24,20,5,0,0,0,0,0,0,0,5,0,1,1,-1,31,43,5,8,5,8,3,6,420,700,460,740,440,720,360,640,102,189,112,199,107,194,88,172,2,92,0,0,40,60,1,2,-1,-1,-1,-1,-1,-1,100395
邦恩多斯,483,255,28,4.5,4,37,30,27,10,1,0,0,0,0,0,0,5,0,0,1,1,-1,59,75,9,13,9,13,2,6,980,1372,784,1176,700,1092,224,616,157,245,126,210,112,195,36,110,0,104,0,0,20,80,1,2,-1,-1,-1,-1,-1,-1,100396
邦达霍恩,484,315,30,4.5,4,20,28,20,32,-3,5,5,5,5,5,5,0,5,2,1,1,-1,46,64,9,13,7,11,9,13,540,960,780,1200,540,960,900,1320,81,160,117,200,81,160,135,220,0,100,0,0,50,50,1,2,-1,-1,-1,-1,-1,-1,100430
卡梅兰恩,499,53,12,4.5,4,20,21,33,10,9,0,0,0,0,0,0,0,0,0,1,1,-1,16,23,2,4,4,6,0,2,216,384,228,396,372,540,96,264,95,185,100,191,164,261,42,127,4,84,0,0,80,20,1,2,10,-1,-1,-1,-1,-1,100273
卡梅兰恩,500,53,12,4.5,4,20,21,33,10,9,0,0,0,0,0,0,0,0,0,140,180,-1,795,1441,140,286,202,364,45,160,10224,23296,10792,24024,17608,32760,4544,16016,95,185,100,191,164,261,42,127,4,84,0,0,80,20,1,2,10,-1,-1,-1,-1,-1,100273
卡梅兰恩,501,53,12,4.5,4,20,21,33,10,9,0,0,0,0,0,0,0,0,0,140,188,-1,795,1504,140,298,202,380,45,167,10224,24320,10792,25080,17608,34200,4544,16720,95,185,100,191,164,261,42,127,4,84,0,0,80,20,1,2,10,-1,-1,-1,-1,-1,100273
石龟,502,54,20,4.5,4,21,19,41,8,7,0,0,-20,65,0,0,0,0,0,1,1,-1,29,41,4,7,8,11,1,4,380,660,340,620,780,1060,120,400,96,184,86,173,198,296,30,112,3,89,90,0,0,10,1,2,80,-1,-1,-1,-1,-1,100274
石龟,503,54,20,4.5,4,21,19,41,8,7,0,0,-20,65,0,0,0,0,0,140,180,-1,852,1516,135,280,249,426,34,147,10944,24288,9792,22816,22464,39008,3456,14720,96,184,86,173,198,296,30,112,3,89,90,0,0,10,1,2,80,-1,-1,-1,-1,-1,100274
石龟,504,54,20,4.5,4,21,19,41,8,7,0,0,-20,65,0,0,0,0,0,140,190,-1,852,1598,135,295,249,449,34,155,10944,25608,9792,24056,22464,41128,3456,15520,96,184,86,173,198,296,30,112,3,89,90,0,0,10,1,2,80,-1,-1,-1,-1,-1,100274
卡达鲁卡斯,505,81,22,4.5,4,25,23,40,6,5,0,0,0,0,0,0,1,0,0,1,1,-1,36,49,6,9,9,12,0,3,506,814,462,770,836,1144,88,396,112,199,102,189,186,280,19,97,2,94,100,0,0,0,1,2,-1,-1,-1,-1,-1,-1,100283
卡达鲁卡斯,506,81,22,4.5,4,25,23,40,6,5,0,0,0,0,0,0,1,0,0,10,11,-1,95,138,16,26,24,35,2,11,1334,2294,1218,2170,2204,3224,232,1116,112,199,102,189,186,280,19,97,2,94,100,0,0,0,1,2,-1,-1,-1,-1,-1,-1,100283
卡达鲁卡斯,507,81,22,4.5,4,25,23,40,6,5,0,0,0,0,0,0,1,0,0,11,13,-1,102,156,17,29,26,40,2,12,1426,2590,1302,2450,2356,3640,248,1260,112,199,102,189,186,280,19,97,2,94,100,0,0,0,1,2,-1,-1,-1,-1,-1,-1,100283
卡达鲁卡斯,508,81,22,4.5,4,25,23,40,6,5,0,0,0,0,0,0,1,0,0,14,15,-1,122,173,20,32,31,44,2,14,1702,2886,1554,2730,2812,4056,296,1404,112,199,102,189,186,280,19,97,2,94,100,0,0,0,1,2,-1,-1,-1,-1,-1,-1,100283
柯伊达,509,82,22,4.5,4,25,21,39,5,5,0,0,0,0,0,0,1,0,0,1,1,-1,35,48,5,8,9,12,0,3,506,814,418,726,814,1122,66,374,112,199,93,178,181,275,14,91,2,90,80,20,0,0,1,2,-1,-1,-1,-1,-1,-1,100284
柯伊达,510,82,22,4.5,4,25,21,39,5,5,0,0,0,0,0,0,1,0,0,10,11,-1,93,135,14,24,24,34,1,10,1334,2294,1102,2046,2146,3162,174,1054,112,199,93,178,181,275,14,91,2,90,80,20,0,0,1,2,-1,-1,-1,-1,-1,-1,100284
柯伊达,511,82,22,4.5,4,25,21,39,5,5,0,0,0,0,0,0,1,0,0,12,13,-1,106,153,16,28,27,39,1,11,1518,2590,1254,2310,2442,3570,198,1190,112,199,93,178,181,275,14,91,2,90,80,20,0,0,1,2,-1,-1,-1,-1,-1,-1,100284
柯伊达,512,82,22,4.5,4,25,21,39,5,5,0,0,0,0,0,0,1,0,0,14,15,-1,119,170,18,31,30,43,2,13,1702,2886,1406,2574,2738,3978,222,1326,112,199,93,178,181,275,14,91,2,90,80,20,0,0,1,2,-1,-1,-1,-1,-1,-1,100284
柯洛加斯,520,83,17,4.5,4,26,24,37,7,5,0,0,0,0,0,0,0,1,0,1,1,-1,28,38,4,7,6,9,0,3,408,646,374,612,595,833,85,323,117,205,107,194,171,264,24,102,2,94,0,40,60,0,1,2,-1,-1,-1,-1,-1,-1,100285
柯洛加斯,521,83,17,4.5,4,26,24,37,7,5,0,0,0,0,0,0,0,1,0,25,28,-1,189,282,32,53,45,68,5,23,2712,4750,2486,4500,3955,6125,565,2375,117,205,107,194,171,264,24,102,2,94,0,40,60,0,1,2,-1,-1,-1,-1,-1,-1,100285
柯洛加斯,522,83,17,4.5,4,26,24,37,7,5,0,0,0,0,0,0,0,1,0,27,30,-1,203,300,34,57,48,72,6,25,2904,5054,2662,4788,4235,6517,605,2527,117,205,107,194,171,264,24,102,2,94,0,40,60,0,1,2,-1,-1,-1,-1,-1,-1,100285
兰贝鲁斯,523,332,21,4.5,4,26,21,21,22,5,0,0,0,0,0,0,1,0,0,1,1,-1,34,46,5,8,5,8,4,7,504,798,399,693,399,693,420,714,117,205,93,178,93,178,98,183,2,90,0,70,30,0,1,2,-1,-1,-1,-1,-1,-1,100385
兰贝鲁斯,524,332,21,4.5,4,26,21,21,22,5,0,0,0,0,0,0,1,0,0,25,28,-1,191,286,29,50,29,50,23,43,2808,4902,2223,4257,2223,4257,2340,4386,117,205,93,178,93,178,98,183,2,90,0,70,30,0,1,2,-1,-1,-1,-1,-1,-1,100385
兰贝鲁斯,525,332,21,4.5,4,26,21,21,22,5,0,0,0,0,0,0,1,0,0,27,30,-1,205,304,31,53,31,53,25,46,3000,5206,2375,4521,2375,4521,2500,4658,117,205,93,178,93,178,98,183,2,90,0,70,30,0,1,2,-1,-1,-1,-1,-1,-1,100385
贝洛宝利,530,44,22,4.5,4,29,16,30,15,5,0,0,0,0,0,30,0,0,0,1,1,-1,38,50,4,7,7,10,2,5,594,902,308,616,616,924,286,594,132,221,68,151,137,226,63,145,2,90,0,30,70,0,1,2,90,-1,-1,-1,-1,-1,100270
贝洛宝利,531,44,22,4.5,4,29,16,30,15,5,0,0,0,0,0,30,0,0,0,30,31,-1,238,328,28,49,45,67,17,38,3726,5822,1932,3976,3864,5964,1794,3834,132,221,68,151,137,226,63,145,2,90,0,30,70,0,1,2,90,-1,-1,-1,-1,-1,100270
贝洛宝利,532,44,22,4.5,4,29,16,30,15,5,0,0,0,0,0,30,0,0,0,32,33,-1,252,346,30,52,48,71,18,40,3942,6150,2044,4200,4088,6300,1898,4050,132,221,68,151,137,226,63,145,2,90,0,30,70,0,1,2,90,-1,-1,-1,-1,-1,100270
贝洛宝利,533,44,22,4.5,4,29,16,30,15,5,0,0,0,0,0,30,0,0,0,34,35,-1,266,364,31,55,51,75,20,42,4158,6478,2156,4424,4312,6636,2002,4266,132,221,68,151,137,226,63,145,2,90,0,30,70,0,1,2,90,-1,-1,-1,-1,-1,100270
多洛加,534,174,21,4.5,4,25,26,25,16,5,0,0,0,0,0,20,0,5,0,1,1,-1,34,46,6,9,6,9,2,5,483,777,504,798,483,777,294,588,112,199,117,205,112,199,68,151,2,92,0,30,70,0,1,2,90,-1,-1,-1,-1,-1,100322
多洛加,535,174,21,4.5,4,25,26,25,16,5,0,0,0,0,0,20,0,5,0,30,31,-1,223,311,40,62,39,61,19,39,3151,5217,3288,5358,3151,5217,1918,3948,112,199,117,205,112,199,68,151,2,92,0,30,70,0,1,2,90,-1,-1,-1,-1,-1,100322
多洛加,536,174,21,4.5,4,25,26,25,16,5,0,0,0,0,0,20,0,5,0,32,33,-1,236,329,43,66,41,64,20,41,3335,5513,3480,5662,3335,5513,2030,4172,112,199,117,205,112,199,68,151,2,92,0,30,70,0,1,2,90,-1,-1,-1,-1,-1,100322
多洛加,537,174,21,4.5,4,25,26,25,16,5,0,0,0,0,0,20,0,5,0,34,35,-1,249,346,45,69,44,68,21,43,3519,5809,3672,5966,3519,5809,2142,4396,112,199,117,205,112,199,68,151,2,92,0,30,70,0,1,2,90,-1,-1,-1,-1,-1,100322
邦洛洛克斯,540,331,22,4.5,4,24,19,24,18,7,0,0,0,0,0,0,1,0,0,25,26,-1,180,257,26,45,32,50,18,36,2596,4392,2006,3782,2596,4392,1888,3660,112,201,86,173,112,201,81,168,3,85,40,60,0,0,1,2,-1,-1,-1,-1,-1,-1,100384
邦洛洛克斯,541,331,22,4.5,4,24,19,24,18,7,0,0,0,0,0,0,1,0,0,27,28,-1,192,274,28,48,34,54,20,39,2772,4680,2142,4030,2772,4680,2016,3900,112,201,86,173,112,201,81,168,3,85,40,60,0,0,1,2,-1,-1,-1,-1,-1,-1,100384
兰贝鲁斯,542,332,21,4.5,4,26,21,21,22,5,0,0,0,0,0,0,1,0,0,26,27,-1,198,277,30,49,30,49,24,42,2904,4750,2299,4125,2299,4125,2420,4250,117,205,93,178,93,178,98,183,2,90,0,70,30,0,1,2,-1,-1,-1,-1,-1,-1,100385
兰贝鲁斯,543,332,21,4.5,4,26,21,21,22,5,0,0,0,0,0,0,1,0,0,28,29,-1,211,295,31,52,31,52,25,45,3096,5054,2451,4389,2451,4389,2580,4522,117,205,93,178,93,178,98,183,2,90,0,70,30,0,1,2,-1,-1,-1,-1,-1,-1,100385
可利多洛斯,544,333,19,4.5,4,24,20,22,20,7,0,0,0,0,0,0,1,0,0,27,28,-1,189,269,29,48,31,50,22,40,2706,4572,2214,4064,2460,4318,2214,4064,112,201,91,179,102,190,91,179,3,86,70,30,0,0,1,2,-1,-1,-1,-1,-1,-1,100386
可利多洛斯,545,333,19,4.5,4,24,20,22,20,7,0,0,0,0,0,0,1,0,0,29,30,-1,201,286,30,51,33,53,23,43,2882,4860,2358,4320,2620,4590,2358,4320,112,201,91,179,102,190,91,179,3,86,70,30,0,0,1,2,-1,-1,-1,-1,-1,-1,100386
尼可斯,723,62,18,4.5,4,24,20,20,17,9,0,0,0,0,0,0,0,3,0,10,12,-1,80,128,12,23,12,23,8,17,1188,2232,972,1984,972,1984,810,1798,116,208,95,185,95,185,79,168,4,81,40,60,0,0,1,2,-1,-1,-1,-1,-1,-1,100276
尼可斯,724,62,18,4.5,4,24,20,20,17,9,0,0,0,0,0,0,0,3,0,12,14,-1,92,144,14,26,14,26,9,20,1364,2520,1116,2240,1116,2240,930,2030,116,208,95,185,95,185,79,168,4,81,40,60,0,0,1,2,-1,-1,-1,-1,-1,-1,100276
尼可斯,725,62,18,4.5,4,24,20,20,17,9,0,0,0,0,0,0,0,3,0,14,16,-1,104,161,16,29,16,29,10,22,1540,2808,1260,2496,1260,2496,1050,2262,116,208,95,185,95,185,79,168,4,81,40,60,0,0,1,2,-1,-1,-1,-1,-1,-1,100276
贝洛宝克尔,726,43,23,4.5,4,30,13,31,14,7,0,0,0,30,0,0,0,0,0,1,1,-1,40,53,4,7,7,11,2,5,644,966,253,575,667,989,276,598,142,235,56,140,147,240,61,145,3,88,30,70,0,0,1,2,80,-1,-1,-1,-1,-1,100269
贝洛宝克尔,727,43,23,4.5,4,30,13,31,14,7,0,0,0,30,0,0,0,0,0,13,15,-1,123,183,12,25,24,38,8,20,1988,3318,781,1975,2059,3397,852,2054,142,235,56,140,147,240,61,145,3,88,30,70,0,0,1,2,80,-1,-1,-1,-1,-1,100269
贝洛宝克尔,728,43,23,4.5,4,30,13,31,14,7,0,0,0,30,0,0,0,0,0,15,17,-1,137,201,14,28,26,42,9,22,2212,3654,869,2175,2291,3741,948,2262,142,235,56,140,147,240,61,145,3,88,30,70,0,0,1,2,80,-1,-1,-1,-1,-1,100269
贝洛宝克尔,729,43,23,4.5,4,30,13,31,14,7,0,0,0,30,0,0,0,0,0,17,19,-1,151,220,15,30,29,46,10,24,2436,3990,957,2375,2523,4085,1044,2470,142,235,56,140,147,240,61,145,3,88,30,70,0,0,1,2,80,-1,-1,-1,-1,-1,100269
邦恩吉,731,224,16,4.5,4,28,26,15,14,9,0,0,0,0,20,0,5,0,0,15,25,-1,117,247,20,48,13,37,8,29,1872,4480,1728,4256,936,3024,864,2912,137,232,127,220,68,156,63,150,4,83,20,80,0,0,1,100,-1,-1,-1,-1,-1,-1,100342
格鲁西斯,973,193,21,4.5,4,20,30,13,28,5,0,0,0,0,0,0,3,3,0,1,1,-1,30,43,6,9,3,6,5,8,378,672,588,882,231,525,546,840,88,172,137,226,53,135,127,216,2,91,0,0,80,20,1,2,-1,-1,-1,-1,-1,-1,100329
格鲁西斯,974,193,21,4.5,4,20,30,13,28,5,0,0,0,0,0,0,3,3,0,40,42,-1,260,379,57,87,30,59,46,74,3186,5920,4956,7770,1947,4625,4602,7400,88,172,137,226,53,135,127,216,2,91,0,0,80,20,1,2,-1,-1,-1,-1,-1,-1,100329
格鲁西斯,975,193,21,4.5,4,20,30,13,28,5,0,0,0,0,0,0,3,3,0,41,43,-1,266,387,59,89,31,60,47,75,3258,6048,5068,7938,1991,4725,4706,7560,88,172,137,226,53,135,127,216,2,91,0,0,80,20,1,2,-1,-1,-1,-1,-1,-1,100329
格尔顿,976,141,28,4.5,4,28,28,26,18,1,0,0,0,0,0,0,5,0,0,1,1,-1,50,66,9,13,8,12,4,8,728,1120,728,1120,672,1064,448,840,117,200,117,200,108,190,72,150,0,100,100,0,0,0,1,2,-1,-1,-1,-1,-1,-1,100307
格尔顿,977,141,28,4.5,4,28,28,26,18,1,0,0,0,0,0,0,5,0,0,40,42,-1,331,456,59,89,56,86,29,57,4784,7680,4784,7680,4416,7296,2944,5760,117,200,117,200,108,190,72,150,0,100,100,0,0,0,1,2,-1,-1,-1,-1,-1,-1,100307
格尔顿,978,141,28,4.5,4,28,28,26,18,1,0,0,0,0,0,0,5,0,0,41,43,-1,338,466,60,91,57,88,30,58,4888,7840,4888,7840,4512,7448,3008,5880,117,200,117,200,108,190,72,150,0,100,100,0,0,0,1,2,-1,-1,-1,-1,-1,-1,100307
邦浦洛斯,979,93,27,4.5,4,25,37,15,21,3,0,0,0,0,0,0,5,0,0,1,1,-1,45,61,10,14,5,9,5,8,621,999,945,1323,351,729,513,891,108,192,164,254,61,140,89,171,1,98,0,0,50,50,1,2,-1,-1,-1,-1,-1,-1,100289
邦浦洛斯,980,93,27,4.5,4,25,37,15,21,3,0,0,0,0,0,0,5,0,0,43,45,-1,329,460,78,110,39,70,37,66,4485,7511,6825,9947,2535,5481,3705,6699,108,192,164,254,61,140,89,171,1,98,0,0,50,50,1,2,-1,-1,-1,-1,-1,-1,100289
布鲁顿,981,95,25,4.5,4,25,35,14,24,3,0,0,0,0,0,0,5,0,0,1,1,-1,42,56,9,13,4,8,5,9,575,925,825,1175,300,650,550,900,108,192,155,244,56,135,103,187,1,98,0,0,20,80,1,2,-1,-1,-1,-1,-1,-1,100394
布鲁顿,982,95,25,4.5,4,25,35,14,24,3,0,0,0,0,0,0,5,0,0,43,45,-1,326,456,73,105,37,67,42,72,4439,7437,6369,9447,2316,5226,4246,7236,108,192,155,244,56,135,103,187,1,98,0,0,20,80,1,2,-1,-1,-1,-1,-1,-1,100394
扬奇洛斯,983,92,29,4.5,4,27,36,16,20,3,0,0,0,0,0,0,5,0,0,1,1,-1,51,67,11,15,6,10,5,9,725,1131,986,1392,406,812,522,928,117,202,159,249,65,145,84,166,1,99,0,30,70,0,1,2,-1,-1,-1,-1,-1,-1,100288
扬奇洛斯,984,92,29,4.5,4,27,36,16,20,3,0,0,0,0,0,0,5,0,0,44,46,-1,353,489,78,112,42,74,36,66,5025,8151,6834,10032,2814,5852,3618,6688,117,202,159,249,65,145,84,166,1,99,0,30,70,0,1,2,-1,-1,-1,-1,-1,-1,100288
邦奇诺,985,94,26,4.5,4,24,38,16,20,3,0,0,0,0,0,0,5,0,0,1,1,-1,43,58,10,14,5,9,4,8,572,936,936,1300,364,728,468,832,103,187,169,260,65,145,84,166,1,98,0,0,100,0,1,2,-1,-1,-1,-1,-1,-1,100290
邦奇诺,986,94,26,4.5,4,24,38,16,20,3,0,0,0,0,0,0,5,0,0,44,46,-1,328,461,81,114,41,73,35,65,4356,7416,7128,10300,2772,5768,3564,6592,103,187,169,260,65,145,84,166,1,98,0,0,100,0,1,2,-1,-1,-1,-1,-1,-1,100290
玛摩那斯,987,263,26,4.5,4,51,25,12,10,3,0,0,0,0,0,0,5,0,0,1,1,-1,64,79,7,11,4,8,2,5,1274,1638,598,962,260,624,208,572,230,327,108,192,47,124,37,114,1,98,70,30,0,0,1,2,-1,-1,-1,-1,-1,-1,100357
玛摩那斯,988,263,26,4.5,4,51,25,12,10,3,0,0,0,0,0,0,5,0,0,48,50,-1,528,677,63,98,38,72,17,48,10486,13986,4922,8214,2140,5328,1712,4884,230,327,108,192,47,124,37,114,1,98,70,30,0,0,1,2,-1,-1,-1,-1,-1,-1,100357
玛恩摩洛斯,989,264,25,4.5,4,51,26,12,11,1,0,0,0,0,0,0,5,0,0,1,1,-1,62,76,7,11,4,8,2,5,1225,1575,600,950,250,600,225,575,220,315,108,190,45,120,40,115,0,100,0,50,50,0,1,2,-1,-1,-1,-1,-1,-1,100358
玛恩摩洛斯,990,264,25,4.5,4,51,26,12,11,1,0,0,0,0,0,0,5,0,0,48,50,-1,530,678,65,100,38,72,19,50,10437,13923,5112,8398,2130,5304,1917,5083,220,315,108,190,45,120,40,115,0,100,0,50,50,0,1,2,-1,-1,-1,-1,-1,-1,100358
奇拉顿,991,142,23,4.5,4,28,27,23,19,3,0,0,0,0,0,0,5,0,0,1,1,-1,40,54,7,10,6,9,3,7,598,920,575,897,483,805,391,713,122,208,117,202,98,182,79,161,1,97,80,20,0,0,1,2,-1,-1,-1,-1,-1,-1,100308
奇拉顿,992,142,23,4.5,4,28,27,23,19,3,0,0,0,0,0,0,5,0,0,40,42,-1,316,439,55,85,49,78,30,57,4654,7480,4475,7293,3759,6545,3043,5797,122,208,117,202,98,182,79,161,1,97,80,20,0,0,1,2,-1,-1,-1,-1,-1,-1,100308
奇拉顿,993,142,23,4.5,4,28,27,23,19,3,0,0,0,0,0,0,5,0,0,43,45,-1,338,467,59,90,52,83,32,61,4966,7960,4775,7761,4011,6965,3247,6169,122,208,117,202,98,182,79,161,1,97,80,20,0,0,1,2,-1,-1,-1,-1,-1,-1,100308
格尔格,994,144,27,4.5,4,25,30,20,21,3,0,0,0,0,0,0,5,0,0,1,1,-1,45,60,9,12,6,10,5,8,621,999,756,1134,486,864,513,891,108,192,131,218,84,166,89,171,1,96,0,0,90,10,1,2,-1,-1,-1,-1,-1,-1,100310
格尔格,995,144,27,4.5,4,25,30,20,21,3,0,0,0,0,0,0,5,0,0,40,42,-1,305,429,61,91,44,74,34,63,4209,7067,5124,8022,3294,6112,3477,6303,108,192,131,218,84,166,89,171,1,96,0,0,90,10,1,2,-1,-1,-1,-1,-1,-1,100310
格尔格,996,144,27,4.5,4,25,30,20,21,3,0,0,0,0,0,0,5,0,0,43,45,-1,325,456,65,97,47,79,37,66,4485,7511,5460,8526,3510,6496,3705,6699,108,192,131,218,84,166,89,171,1,96,0,0,90,10,1,2,-1,-1,-1,-1,-1,-1,100310
拉奇鲁哥,997,71,23,4.5,4,22,26,20,26,5,0,0,0,0,0,0,0,3,0,1,1,-1,35,49,6,10,5,8,5,8,460,782,552,874,414,736,552,874,98,183,117,205,88,172,117,205,2,94,0,0,100,0,1,2,-1,-1,-1,-1,-1,-1,100279
拉奇鲁哥,998,71,23,4.5,4,22,26,20,26,5,0,0,0,0,0,0,0,3,0,41,43,-1,285,408,53,84,44,73,43,72,3660,6494,4392,7258,3294,6112,4392,7258,98,183,117,205,88,172,117,205,2,94,0,0,100,0,1,2,-1,-1,-1,-1,-1,-1,100279
多萨金格,999,73,19,4.5,4,23,24,23,25,3,0,0,0,0,0,0,0,3,0,1,1,-1,30,41,5,8,5,7,4,7,399,665,418,684,399,665,437,703,98,182,103,187,98,182,108,192,1,95,60,0,0,40,1,2,40,-1,-1,-1,-1,-1,100281
多萨金格,1000,73,19,4.5,4,23,24,23,25,3,0,0,0,0,0,0,0,3,0,41,43,-1,286,407,49,79,48,77,41,69,3759,6545,3938,6732,3759,6545,4117,6919,98,182,103,187,98,182,108,192,1,95,60,0,0,40,1,2,40,-1,-1,-1,-1,-1,100281
克邦凯斯,1005,221,18,4.5,4,27,27,16,14,9,0,0,0,0,0,0,5,0,0,35,38,-1,247,363,46,73,30,57,18,43,3850,6474,3850,6474,2156,4648,1848,4316,132,226,132,226,74,162,63,150,4,84,40,60,0,0,1,-1,-1,-1,-1,-1,-1,-1,100339
加克拉,1006,222,22,4.5,4,26,30,14,16,7,0,0,0,0,0,0,5,0,0,35,38,-1,252,370,51,80,29,55,22,47,3792,6460,4424,7140,1896,4420,2212,4760,122,212,142,235,61,145,71,156,3,86,0,50,50,0,1,-1,-1,-1,-1,-1,-1,-1,100340
加格,1007,223,23,4.5,4,30,27,13,16,7,0,0,0,0,0,0,5,0,0,35,38,-1,273,393,47,76,27,54,22,47,4452,7182,3975,6669,1749,4275,2226,4788,142,235,127,218,56,140,71,156,3,86,0,100,0,0,1,50,-1,-1,-1,-1,-1,-1,100341
邦恩吉,1008,224,16,4.5,4,28,26,15,14,9,0,0,0,0,20,0,5,0,0,35,38,-1,247,362,44,71,29,55,18,42,3952,6560,3648,6232,1976,4428,1824,4264,137,232,127,220,68,156,63,150,4,83,20,80,0,0,1,100,-1,-1,-1,-1,-1,-1,100342
姆伊,1009,242,20,4.5,4,36,19,22,10,5,0,0,0,0,0,0,0,0,0,1,1,-1,38,49,4,7,5,8,1,4,680,960,340,620,400,680,160,440,173,268,86,173,102,190,40,123,3,87,0,100,0,0,1,2,110,-1,-1,-1,-1,-1,100348
姆伊,1010,242,20,4.5,4,36,19,22,10,5,0,0,0,0,0,0,0,0,0,38,40,-1,320,438,39,66,43,71,13,38,5712,8448,2856,5456,3360,5984,1344,3872,173,268,86,173,102,190,40,123,3,87,0,100,0,0,1,2,110,-1,-1,-1,-1,-1,100348
海主人,1011,243,21,4.5,4,34,19,26,9,7,0,0,0,0,0,0,0,0,0,38,40,-1,314,431,39,67,50,78,11,37,5408,8142,2873,5487,4056,6726,1183,3717,163,257,86,173,122,212,35,117,3,88,20,80,0,0,1,2,110,-1,-1,-1,-1,-1,100349
布比,1016,11,15,4.5,4,42,20,16,12,5,0,0,0,0,0,0,2,0,0,50,52,-1,447,591,51,85,43,77,21,52,8440,11826,3798,7008,2954,6132,2110,5256,196,291,88,172,68,151,49,129,2,90,80,20,0,0,1,-1,-1,-1,-1,-1,-1,-1,100254
布比,1017,11,15,4.5,4,42,20,16,12,5,0,0,0,0,0,0,2,0,0,52,54,-1,464,612,53,88,45,80,21,54,8760,12258,3942,7264,3066,6356,2190,5448,196,291,88,172,68,151,49,129,2,90,80,20,0,0,1,-1,-1,-1,-1,-1,-1,-1,100254
布比,1018,11,15,4.5,4,42,20,16,12,5,0,0,0,0,0,0,2,0,0,54,56,-1,481,634,55,91,47,82,22,56,9080,12690,4086,7520,3178,6580,2270,5640,196,291,88,172,68,151,49,129,2,90,80,20,0,0,1,-1,-1,-1,-1,-1,-1,-1,100254
布伊,1019,13,22,4.5,4,44,21,16,13,5,0,0,0,0,0,0,2,0,0,51,53,-1,492,644,56,92,46,81,24,57,9324,12880,4218,7590,3108,6440,2442,5750,205,302,93,178,68,151,53,135,2,94,60,40,0,0,1,-1,-1,-1,-1,-1,-1,-1,100256
布伊,1020,13,22,4.5,4,44,21,16,13,5,0,0,0,0,0,0,2,0,0,53,55,-1,510,666,58,95,48,84,25,59,9660,13328,4370,7854,3220,6664,2530,5950,205,302,93,178,68,151,53,135,2,94,60,40,0,0,1,-1,-1,-1,-1,-1,-1,-1,100256
布伊,1021,13,22,4.5,4,44,21,16,13,5,0,0,0,0,0,0,2,0,0,55,57,-1,528,688,61,98,50,87,26,61,9996,13776,4522,8118,3332,6888,2618,6150,205,302,93,178,68,151,53,135,2,94,60,40,0,0,1,-1,-1,-1,-1,-1,-1,-1,100256
布伊比,1022,14,16,4.5,4,32,26,15,18,5,0,0,0,0,0,0,2,0,0,52,54,-1,402,549,65,100,43,77,35,68,6600,10032,5280,8664,2860,6156,3520,6840,147,237,117,205,63,145,78,162,2,91,0,40,60,0,1,3,-1,-1,-1,-1,-1,-1,100257
布伊比,1023,14,16,4.5,4,32,26,15,18,5,0,0,0,0,0,0,2,0,0,54,56,-1,417,568,67,104,44,80,36,70,6840,10384,5472,8968,2964,6372,3648,7080,147,237,117,205,63,145,78,162,2,91,0,40,60,0,1,3,-1,-1,-1,-1,-1,-1,100257
布伊比,1024,14,16,4.5,4,32,26,15,18,5,0,0,0,0,0,0,2,0,0,56,58,-1,431,588,69,107,46,83,37,73,7080,10736,5664,9272,3068,6588,3776,7320,147,237,117,205,63,145,78,162,2,91,0,40,60,0,1,3,-1,-1,-1,-1,-1,-1,100257
尼可斯,1025,62,18,4.5,4,24,20,20,17,9,0,0,0,0,0,0,0,3,0,45,48,-1,289,426,45,77,45,77,29,59,4268,7416,3492,6592,3492,6592,2910,5974,116,208,95,185,95,185,79,168,4,81,40,60,0,0,1,2,-1,-1,-1,-1,-1,-1,100276
尼可斯,1026,62,18,4.5,4,24,20,20,17,9,0,0,0,0,0,0,0,3,0,47,50,-1,300,442,46,80,46,80,30,62,4444,7704,3636,6848,3636,6848,3030,6206,116,208,95,185,95,185,79,168,4,81,40,60,0,0,1,2,-1,-1,-1,-1,-1,-1,100276
特洛昆,1027,63,17,4.5,4,23,21,23,17,9,0,0,0,0,0,0,0,3,0,45,48,-1,287,424,47,79,50,83,28,59,4053,7175,3667,6765,4053,7175,2895,5945,111,203,100,191,111,203,79,168,4,84,70,0,0,30,1,2,-1,-1,-1,-1,-1,-1,100277
特洛昆,1028,63,17,4.5,4,23,21,23,17,9,0,0,0,0,0,0,0,3,0,47,50,-1,299,440,49,82,52,86,30,61,4221,7455,3819,7029,4221,7455,3015,6177,111,203,100,191,111,203,79,168,4,84,70,0,0,30,1,2,-1,-1,-1,-1,-1,-1,100277
达克尔,1029,64,18,4.5,4,24,22,21,18,7,0,0,0,0,0,0,0,3,0,45,48,-1,296,434,49,82,47,80,31,61,4268,7416,3880,7004,3686,6798,3104,6180,112,201,102,190,96,184,81,168,3,85,0,80,20,0,1,2,-1,-1,-1,-1,-1,-1,100278
达克尔,1030,64,18,4.5,4,24,22,21,18,7,0,0,0,0,0,0,0,3,0,47,50,-1,309,451,51,85,49,83,32,64,4444,7704,4040,7276,3838,7062,3232,6420,112,201,102,190,96,184,81,168,3,85,0,80,20,0,1,2,-1,-1,-1,-1,-1,-1,100278
奇卡宝斯,1035,233,25,4.5,4,28,33,28,14,1,20,0,0,0,0,0,5,0,0,1,1,-1,45,60,9,12,8,11,3,6,650,1000,775,1125,650,1000,300,650,117,200,139,225,117,200,54,130,0,103,0,0,30,70,1,2,61,-1,-1,-1,-1,-1,100345
奇卡宝斯,1036,233,25,4.5,4,28,33,28,14,1,20,0,0,0,0,0,5,0,0,60,63,-1,477,657,97,141,85,129,31,70,6786,10920,8091,12285,6786,10920,3132,7098,117,200,139,225,117,200,54,130,0,103,0,0,30,70,1,2,61,-1,-1,-1,-1,-1,100345
奥卡洛斯,1037,301,25,4.5,4,26,29,28,20,1,0,0,0,0,0,0,5,5,0,1,1,-1,44,58,8,11,8,11,4,8,600,950,675,1025,650,1000,450,800,108,190,121,205,117,200,81,160,0,103,60,40,0,0,1,2,40,-1,-1,-1,-1,-1,100371
奥卡洛斯,1038,301,25,4.5,4,26,29,28,20,1,0,0,0,0,0,0,5,5,0,60,63,-1,461,641,87,130,84,128,46,87,6264,10374,7047,11193,6786,10920,4698,8736,108,190,121,205,117,200,81,160,0,103,60,40,0,0,1,2,40,-1,-1,-1,-1,-1,100371
卡克尔,1039,181,18,4.5,4,20,21,21,24,7,0,0,0,0,0,0,0,1,0,50,53,-1,303,452,52,87,52,87,47,81,3852,7232,4066,7458,4066,7458,4708,8136,91,179,96,184,96,184,112,201,3,86,30,70,0,0,1,2,-1,-1,-1,-1,-1,-1,100323
卡克尔,1040,181,18,4.5,4,20,21,21,24,7,0,0,0,0,0,0,0,1,0,53,55,-1,320,467,54,90,54,90,49,84,4068,7488,4294,7722,4294,7722,4972,8424,91,179,96,184,96,184,112,201,3,86,30,70,0,0,1,2,-1,-1,-1,-1,-1,-1,100323
卡拉卡利,1041,184,17,4.5,4,15,23,23,26,7,0,0,0,0,0,0,0,1,0,50,53,-1,272,418,55,91,55,91,51,85,2769,6075,4473,7875,4473,7875,5112,8550,66,151,107,196,107,196,122,212,3,87,70,0,0,30,1,2,-1,-1,-1,-1,-1,-1,100326
卡拉卡利,1042,184,17,4.5,4,15,23,23,26,7,0,0,0,0,0,0,0,1,0,53,55,-1,288,433,58,94,58,94,54,88,2925,6291,4725,8155,4725,8155,5400,8854,66,151,107,196,107,196,122,212,3,87,70,0,0,30,1,2,-1,-1,-1,-1,-1,-1,100326
玛恩摩,1052,261,27,4.5,4,50,25,15,8,3,0,0,0,0,0,0,5,0,0,1,1,-1,65,81,8,11,5,9,1,5,1296,1674,621,999,351,729,162,540,225,322,108,192,61,140,28,104,1,98,90,10,0,0,1,2,-1,-1,-1,-1,-1,-1,100355
玛恩摩,1053,261,27,4.5,4,50,25,15,8,3,0,0,0,0,0,0,5,0,0,55,57,-1,592,758,72,111,50,88,14,50,11664,15562,5589,9287,3159,6777,1458,5020,225,322,108,192,61,140,28,104,1,98,90,10,0,0,1,2,-1,-1,-1,-1,-1,-1,100355
玛恩摩,1054,261,27,4.5,4,50,25,15,8,3,0,0,0,0,0,0,5,0,0,57,59,-1,612,782,75,114,52,91,15,51,12048,16058,5773,9583,3263,6993,1506,5180,225,322,108,192,61,140,28,104,1,98,90,10,0,0,1,2,-1,-1,-1,-1,-1,-1,100355
玛恩摩,1055,261,27,4.5,4,50,25,15,8,3,0,0,0,0,0,0,5,0,0,59,61,-1,631,806,77,118,54,94,15,53,12432,16554,5957,9879,3367,7209,1554,5340,225,322,108,192,61,140,28,104,1,98,90,10,0,0,1,2,-1,-1,-1,-1,-1,-1,100355
恩摩摩,1056,262,24,4.5,4,48,27,12,10,3,0,0,0,0,0,0,5,0,0,1,1,-1,56,70,7,11,4,7,1,5,1104,1440,600,936,240,576,192,528,216,312,117,202,47,124,37,114,1,97,0,20,80,0,1,2,-1,-1,-1,-1,-1,-1,100356
恩摩摩,1057,262,24,4.5,4,48,27,12,10,3,0,0,0,0,0,0,5,0,0,55,57,-1,568,731,75,114,43,80,19,54,11040,14880,6000,9672,2400,5952,1920,5456,216,312,117,202,47,124,37,114,1,97,0,20,80,0,1,2,-1,-1,-1,-1,-1,-1,100356
恩摩摩,1058,262,24,4.5,4,48,27,12,10,3,0,0,0,0,0,0,5,0,0,57,59,-1,587,755,78,117,44,83,19,56,11408,15360,6200,9984,2480,6144,1984,5632,216,312,117,202,47,124,37,114,1,97,0,20,80,0,1,2,-1,-1,-1,-1,-1,-1,100356
恩摩摩,1059,262,24,4.5,4,48,27,12,10,3,0,0,0,0,0,0,5,0,0,59,61,-1,606,778,80,121,46,85,20,58,11776,15840,6400,10296,2560,6336,2048,5808,216,312,117,202,47,124,37,114,1,97,0,20,80,0,1,2,-1,-1,-1,-1,-1,-1,100356
火鸡,1061,291,17,4.5,4,19,18,10,33,9,0,0,0,0,0,0,3,1,0,36,38,-1,208,315,32,57,20,45,48,74,2669,5115,2512,4950,1256,3630,4867,7425,90,179,84,174,42,127,164,261,4,80,0,0,30,70,1,-1,-1,-1,-1,-1,-1,-1,100367
克克洛斯,1062,292,20,4.5,4,18,22,10,35,7,0,0,0,0,0,0,5,2,0,36,38,-1,216,324,39,65,22,47,52,78,2560,5040,3200,5712,1280,3696,5280,7896,81,168,102,190,40,123,168,263,3,85,0,0,0,100,1,120,-1,-1,-1,-1,-1,-1,100368
霍尔克,1063,293,18,4.5,4,21,20,14,40,9,0,0,0,0,0,0,3,1,0,36,38,-1,243,351,37,63,28,54,60,86,3002,5478,2844,5312,1896,4316,6004,8632,89,171,84,166,56,135,178,270,1,95,30,0,0,70,1,-1,-1,-1,-1,-1,-1,-1,100369
奇宝,1064,294,20,4.5,4,18,24,11,40,9,0,0,0,0,0,0,3,1,0,36,38,-1,228,337,43,69,24,49,60,87,2560,5040,3520,6048,1440,3864,6080,8736,78,162,107,194,44,124,186,280,2,93,0,0,80,20,1,-1,-1,-1,-1,-1,-1,-1,100370
布拉奇多斯,1065,253,24,4.5,4,35,35,28,6,1,0,0,0,0,0,0,5,0,0,1,1,-1,49,63,9,12,7,11,0,4,792,1128,792,1128,624,960,96,432,148,235,148,235,117,200,18,90,0,104,0,20,80,0,1,2,-1,-1,-1,-1,-1,-1,100353
布拉奇多斯,1066,253,24,4.5,4,35,35,28,6,1,0,0,0,0,0,0,5,0,0,40,45,-1,369,526,71,108,59,95,7,36,5940,9400,5940,9400,4680,8000,720,3600,148,235,148,235,117,200,18,90,0,104,0,20,80,0,1,2,-1,-1,-1,-1,-1,-1,100353
卡拉宝斯,1067,172,19,4.5,4,28,23,26,14,5,0,0,0,0,0,0,0,5,0,46,48,-1,340,474,53,86,59,91,23,53,5174,8280,4179,7245,4776,7866,2388,5382,127,216,102,189,117,205,58,140,2,91,30,70,0,0,1,2,-1,-1,-1,-1,-1,-1,100320
多洛加,1068,174,21,4.5,4,25,26,25,16,5,0,0,0,0,0,20,0,5,0,46,48,-1,327,461,59,92,58,90,28,58,4623,7733,4824,7942,4623,7733,2814,5852,112,199,117,205,112,199,68,151,2,92,0,30,70,0,1,2,90,-1,-1,-1,-1,-1,100322
贝洛恩,1069,41,24,4.5,4,30,12,30,15,7,0,0,0,0,0,0,0,0,0,44,46,-1,339,471,32,63,64,96,25,55,5488,8568,1960,4896,5488,8568,2548,5508,142,235,51,134,142,235,66,151,3,87,0,100,0,0,1,2,-1,-1,-1,-1,-1,-1,100267
贝洛洛克,1070,42,19,4.5,4,29,14,32,13,7,60,0,0,-20,0,0,0,0,0,44,46,-1,326,455,35,66,66,98,21,49,5157,8159,2292,5174,5730,8756,2101,4975,137,229,61,145,153,246,56,140,3,88,70,30,0,0,1,2,60,-1,-1,-1,-1,-1,100268
贝洛宝克尔,1071,43,23,4.5,4,30,13,31,14,7,0,0,0,30,0,0,0,0,0,44,46,-1,339,470,34,65,66,98,23,52,5460,8526,2145,5075,5655,8729,2340,5278,142,235,56,140,147,240,61,145,3,88,30,70,0,0,1,2,80,-1,-1,-1,-1,-1,100269
贝洛宝利,1072,44,22,4.5,4,29,16,30,15,5,0,0,0,0,0,30,0,0,0,44,46,-1,335,466,40,71,64,96,25,54,5238,8282,2716,5656,5432,8484,2522,5454,132,221,68,151,137,226,63,145,2,90,0,30,70,0,1,2,90,-1,-1,-1,-1,-1,100270
邦恩吉,1073,224,16,4.5,4,28,26,15,14,9,0,0,0,0,20,0,5,0,0,15,25,-1,117,247,20,48,13,37,8,29,1872,4480,1728,4256,936,3024,864,2912,137,232,127,220,68,156,63,150,4,83,20,80,0,0,1,100,-1,-1,-1,-1,-1,-1,100342
克克洛斯,1077,558,20,4.5,4,18,22,10,35,7,0,0,0,0,0,0,5,2,0,25,27,-1,156,239,28,48,15,35,38,58,1856,3720,2320,4216,928,2728,3828,5828,81,168,102,190,40,123,168,263,3,85,0,0,0,100,1,120,-1,-1,-1,-1,-1,-1,100368
多利诺布斯,1078,559,12,4.5,4,26,21,26,12,9,0,0,0,0,0,0,1,0,0,16,18,-1,114,173,17,31,21,35,7,19,1728,3040,1368,2640,1728,3040,720,1920,122,212,96,184,122,212,51,134,3,85,0,30,70,0,1,2,-1,-1,-1,-1,-1,-1,100335
龟之盾,1079,560,14,4.5,4,20,18,34,9,9,0,0,0,0,0,0,0,0,0,9,11,-1,63,105,10,19,16,27,3,11,828,1728,736,1620,1472,2484,322,1134,95,185,84,174,169,266,37,121,4,81,30,0,0,70,1,2,-1,-1,-1,-1,-1,-1,100271
绿龟,1080,52,14,4.5,4,19,19,35,8,9,0,0,0,0,0,0,0,0,0,6,14,-1,45,126,7,24,12,34,2,13,578,2046,578,2046,1122,3102,204,1320,90,179,90,179,174,272,31,116,4,81,60,0,0,40,1,2,-1,-1,-1,-1,-1,-1,100272
卡梅兰恩,1081,53,12,4.5,4,20,21,33,10,9,0,0,0,0,0,0,0,0,0,6,14,-1,44,126,7,25,11,32,2,14,576,2048,608,2112,992,2880,256,1408,95,185,100,191,164,261,42,127,4,84,0,0,80,20,1,2,10,-1,-1,-1,-1,-1,100273
贝恩达斯,1082,212,16,4.5,4,28,17,28,11,9,0,0,0,0,0,0,1,0,0,15,22,-1,118,222,15,35,22,45,6,23,1872,4000,1080,2900,1872,4000,648,2300,137,232,79,168,137,232,47,133,4,84,20,80,0,0,1,2,-1,-1,-1,-1,-1,-1,100336
多利凯拉,1083,213,18,4.5,4,27,18,28,10,9,0,0,0,0,0,0,1,0,0,15,22,-1,118,222,16,37,22,46,5,22,1850,3978,1184,3060,1924,4080,592,2244,132,226,84,174,137,232,42,127,4,83,70,30,0,0,1,2,-1,-1,-1,-1,-1,-1,100337
火鸡,1084,291,17,4.5,4,19,18,10,33,9,0,0,0,0,0,0,3,1,0,23,30,-1,139,254,21,46,14,37,32,59,1785,4123,1680,3990,840,2926,3255,5985,90,179,84,174,42,127,164,261,4,80,0,0,30,70,1,-1,-1,-1,-1,-1,-1,-1,100367
奇宝,1085,294,20,4.5,4,18,24,11,40,9,0,0,0,0,0,0,3,1,0,23,30,-1,154,273,29,56,16,40,41,70,1728,4080,2376,4896,972,3128,4104,7072,78,162,107,194,44,124,186,280,2,93,0,0,80,20,1,-1,-1,-1,-1,-1,-1,-1,100370
呼拔拔,1088,72,24,4.5,4,22,24,19,27,5,0,0,0,0,0,0,0,3,0,40,42,-1,277,398,49,78,41,70,45,73,3600,6392,3960,6768,3060,5828,4500,7332,98,183,107,194,83,167,122,210,2,92,0,0,60,40,1,2,-1,-1,-1,-1,-1,-1,100280
卡比特,1089,111,18,4.5,4,14,19,19,27,11,0,0,0,0,0,0,2,0,0,40,42,-1,203,318,37,65,37,65,43,70,2088,4732,2958,5642,2958,5642,4350,7098,66,156,93,186,93,186,137,234,5,79,0,0,70,30,1,2,-1,-1,-1,-1,-1,-1,100295
特洛昆,1090,63,17,4.5,4,23,21,23,17,9,0,0,0,0,0,0,0,3,0,40,42,-1,257,374,42,70,45,73,25,52,3633,6335,3287,5973,3633,6335,2595,5249,111,203,100,191,111,203,79,168,4,84,70,0,0,30,1,2,-1,-1,-1,-1,-1,-1,100277
鲁尼帖斯,1091,74,22,4.5,4,23,23,25,22,5,0,0,0,0,0,0,0,3,0,40,42,-1,281,401,47,77,51,80,35,63,3738,6510,3738,6510,4094,6882,3560,6324,102,189,102,189,112,199,98,183,2,93,100,0,0,0,1,2,-1,-1,-1,-1,-1,-1,100282
柏克尔,1092,65,19,4.5,4,21,22,19,23,7,0,0,0,0,0,0,0,3,0,1,1,-1,27,38,4,7,4,7,3,6,361,627,380,646,323,589,399,665,96,184,102,190,86,173,107,196,3,85,0,0,20,80,1,2,-1,-1,-1,-1,-1,-1,100393
柏克尔,1093,65,19,4.5,4,21,22,19,23,7,0,0,0,0,0,0,0,3,0,40,42,-1,252,369,44,72,39,67,36,64,3325,6039,3500,6222,2975,5673,3675,6405,96,184,102,190,86,173,107,196,3,85,0,0,20,80,1,2,-1,-1,-1,-1,-1,-1,100393
凯比特,1094,114,19,4.5,4,16,20,16,28,9,0,0,0,0,0,0,2,0,0,40,42,-1,217,333,39,67,33,61,45,73,2450,5124,3150,5856,2450,5124,4550,7320,74,162,95,185,74,162,137,232,4,80,0,0,0,100,1,2,-1,-1,-1,-1,-1,-1,100298
卡拉宝斯,1107,172,19,4.5,4,28,23,26,14,5,0,0,0,0,0,0,0,5,0,30,40,-1,230,400,36,72,40,77,16,45,3510,7000,2835,6125,3240,6650,1620,4550,127,216,102,189,117,205,58,140,2,91,30,70,0,0,1,2,-1,-1,-1,-1,-1,-1,100320
布鲁宝,1108,175,20,4.5,4,23,25,24,20,5,0,0,0,0,0,0,0,5,0,30,40,-1,213,378,39,76,37,74,24,56,2856,6160,3128,6512,2992,6336,2448,5632,102,189,112,199,107,194,88,172,2,92,0,0,40,60,1,2,-1,-1,-1,-1,-1,-1,100395
绿龟,1118,52,14,4.5,4,19,19,35,8,9,0,0,0,0,0,0,0,0,0,53,54,-1,297,433,50,84,82,116,13,45,3774,7006,3774,7006,7326,10622,1332,4520,90,179,90,179,174,272,31,116,4,81,60,0,0,40,1,2,-1,-1,-1,-1,-1,-1,100272
克雷尔,1119,101,19,4.5,4,19,18,20,22,11,0,0,0,0,0,0,0,1,0,53,54,-1,299,438,47,82,51,86,45,78,3859,7161,3632,6930,4086,7392,4540,7854,93,186,88,180,99,192,110,204,5,79,60,40,0,0,1,2,-1,-1,-1,-1,-1,-1,100291
绿龟,1120,52,14,4.5,4,19,19,35,8,9,0,0,0,0,0,0,0,0,0,54,55,-1,302,441,51,85,84,118,13,46,3842,7130,3842,7130,7458,10810,1356,4600,90,179,90,179,174,272,31,116,4,81,60,0,0,40,1,2,-1,-1,-1,-1,-1,-1,100272
克雷尔,1121,101,19,4.5,4,19,18,20,22,11,0,0,0,0,0,0,0,1,0,54,55,-1,304,446,48,83,52,87,46,79,3927,7285,3696,7050,4158,7520,4620,7990,93,186,88,180,99,192,110,204,5,79,60,40,0,0,1,2,-1,-1,-1,-1,-1,-1,100291
绿龟,1122,52,14,4.5,4,19,19,35,8,9,0,0,0,0,0,0,0,0,0,55,56,-1,308,449,52,87,85,120,13,46,3910,7254,3910,7254,7590,10998,1380,4680,90,179,90,179,174,272,31,116,4,81,60,0,0,40,1,2,-1,-1,-1,-1,-1,-1,100272
克雷尔,1123,101,19,4.5,4,19,18,20,22,11,0,0,0,0,0,0,0,1,0,55,56,-1,310,454,49,84,53,89,47,81,3995,7409,3760,7170,4230,7648,4700,8126,93,186,88,180,99,192,110,204,5,79,60,40,0,0,1,2,-1,-1,-1,-1,-1,-1,100291
特洛昆,1124,63,17,4.5,4,23,21,23,17,9,0,0,0,0,0,0,0,3,0,56,57,-1,353,498,57,93,62,98,35,69,4977,8435,4503,7953,4977,8435,3555,6989,111,203,100,191,111,203,79,168,4,84,70,0,0,30,1,2,-1,-1,-1,-1,-1,-1,100277
多利凯拉,1125,213,18,4.5,4,27,18,28,10,9,0,0,0,0,0,0,1,0,0,56,57,-1,380,527,52,88,73,110,19,53,5950,9438,3808,7260,6188,9680,1904,5324,132,226,84,174,137,232,42,127,4,83,70,30,0,0,1,2,-1,-1,-1,-1,-1,-1,100337
特洛昆,1126,63,17,4.5,4,23,21,23,17,9,0,0,0,0,0,0,0,3,0,57,58,-1,359,507,58,95,63,99,36,71,5061,8575,4579,8085,5061,8575,3615,7105,111,203,100,191,111,203,79,168,4,84,70,0,0,30,1,2,-1,-1,-1,-1,-1,-1,100277
多利凯拉,1127,213,18,4.5,4,27,18,28,10,9,0,0,0,0,0,0,1,0,0,57,58,-1,387,536,53,89,75,111,19,54,6050,9594,3872,7380,6292,9840,1936,5412,132,226,84,174,137,232,42,127,4,83,70,30,0,0,1,2,-1,-1,-1,-1,-1,-1,100337
特洛昆,1128,63,17,4.5,4,23,21,23,17,9,0,0,0,0,0,0,0,3,0,58,59,-1,365,515,59,96,64,101,36,72,5145,8715,4655,8217,5145,8715,3675,7221,111,203,100,191,111,203,79,168,4,84,70,0,0,30,1,2,-1,-1,-1,-1,-1,-1,100277
多利凯拉,1129,213,18,4.5,4,27,18,28,10,9,0,0,0,0,0,0,1,0,0,58,59,-1,393,545,54,91,76,113,19,55,6150,9750,3936,7500,6396,10000,1968,5500,132,226,84,174,137,232,42,127,4,83,70,30,0,0,1,2,-1,-1,-1,-1,-1,-1,100337
贝洛洛克,1130,42,19,4.5,4,29,14,32,13,7,60,0,0,-20,0,0,0,0,0,59,60,-1,429,583,47,84,87,126,27,63,6777,10455,3012,6630,7530,11220,2761,6375,137,229,61,145,153,246,56,140,3,88,70,30,0,0,1,2,60,-1,-1,-1,-1,-1,100268
卡拉卡利,1131,184,17,4.5,4,15,23,23,26,7,0,0,0,0,0,0,0,1,0,59,60,-1,318,470,64,102,64,102,59,96,3237,6831,5229,8855,5229,8855,5976,9614,66,151,107,196,107,196,122,212,3,87,70,0,0,30,1,2,-1,-1,-1,-1,-1,-1,100326
贝洛洛克,1132,42,19,4.5,4,29,14,32,13,7,60,0,0,-20,0,0,0,0,0,60,61,-1,436,593,47,86,89,128,28,64,6885,10619,3060,6734,7650,11396,2805,6475,137,229,61,145,153,246,56,140,3,88,70,30,0,0,1,2,60,-1,-1,-1,-1,-1,100268
卡拉卡利,1133,184,17,4.5,4,15,23,23,26,7,0,0,0,0,0,0,0,1,0,60,61,-1,323,478,66,104,66,104,60,97,3289,6939,5313,8995,5313,8995,6072,9766,66,151,107,196,107,196,122,212,3,87,70,0,0,30,1,2,-1,-1,-1,-1,-1,-1,100326
贝洛洛克,1134,42,19,4.5,4,29,14,32,13,7,60,0,0,-20,0,0,0,0,0,61,62,-1,442,602,48,87,90,130,28,65,6993,10783,3108,6838,7770,11572,2849,6575,137,229,61,145,153,246,56,140,3,88,70,30,0,0,1,2,60,-1,-1,-1,-1,-1,100268
卡拉卡利,1135,184,17,4.5,4,15,23,23,26,7,0,0,0,0,0,0,0,1,0,61,62,-1,328,485,67,105,67,105,61,99,3341,7047,5397,9135,5397,9135,6168,9918,66,151,107,196,107,196,122,212,3,87,70,0,0,30,1,2,-1,-1,-1,-1,-1,-1,100326
洛奇安,1136,84,23,4.5,4,25,21,38,6,5,0,0,0,0,0,0,0,1,0,1,1,-1,37,50,5,9,9,12,0,4,529,851,437,759,828,1150,92,414,112,199,93,178,176,270,19,97,2,90,80,0,0,20,1,2,-1,-1,-1,-1,-1,-1,100286
洛奇安,1137,84,23,4.5,4,25,21,38,6,5,0,0,0,0,0,0,0,1,0,62,63,-1,429,593,68,108,109,150,10,48,6141,10027,5073,8943,9612,13550,1068,4878,112,199,93,178,176,270,19,97,2,90,80,0,0,20,1,2,-1,-1,-1,-1,-1,-1,100286
利则诺顿,1138,91,22,4.5,4,27,37,19,17,1,0,0,0,0,0,0,5,0,0,1,1,-1,38,51,8,12,5,8,3,6,550,858,770,1078,374,682,330,638,112,195,157,245,76,155,67,145,0,100,100,0,0,0,1,2,-1,-1,-1,-1,-1,-1,100287
利则诺顿,1139,91,22,4.5,4,27,37,19,17,1,0,0,0,0,0,0,5,0,0,62,63,-1,470,634,107,148,64,104,39,78,6650,10530,9310,13230,4522,8370,3990,7830,112,195,157,245,76,155,67,145,0,100,100,0,0,0,1,2,-1,-1,-1,-1,-1,-1,100287
洛奇安,1140,84,23,4.5,4,25,21,38,6,5,0,0,0,0,0,0,0,1,0,63,64,-1,436,602,69,110,110,152,10,49,6233,10175,5149,9075,9756,13750,1084,4950,112,199,93,178,176,270,19,97,2,90,80,0,0,20,1,2,-1,-1,-1,-1,-1,-1,100286
利则诺顿,1141,91,22,4.5,4,27,37,19,17,1,0,0,0,0,0,0,5,0,0,63,64,-1,477,643,109,150,65,106,40,79,6750,10686,9450,13426,4590,8494,4050,7946,112,195,157,245,76,155,67,145,0,100,100,0,0,0,1,2,-1,-1,-1,-1,-1,-1,100287
洛奇安,1142,84,23,4.5,4,25,21,38,6,5,0,0,0,0,0,0,0,1,0,64,65,-1,442,611,70,111,112,154,11,50,6325,10323,5225,9207,9900,13950,1100,5022,112,199,93,178,176,270,19,97,2,90,80,0,0,20,1,2,-1,-1,-1,-1,-1,-1,100286
利则诺顿,1143,91,22,4.5,4,27,37,19,17,1,0,0,0,0,0,0,5,0,0,64,65,-1,484,653,110,152,66,107,41,80,6850,10842,9590,13622,4658,8618,4110,8062,112,195,157,245,76,155,67,145,0,100,100,0,0,0,1,2,-1,-1,-1,-1,-1,-1,100287
洛奇安,1144,84,23,4.5,4,25,21,38,6,5,0,0,0,0,0,0,0,1,0,65,66,-1,449,619,71,113,114,156,11,50,6417,10471,5301,9339,10044,14150,1116,5094,112,199,93,178,176,270,19,97,2,90,80,0,0,20,1,2,-1,-1,-1,-1,-1,-1,100286
利则诺顿,1145,91,22,4.5,4,27,37,19,17,1,0,0,0,0,0,0,5,0,0,65,66,-1,492,662,112,154,67,109,41,81,6950,10998,9730,13818,4726,8742,4170,8178,112,195,157,245,76,155,67,145,0,100,100,0,0,0,1,2,-1,-1,-1,-1,-1,-1,100287
布鲁宝,1169,175,20,4.5,4,23,25,24,20,5,0,0,0,0,0,0,0,5,0,1,1,-1,31,43,5,8,5,8,3,6,420,700,460,740,440,720,360,640,102,189,112,199,107,194,88,172,2,92,0,0,40,60,1,2,-1,-1,-1,-1,-1,-1,100395
石龟,1175,54,20,4.5,4,21,19,41,8,7,0,0,-20,65,0,0,0,0,0,55,57,-1,349,502,55,92,102,141,14,48,4484,8052,4012,7564,9204,12932,1416,4880,96,184,86,173,198,296,30,112,3,89,90,0,0,10,1,2,80,-1,-1,-1,-1,-1,100274
石龟,1176,54,20,4.5,4,21,19,41,8,7,0,0,-20,65,0,0,0,0,0,56,58,-1,355,510,56,94,104,143,14,49,4560,8184,4080,7688,9360,13144,1440,4960,96,184,86,173,198,296,30,112,3,89,90,0,0,10,1,2,80,-1,-1,-1,-1,-1,100274
加克拉,1177,222,22,4.5,4,26,30,14,16,7,0,0,0,0,0,0,5,0,0,55,57,-1,380,536,78,116,43,80,33,68,5712,9348,6664,10332,2856,6396,3332,6888,122,212,142,235,61,145,71,156,3,86,0,50,50,0,1,-1,-1,-1,-1,-1,-1,-1,100340
加克拉,1178,222,22,4.5,4,26,30,14,16,7,0,0,0,0,0,0,5,0,0,56,58,-1,387,545,79,118,44,82,33,70,5808,9500,6776,10500,2904,6500,3388,7000,122,212,142,235,61,145,71,156,3,86,0,50,50,0,1,-1,-1,-1,-1,-1,-1,-1,100340
阿利给洛斯,1179,323,26,4.5,4,33,19,25,18,3,0,0,0,0,0,0,0,5,0,55,57,-1,459,620,57,95,70,109,38,75,7502,11250,4114,7750,5566,9250,3872,7500,145,234,79,161,108,192,75,156,1,95,50,50,0,0,1,2,-1,-1,-1,-1,-1,-1,100381
阿利给洛斯,1180,323,26,4.5,4,33,19,25,18,3,0,0,0,0,0,0,0,5,0,56,58,-1,467,629,58,97,71,110,39,76,7626,11430,4182,7874,5658,9398,3936,7620,145,234,79,161,108,192,75,156,1,95,50,50,0,0,1,2,-1,-1,-1,-1,-1,-1,100381
呼拔拔,1181,72,24,4.5,4,22,24,19,27,5,0,0,0,0,0,0,0,3,0,51,52,-1,344,483,61,95,51,85,56,88,4480,7752,4928,8208,3808,7068,5600,8892,98,183,107,194,83,167,122,210,2,92,0,0,60,40,1,2,-1,-1,-1,-1,-1,-1,100280
呼拔拔,1182,72,24,4.5,4,22,24,19,27,5,0,0,0,0,0,0,0,3,0,53,54,-1,357,500,63,99,53,88,57,92,4640,8024,5104,8496,3944,7316,5800,9204,98,183,107,194,83,167,122,210,2,92,0,0,60,40,1,2,-1,-1,-1,-1,-1,-1,100280
呼拔拔,1183,72,24,4.5,4,22,24,19,27,5,0,0,0,0,0,0,0,3,0,55,56,-1,369,517,65,102,55,91,60,95,4800,8296,5280,8784,4080,7564,6000,9516,98,183,107,194,83,167,122,210,2,92,0,0,60,40,1,2,-1,-1,-1,-1,-1,-1,100280
鲁尼帖斯,1184,74,22,4.5,4,23,23,25,22,5,0,0,0,0,0,0,0,3,0,51,52,-1,350,488,59,93,63,97,44,76,4662,7910,4662,7910,5106,8362,4440,7684,102,189,102,189,112,199,98,183,2,93,100,0,0,0,1,2,-1,-1,-1,-1,-1,-1,100282
鲁尼帖斯,1185,74,22,4.5,4,23,23,25,22,5,0,0,0,0,0,0,0,3,0,53,54,-1,363,505,61,96,66,101,46,79,4830,8190,4830,8190,5290,8658,4600,7956,102,189,102,189,112,199,98,183,2,93,100,0,0,0,1,2,-1,-1,-1,-1,-1,-1,100282
鲁尼帖斯,1186,74,22,4.5,4,23,23,25,22,5,0,0,0,0,0,0,0,3,0,55,56,-1,376,522,64,100,68,104,47,82,4998,8470,4998,8470,5474,8954,4760,8228,102,189,102,189,112,199,98,183,2,93,100,0,0,0,1,2,-1,-1,-1,-1,-1,-1,100282
利则诺顿,1187,91,22,4.5,4,27,37,19,17,1,0,0,0,0,0,0,5,0,0,51,53,-1,392,540,89,126,53,89,33,66,5550,8970,7770,11270,3774,7130,3330,6670,112,195,157,245,76,155,67,145,0,100,100,0,0,0,1,2,-1,-1,-1,-1,-1,-1,100287
齐尔格尔顿,1188,143,27,4.5,4,28,29,21,20,3,0,0,0,0,0,0,5,0,0,1,1,-1,48,63,8,12,6,10,4,8,702,1080,729,1107,513,891,486,864,122,208,126,213,89,171,84,166,1,98,0,30,70,0,1,2,-1,-1,-1,-1,-1,-1,100309
齐尔格尔顿,1189,143,27,4.5,4,28,29,21,20,3,0,0,0,0,0,0,5,0,0,52,54,-1,411,564,75,113,59,96,41,76,6006,9560,6237,9799,4389,7887,4158,7648,122,208,126,213,89,171,84,166,1,98,0,30,70,0,1,2,-1,-1,-1,-1,-1,-1,100309
卡梅兰恩,1190,53,12,4.5,4,20,21,33,10,9,0,0,0,0,0,0,0,0,0,56,57,-1,324,467,57,92,82,118,18,51,4176,7552,4408,7788,7192,10620,1856,5192,95,185,100,191,164,261,42,127,4,84,0,0,80,20,1,2,10,-1,-1,-1,-1,-1,100273
卡比特,1191,111,18,4.5,4,14,19,19,27,11,0,0,0,0,0,0,2,0,0,56,57,-1,278,423,51,87,51,87,59,94,2856,6292,4046,7502,4046,7502,5950,9438,66,156,93,186,93,186,137,234,5,79,0,0,70,30,1,2,-1,-1,-1,-1,-1,-1,100295
诺斯多洛斯,1194,334,24,4.5,4,21,24,19,23,7,0,0,0,0,0,0,1,0,0,56,57,-1,356,505,66,103,55,92,51,86,4636,8184,5368,8928,4148,7688,5124,8680,96,184,112,201,86,173,107,196,3,87,0,0,90,10,1,2,-1,-1,-1,-1,-1,-1,100387
卡梅兰恩,1195,53,12,4.5,4,20,21,33,10,9,0,0,0,0,0,0,0,0,0,57,58,-1,330,475,58,94,84,120,18,52,4248,7680,4484,7920,7316,10800,1888,5280,95,185,100,191,164,261,42,127,4,84,0,0,80,20,1,2,10,-1,-1,-1,-1,-1,100273
卡比特,1196,111,18,4.5,4,14,19,19,27,11,0,0,0,0,0,0,2,0,0,57,58,-1,283,430,52,88,52,88,60,95,2904,6396,4114,7626,4114,7626,6050,9594,66,156,93,186,93,186,137,234,5,79,0,0,70,30,1,2,-1,-1,-1,-1,-1,-1,100295
诺斯多洛斯,1197,334,24,4.5,4,21,24,19,23,7,0,0,0,0,0,0,1,0,0,57,58,-1,362,514,67,104,56,93,52,88,4712,8316,5456,9072,4216,7812,5208,8820,96,184,112,201,86,173,107,196,3,87,0,0,90,10,1,2,-1,-1,-1,-1,-1,-1,100387
卡梅兰恩,1198,53,12,4.5,4,20,21,33,10,9,0,0,0,0,0,0,0,0,0,58,59,-1,335,483,59,95,85,122,19,53,4320,7808,4560,8052,7440,10980,1920,5368,95,185,100,191,164,261,42,127,4,84,0,0,80,20,1,2,10,-1,-1,-1,-1,-1,100273
卡比特,1199,111,18,4.5,4,14,19,19,27,11,0,0,0,0,0,0,2,0,0,58,59,-1,287,437,53,90,53,90,61,97,2952,6500,4182,7750,4182,7750,6150,9750,66,156,93,186,93,186,137,234,5,79,0,0,70,30,1,2,-1,-1,-1,-1,-1,-1,100295
诺斯多洛斯,1200,334,24,4.5,4,21,24,19,23,7,0,0,0,0,0,0,1,0,0,58,59,-1,367,522,68,106,57,95,52,89,4788,8448,5544,9216,4284,7936,5292,8960,96,184,112,201,86,173,107,196,3,87,0,0,90,10,1,2,-1,-1,-1,-1,-1,-1,100387
加美,1201,21,22,4.5,4,22,23,19,23,7,0,0,0,0,0,0,0,1,0,59,60,-1,378,534,66,105,57,95,53,90,5080,8772,5334,9030,4318,7998,5334,9030,102,190,107,196,86,173,107,196,3,87,0,0,60,40,1,2,-1,-1,-1,-1,-1,-1,100259
贝洛宝利,1202,44,22,4.5,4,29,16,30,15,5,0,0,0,0,0,30,0,0,0,59,60,-1,439,595,52,90,84,123,33,69,6858,10578,3556,7224,7112,10836,3302,6966,132,221,68,151,137,226,63,145,2,90,0,30,70,0,1,2,90,-1,-1,-1,-1,-1,100270
阿哥亚,1203,61,20,4.5,4,23,22,21,18,9,0,0,0,0,20,0,0,3,0,1,1,-1,29,41,5,7,4,7,3,6,420,700,400,680,380,660,320,600,111,203,106,197,100,191,84,174,4,84,0,30,70,0,100,30,-1,-1,-1,-1,-1,-1,100275
阿哥亚,1204,61,20,4.5,4,23,22,21,18,9,0,0,0,0,20,0,0,3,0,59,60,-1,375,529,63,101,61,99,40,76,5292,8960,5040,8704,4788,8448,4032,7680,111,203,106,197,100,191,84,174,4,84,0,30,70,0,100,30,-1,-1,-1,-1,-1,-1,100275
加美,1205,21,22,4.5,4,22,23,19,23,7,0,0,0,0,0,0,0,1,0,60,61,-1,384,542,67,106,58,97,54,91,5160,8908,5418,9170,4386,8122,5418,9170,102,190,107,196,86,173,107,196,3,87,0,0,60,40,1,2,-1,-1,-1,-1,-1,-1,100259
贝洛宝利,1206,44,22,4.5,4,29,16,30,15,5,0,0,0,0,0,30,0,0,0,60,61,-1,446,605,53,92,85,125,33,70,6966,10742,3612,7336,7224,11004,3354,7074,132,221,68,151,137,226,63,145,2,90,0,30,70,0,1,2,90,-1,-1,-1,-1,-1,100270
阿哥亚,1207,61,20,4.5,4,23,22,21,18,9,0,0,0,0,20,0,0,3,0,60,61,-1,381,538,64,103,62,101,40,78,5376,9100,5120,8840,4864,8580,4096,7800,111,203,106,197,100,191,84,174,4,84,0,30,70,0,100,30,-1,-1,-1,-1,-1,-1,100275
加美,1208,21,22,4.5,4,22,23,19,23,7,0,0,0,0,0,0,0,1,0,61,62,-1,390,550,68,108,59,98,55,93,5240,9044,5502,9310,4454,8246,5502,9310,102,190,107,196,86,173,107,196,3,87,0,0,60,40,1,2,-1,-1,-1,-1,-1,-1,100259
贝洛宝利,1209,44,22,4.5,4,29,16,30,15,5,0,0,0,0,0,30,0,0,0,61,62,-1,453,614,54,93,87,127,34,71,7074,10906,3668,7448,7336,11172,3406,7182,132,221,68,151,137,226,63,145,2,90,0,30,70,0,1,2,90,-1,-1,-1,-1,-1,100270
阿哥亚,1210,61,20,4.5,4,23,22,21,18,9,0,0,0,0,20,0,0,3,0,61,62,-1,387,546,65,105,63,102,41,79,5460,9240,5200,8976,4940,8712,4160,7920,111,203,106,197,100,191,84,174,4,84,0,30,70,0,100,30,-1,-1,-1,-1,-1,-1,100275
拉奇鲁哥,1211,71,23,4.5,4,22,26,20,26,5,0,0,0,0,0,0,0,3,0,62,63,-1,416,579,78,119,64,104,64,102,5340,9214,6408,10298,4806,8672,6408,10298,98,183,117,205,88,172,117,205,2,94,0,0,100,0,1,2,-1,-1,-1,-1,-1,-1,100279
多洛加,1212,174,21,4.5,4,25,26,25,16,5,0,0,0,0,0,20,0,5,0,62,63,-1,431,594,78,119,76,116,37,75,6095,9953,6360,10222,6095,9953,3710,7532,112,199,117,205,112,199,68,151,2,92,0,30,70,0,1,2,90,-1,-1,-1,-1,-1,100322
格鲁西斯,1213,193,21,4.5,4,20,30,13,28,5,0,0,0,0,0,0,3,3,0,62,63,-1,389,551,86,126,46,85,68,107,4770,8608,7420,11298,2915,6725,6890,10760,88,172,137,226,53,135,127,216,2,91,0,0,80,20,1,2,-1,-1,-1,-1,-1,-1,100329
拉奇鲁哥,1214,71,23,4.5,4,22,26,20,26,5,0,0,0,0,0,0,0,3,0,63,64,-1,422,588,79,120,65,106,65,104,5420,9350,6504,10450,4878,8800,6504,10450,98,183,117,205,88,172,117,205,2,94,0,0,100,0,1,2,-1,-1,-1,-1,-1,-1,100279
多洛加,1215,174,21,4.5,4,25,26,25,16,5,0,0,0,0,0,20,0,5,0,63,64,-1,438,603,80,120,77,118,37,76,6187,10101,6456,10374,6187,10101,3766,7644,112,199,117,205,112,199,68,151,2,92,0,30,70,0,1,2,90,-1,-1,-1,-1,-1,100322
格鲁西斯,1216,193,21,4.5,4,20,30,13,28,5,0,0,0,0,0,0,3,3,0,63,64,-1,395,559,87,128,46,87,69,109,4842,8736,7532,11466,2959,6825,6994,10920,88,172,137,226,53,135,127,216,2,91,0,0,80,20,1,2,-1,-1,-1,-1,-1,-1,100329
加美,1217,21,22,4.5,4,22,23,19,23,7,0,0,0,0,0,0,0,1,0,51,55,-1,330,492,58,96,50,88,46,83,4440,8092,4662,8330,3774,7378,4662,8330,102,190,107,196,86,173,107,196,3,87,0,0,60,40,1,2,-1,-1,-1,-1,-1,-1,100259
加比,1218,22,20,4.5,4,21,22,18,28,7,20,0,0,0,0,0,0,1,0,51,55,-1,325,486,55,93,47,85,57,94,4180,7788,4400,8024,3520,7080,5720,9440,96,184,102,190,81,168,132,224,3,89,50,0,0,50,1,60,-1,-1,-1,-1,-1,-1,100260
加比奥,1219,23,18,4.5,4,22,22,18,28,5,0,0,0,0,0,0,0,1,0,51,55,-1,331,491,55,93,47,84,56,93,4360,7956,4360,7956,3488,7020,5668,9360,98,183,98,183,78,162,127,216,2,90,0,0,0,100,1,2,-1,-1,-1,-1,-1,-1,100261
加斯,1220,24,16,4.5,4,21,22,18,25,5,0,0,0,0,0,20,0,1,0,51,55,-1,313,470,54,91,46,83,49,85,4104,7656,4320,7888,3456,6960,4968,8584,96,184,102,190,81,168,117,207,3,86,0,0,30,70,1,90,-1,-1,-1,-1,-1,-1,100262
加美,1221,21,22,4.5,4,22,23,19,23,7,0,0,0,0,0,0,0,1,0,53,57,-1,342,509,60,100,52,91,48,86,4600,8364,4830,8610,3910,7626,4830,8610,102,190,107,196,86,173,107,196,3,87,0,0,60,40,1,2,-1,-1,-1,-1,-1,-1,100259
加比,1222,22,20,4.5,4,21,22,18,28,7,20,0,0,0,0,0,0,1,0,53,57,-1,337,502,57,97,49,88,59,97,4332,8052,4560,8296,3648,7320,5928,9760,96,184,102,190,81,168,132,224,3,89,50,0,0,50,1,60,-1,-1,-1,-1,-1,-1,100260
加比奥,1223,23,18,4.5,4,22,22,18,28,5,0,0,0,0,0,0,0,1,0,53,57,-1,343,508,57,96,49,87,58,96,4520,8228,4520,8228,3616,7260,5876,9680,98,183,98,183,78,162,127,216,2,90,0,0,0,100,1,2,-1,-1,-1,-1,-1,-1,100261
加斯,1224,24,16,4.5,4,21,22,18,25,5,0,0,0,0,0,20,0,1,0,53,57,-1,324,487,56,95,48,86,51,88,4256,7920,4480,8160,3584,7200,5152,8880,96,184,102,190,81,168,117,207,3,86,0,0,30,70,1,90,-1,-1,-1,-1,-1,-1,100262
加美,1225,21,22,4.5,4,22,23,19,23,7,0,0,0,0,0,0,0,1,0,55,59,-1,354,525,62,103,53,94,49,88,4760,8636,4998,8890,4046,7874,4998,8890,102,190,107,196,86,173,107,196,3,87,0,0,60,40,1,2,-1,-1,-1,-1,-1,-1,100259
加比,1226,22,20,4.5,4,21,22,18,28,7,20,0,0,0,0,0,0,1,0,55,59,-1,349,519,59,100,51,91,61,100,4484,8316,4720,8568,3776,7560,6136,10080,96,184,102,190,81,168,132,224,3,89,50,0,0,50,1,60,-1,-1,-1,-1,-1,-1,100260
加比奥,1227,23,18,4.5,4,22,22,18,28,5,0,0,0,0,0,0,0,1,0,55,59,-1,355,525,59,99,51,90,60,100,4680,8500,4680,8500,3744,7500,6084,10000,98,183,98,183,78,162,127,216,2,90,0,0,0,100,1,2,-1,-1,-1,-1,-1,-1,100261
加斯,1228,24,16,4.5,4,21,22,18,25,5,0,0,0,0,0,20,0,1,0,55,59,-1,336,503,58,98,49,89,53,91,4408,8184,4640,8432,3712,7440,5336,9176,96,184,102,190,81,168,117,207,3,86,0,0,30,70,1,90,-1,-1,-1,-1,-1,-1,100262
加比奥,1230,23,18,4.5,4,22,22,18,28,5,0,0,0,0,0,0,0,1,0,1,1,-1,27,37,4,7,3,6,4,7,360,612,360,612,288,540,468,720,98,183,98,183,78,162,127,216,2,90,0,0,0,100,1,2,-1,-1,-1,-1,-1,-1,100261
加斯,1231,24,16,4.5,4,21,22,18,25,5,0,0,0,0,0,20,0,1,0,1,1,-1,23,32,4,6,3,5,3,5,304,528,320,544,256,480,368,592,96,184,102,190,81,168,117,207,3,86,0,0,30,70,1,90,-1,-1,-1,-1,-1,-1,100262
乌宝宝,1248,31,13,4.5,4,17,20,10,32,11,0,0,0,0,0,0,0,1,0,54,55,-1,283,421,50,84,29,63,67,100,3375,6641,4050,7328,1800,5038,6750,10076,82,174,99,192,44,132,165,264,5,79,30,0,0,70,1,2,-1,-1,-1,-1,-1,-1,100263
乌宝宝,1249,31,13,4.5,4,17,20,10,32,11,0,0,0,0,0,0,0,1,0,55,56,-1,288,428,51,85,30,64,68,102,3435,6757,4122,7456,1832,5126,6870,10252,82,174,99,192,44,132,165,264,5,79,30,0,0,70,1,2,-1,-1,-1,-1,-1,-1,100263
柏克尔,1250,65,19,4.5,4,21,22,19,23,7,0,0,0,0,0,0,0,3,0,54,55,-1,332,474,58,93,51,86,48,82,4389,7755,4620,7990,3927,7285,4851,8225,96,184,102,190,86,173,107,196,3,85,0,0,20,80,1,2,-1,-1,-1,-1,-1,-1,100393
柏克尔,1251,65,19,4.5,4,21,22,19,23,7,0,0,0,0,0,0,0,3,0,55,56,-1,338,482,59,94,52,88,49,83,4465,7887,4700,8126,3995,7409,4935,8365,96,184,102,190,86,173,107,196,3,85,0,0,20,80,1,2,-1,-1,-1,-1,-1,-1,100393
加斯,1252,24,16,4.5,4,21,22,18,25,5,0,0,0,0,0,20,0,1,0,55,56,-1,336,479,58,93,49,85,53,87,4408,7788,4640,8024,3712,7080,5336,8732,96,184,102,190,81,168,117,207,3,86,0,0,30,70,1,90,-1,-1,-1,-1,-1,-1,100262
加斯,1253,24,16,4.5,4,21,22,18,25,5,0,0,0,0,0,20,0,1,0,56,57,-1,342,487,59,95,50,86,54,88,4484,7920,4720,8160,3776,7200,5428,8880,96,184,102,190,81,168,117,207,3,86,0,0,30,70,1,90,-1,-1,-1,-1,-1,-1,100262
加斯,1254,24,16,4.5,4,21,22,18,25,5,0,0,0,0,0,20,0,1,0,57,58,-1,348,495,60,96,51,87,55,90,4560,8052,4800,8296,3840,7320,5520,9028,96,184,102,190,81,168,117,207,3,86,0,0,30,70,1,90,-1,-1,-1,-1,-1,-1,100262
龟之盾,1255,51,14,4.5,4,20,18,34,9,9,0,0,0,0,0,0,0,0,0,55,56,-1,315,456,50,85,83,118,16,49,4140,7488,3680,7020,7360,10764,1610,4914,95,185,84,174,169,266,37,121,4,81,30,0,0,70,1,2,-1,-1,-1,-1,-1,-1,100271
龟之盾,1256,51,14,4.5,4,20,18,34,9,9,0,0,0,0,0,0,0,0,0,56,57,-1,320,464,51,86,84,120,16,49,4212,7616,3744,7140,7488,10948,1638,4998,95,185,84,174,169,266,37,121,4,81,30,0,0,70,1,2,-1,-1,-1,-1,-1,-1,100271
龟之盾,1257,51,14,4.5,4,20,18,34,9,9,0,0,0,0,0,0,0,0,0,57,58,-1,326,471,52,87,86,122,16,50,4284,7744,3808,7260,7616,11132,1666,5082,95,185,84,174,169,266,37,121,4,81,30,0,0,70,1,2,-1,-1,-1,-1,-1,-1,100271
加比奥,1258,23,18,4.5,4,22,22,18,28,5,0,0,0,0,0,0,0,1,0,57,60,-1,367,533,61,101,52,92,62,101,4840,8636,4840,8636,3872,7620,6292,10160,98,183,98,183,78,162,127,216,2,90,0,0,0,100,1,2,-1,-1,-1,-1,-1,-1,100261
加比奥,1259,23,18,4.5,4,22,22,18,28,5,0,0,0,0,0,0,0,1,0,59,62,-1,380,550,63,104,54,95,65,104,5000,8908,5000,8908,4000,7860,6500,10480,98,183,98,183,78,162,127,216,2,90,0,0,0,100,1,2,-1,-1,-1,-1,-1,-1,100261
加比奥,1260,23,18,4.5,4,22,22,18,28,5,0,0,0,0,0,0,0,1,0,61,63,-1,392,558,65,106,56,96,67,106,5160,9044,5160,9044,4128,7980,6708,10640,98,183,98,183,78,162,127,216,2,90,0,0,0,100,1,2,-1,-1,-1,-1,-1,-1,100261
凯比特,1261,114,19,4.5,4,16,20,16,28,9,0,0,0,0,0,0,2,0,0,57,60,-1,301,464,54,94,46,85,63,102,3402,7140,4374,8160,3402,7140,6318,10200,74,162,95,185,74,162,137,232,4,80,0,0,0,100,1,2,-1,-1,-1,-1,-1,-1,100298
凯比特,1262,114,19,4.5,4,16,20,16,28,9,0,0,0,0,0,0,2,0,0,59,62,-1,311,478,56,97,47,88,65,105,3514,7364,4518,8416,3514,7364,6526,10520,74,162,95,185,74,162,137,232,4,80,0,0,0,100,1,2,-1,-1,-1,-1,-1,-1,100298
凯比特,1263,114,19,4.5,4,16,20,16,28,9,0,0,0,0,0,0,2,0,0,61,63,-1,321,485,58,99,49,89,67,106,3626,7476,4662,8544,3626,7476,6734,10680,74,162,95,185,74,162,137,232,4,80,0,0,0,100,1,2,-1,-1,-1,-1,-1,-1,100298
克克洛斯,1264,292,20,4.5,4,18,22,10,35,7,0,0,0,0,0,0,5,2,0,57,60,-1,329,494,59,99,33,72,80,120,3904,7680,4880,8704,1952,5632,8052,12032,81,168,102,190,40,123,168,263,3,85,0,0,0,100,1,120,-1,-1,-1,-1,-1,-1,100368
克克洛斯,1265,292,20,4.5,4,18,22,10,35,7,0,0,0,0,0,0,5,2,0,59,62,-1,340,509,61,103,34,74,83,124,4032,7920,5040,8976,2016,5808,8316,12408,81,168,102,190,40,123,168,263,3,85,0,0,0,100,1,120,-1,-1,-1,-1,-1,-1,100368
克克洛斯,1266,292,20,4.5,4,18,22,10,35,7,0,0,0,0,0,0,5,2,0,57,61,-1,329,501,59,101,33,73,80,122,3904,7800,4880,8840,1952,5720,8052,12220,81,168,102,190,40,123,168,263,3,85,0,0,0,100,1,120,-1,-1,-1,-1,-1,-1,100368
鲍,1267,183,17,4.5,4,16,23,20,28,7,0,0,0,0,0,0,0,1,0,62,64,-1,341,508,67,108,60,101,67,107,3654,7532,5481,9415,4698,8608,6786,10760,71,156,107,196,91,179,132,224,3,87,20,0,0,80,1,2,-1,-1,-1,-1,-1,-1,100325
鲍,1268,183,17,4.5,4,16,23,20,28,7,0,0,0,0,0,0,0,1,0,64,66,-1,352,523,69,112,62,104,69,110,3766,7756,5649,9695,4842,8864,6994,11080,71,156,107,196,91,179,132,224,3,87,20,0,0,80,1,2,-1,-1,-1,-1,-1,-1,100325
贝鲁伊卡,1269,192,23,4.5,4,21,30,13,28,5,0,0,0,0,0,0,3,3,0,62,64,-1,403,574,87,130,46,88,69,110,5073,9075,7476,11550,2937,6875,6942,11000,93,178,137,226,53,135,127,216,2,92,0,0,30,70,1,2,-1,-1,-1,-1,-1,-1,100328
贝鲁伊卡,1270,192,23,4.5,4,21,30,13,28,5,0,0,0,0,0,0,3,3,0,64,66,-1,415,591,90,133,48,90,71,113,5225,9339,7700,11886,3025,7075,7150,11320,93,178,137,226,53,135,127,216,2,92,0,0,30,70,1,2,-1,-1,-1,-1,-1,-1,100328
卡达鲁卡斯,1318,81,22,4.5,4,25,23,40,6,5,0,0,0,0,0,0,1,0,0,80,82,-1,557,771,93,146,145,199,13,62,7774,12802,7098,12110,12844,17992,1352,6228,112,199,102,189,186,280,19,97,2,94,100,0,0,0,1,2,-1,-1,-1,-1,-1,-1,100283
诺斯多洛斯,1319,334,24,4.5,4,21,24,19,23,7,0,0,0,0,0,0,1,0,0,80,82,-1,496,709,92,144,77,129,71,121,6460,11484,7480,12528,5780,10788,7140,12180,96,184,112,201,86,173,107,196,3,87,0,0,90,10,1,2,-1,-1,-1,-1,-1,-1,100387
格尔顿,1320,141,28,4.5,4,28,28,26,18,1,0,0,0,0,0,0,5,0,0,82,84,-1,633,856,113,168,107,162,56,108,9152,14400,9152,14400,8448,13680,5632,10800,117,200,117,200,108,190,72,150,0,100,100,0,0,0,1,2,-1,-1,-1,-1,-1,-1,100307
格尔格,1321,144,27,4.5,4,25,30,20,21,3,0,0,0,0,0,0,5,0,0,82,84,-1,586,807,117,172,86,140,66,118,8073,13283,9828,15078,6318,11488,6669,11847,108,192,131,218,84,166,89,171,1,96,0,0,90,10,1,2,-1,-1,-1,-1,-1,-1,100310
利则诺顿,1322,91,22,4.5,4,27,37,19,17,1,0,0,0,0,0,0,5,0,0,83,85,-1,619,841,141,196,84,138,52,103,8750,13962,12250,17542,5950,11098,5250,10382,112,195,157,245,76,155,67,145,0,100,100,0,0,0,1,2,-1,-1,-1,-1,-1,-1,100287
邦奇诺,1323,94,26,4.5,4,24,38,16,20,3,0,0,0,0,0,0,5,0,0,83,85,-1,587,810,145,200,75,129,63,115,7788,13032,12744,18100,4956,10136,6372,11584,103,187,169,260,65,145,84,166,1,98,0,0,100,0,1,2,-1,-1,-1,-1,-1,-1,100290
贝洛恩,1325,41,24,4.5,4,30,12,30,15,7,0,0,0,0,0,0,0,0,0,55,56,-1,415,563,40,76,79,115,31,65,6720,10248,2400,5856,6720,10248,3120,6588,142,235,51,134,142,235,66,151,3,87,0,100,0,0,1,2,-1,-1,-1,-1,-1,-1,100267
贝洛恩,1326,41,24,4.5,4,30,12,30,15,7,0,0,0,0,0,0,0,0,0,56,57,-1,422,572,40,77,80,117,31,66,6832,10416,2440,5952,6832,10416,3172,6696,142,235,51,134,142,235,66,151,3,87,0,100,0,0,1,2,-1,-1,-1,-1,-1,-1,100267
贝洛恩,1327,41,24,4.5,4,30,12,30,15,7,0,0,0,0,0,0,0,0,0,57,58,-1,429,582,41,78,81,119,32,68,6944,10584,2480,6048,6944,10584,3224,6804,142,235,51,134,142,235,66,151,3,87,0,100,0,0,1,2,-1,-1,-1,-1,-1,-1,100267
里斯基,1328,104,17,4.5,4,19,16,19,23,11,0,0,0,0,0,0,0,1,0,55,56,-1,302,445,44,79,50,85,48,82,3961,7347,3262,6636,3961,7347,4893,8295,93,186,77,168,93,186,115,210,5,77,20,80,0,0,1,2,-1,-1,-1,-1,-1,-1,100294
里斯基,1329,104,17,4.5,4,19,16,19,23,11,0,0,0,0,0,0,0,1,0,56,57,-1,308,453,44,80,51,87,49,84,4029,7471,3318,6748,4029,7471,4977,8435,93,186,77,168,93,186,115,210,5,77,20,80,0,0,1,2,-1,-1,-1,-1,-1,-1,100294
里斯基,1330,104,17,4.5,4,19,16,19,23,11,0,0,0,0,0,0,0,1,0,56,57,-1,308,453,44,80,51,87,49,84,4029,7471,3318,6748,4029,7471,4977,8435,93,186,77,168,93,186,115,210,5,77,20,80,0,0,1,2,-1,-1,-1,-1,-1,-1,100294
贝恩达斯,1331,212,16,4.5,4,28,17,28,11,9,0,0,0,0,0,0,1,0,0,55,56,-1,380,523,49,84,72,107,20,54,6032,9440,3480,6844,6032,9440,2088,5428,137,232,79,168,137,232,47,133,4,84,20,80,0,0,1,2,-1,-1,-1,-1,-1,-1,100336
贝恩达斯,1332,212,16,4.5,4,28,17,28,11,9,0,0,0,0,0,0,1,0,0,56,57,-1,387,532,49,85,73,109,21,55,6136,9600,3540,6960,6136,9600,2124,5520,137,232,79,168,137,232,47,133,4,84,20,80,0,0,1,2,-1,-1,-1,-1,-1,-1,100336
贝恩达斯,1333,212,16,4.5,4,28,17,28,11,9,0,0,0,0,0,0,1,0,0,57,58,-1,393,541,50,86,74,111,21,56,6240,9760,3600,7076,6240,9760,2160,5612,137,232,79,168,137,232,47,133,4,84,20,80,0,0,1,2,-1,-1,-1,-1,-1,-1,100336
贝洛宝克尔,1334,43,23,4.5,4,30,13,31,14,7,0,0,0,30,0,0,0,0,0,59,60,-1,443,600,45,83,86,125,30,67,7140,10878,2805,6475,7395,11137,3060,6734,142,235,56,140,147,240,61,145,3,88,30,70,0,0,1,2,80,-1,-1,-1,-1,-1,100269
贝洛宝克尔,1335,43,23,4.5,4,30,13,31,14,7,0,0,0,30,0,0,0,0,0,60,61,-1,450,610,46,84,88,127,31,68,7252,11046,2849,6575,7511,11309,3108,6838,142,235,56,140,147,240,61,145,3,88,30,70,0,0,1,2,80,-1,-1,-1,-1,-1,100269
贝洛宝克尔,1336,43,23,4.5,4,30,13,31,14,7,0,0,0,30,0,0,0,0,0,61,62,-1,457,619,46,86,89,129,31,69,7364,11214,2893,6675,7627,11481,3156,6942,142,235,56,140,147,240,61,145,3,88,30,70,0,0,1,2,80,-1,-1,-1,-1,-1,100269
卡克尔,1337,181,18,4.5,4,20,21,21,24,7,0,0,0,0,0,0,0,1,0,59,60,-1,355,508,60,98,60,98,55,91,4500,8128,4750,8382,4750,8382,5500,9144,91,179,96,184,96,184,112,201,3,86,30,70,0,0,1,2,-1,-1,-1,-1,-1,-1,100323
卡克尔,1338,181,18,4.5,4,20,21,21,24,7,0,0,0,0,0,0,0,1,0,60,61,-1,360,516,61,100,61,100,55,92,4572,8256,4826,8514,4826,8514,5588,9288,91,179,96,184,96,184,112,201,3,86,30,70,0,0,1,2,-1,-1,-1,-1,-1,-1,100323
卡克尔,1339,181,18,4.5,4,20,21,21,24,7,0,0,0,0,0,0,0,1,0,61,62,-1,366,524,62,101,62,101,56,94,4644,8384,4902,8646,4902,8646,5676,9432,91,179,96,184,96,184,112,201,3,86,30,70,0,0,1,2,-1,-1,-1,-1,-1,-1,100323
兰贝鲁斯,1340,332,21,4.5,4,26,21,21,22,5,0,0,0,0,0,0,1,0,0,59,60,-1,414,570,62,101,62,101,50,87,6072,9766,4807,8481,4807,8481,5060,8738,117,205,93,178,93,178,98,183,2,90,0,70,30,0,1,2,-1,-1,-1,-1,-1,-1,100385
兰贝鲁斯,1341,332,21,4.5,4,26,21,21,22,5,0,0,0,0,0,0,1,0,0,60,61,-1,421,579,63,102,63,102,51,88,6168,9918,4883,8613,4883,8613,5140,8874,117,205,93,178,93,178,98,183,2,90,0,70,30,0,1,2,-1,-1,-1,-1,-1,-1,100385
兰贝鲁斯,1342,332,21,4.5,4,26,21,21,22,5,0,0,0,0,0,0,1,0,0,61,62,-1,428,588,64,104,64,104,52,90,6264,10070,4959,8745,4959,8745,5220,9010,117,205,93,178,93,178,98,183,2,90,0,70,30,0,1,2,-1,-1,-1,-1,-1,-1,100385
加格,1343,223,23,4.5,4,30,27,13,16,7,0,0,0,0,0,0,5,0,0,62,63,-1,459,623,80,120,46,86,37,75,7476,11382,6675,10569,2937,6775,3738,7588,142,235,127,218,56,140,71,156,3,86,0,100,0,0,1,50,-1,-1,-1,-1,-1,-1,100341
加格,1344,223,23,4.5,4,30,27,13,16,7,0,0,0,0,0,0,5,0,0,63,64,-1,466,632,81,122,47,88,37,77,7588,11550,6775,10725,2981,6875,3794,7700,142,235,127,218,56,140,71,156,3,86,0,100,0,0,1,50,-1,-1,-1,-1,-1,-1,100341
加格,1345,223,23,4.5,4,30,27,13,16,7,0,0,0,0,0,0,5,0,0,64,65,-1,473,641,82,124,48,89,38,78,7700,11718,6875,10881,3025,6975,3850,7812,142,235,127,218,56,140,71,156,3,86,0,100,0,0,1,50,-1,-1,-1,-1,-1,-1,100341
邦奇,1346,241,22,4.5,4,34,20,24,10,7,0,0,0,0,0,0,0,0,0,1,1,-1,40,53,5,8,6,9,1,4,704,1012,396,704,484,792,176,484,163,257,91,179,112,201,40,123,3,88,0,80,20,0,1,2,-1,-1,-1,-1,-1,-1,100347
邦奇,1347,241,22,4.5,4,34,20,24,10,7,0,0,0,0,0,0,0,0,0,62,63,-1,494,658,64,104,74,114,21,59,8512,12420,4788,8640,5852,9720,2128,5940,163,257,91,179,112,201,40,123,3,88,0,80,20,0,1,2,-1,-1,-1,-1,-1,-1,100347
邦奇,1348,241,22,4.5,4,34,20,24,10,7,0,0,0,0,0,0,0,0,0,63,64,-1,502,668,65,106,75,116,21,60,8640,12604,4860,8768,5940,9864,2160,6028,163,257,91,179,112,201,40,123,3,88,0,80,20,0,1,2,-1,-1,-1,-1,-1,-1,100347
邦奇,1349,241,22,4.5,4,34,20,24,10,7,0,0,0,0,0,0,0,0,0,64,65,-1,509,678,66,107,76,117,21,61,8768,12788,4932,8896,6028,10008,2192,6116,163,257,91,179,112,201,40,123,3,88,0,80,20,0,1,2,-1,-1,-1,-1,-1,-1,100347
史多拉奇顿,1350,321,21,4.5,4,34,19,23,19,3,0,0,0,0,0,0,0,5,0,62,63,-1,511,675,62,102,72,112,45,83,8480,12374,4505,8339,5565,9415,4505,8339,150,239,79,161,98,182,79,161,1,95,20,80,0,0,1,2,-1,-1,-1,-1,-1,-1,100379
史多拉奇顿,1351,321,21,4.5,4,34,19,23,19,3,0,0,0,0,0,0,0,5,0,63,64,-1,519,685,63,104,73,113,45,84,8608,12558,4573,8463,5649,9555,4573,8463,150,239,79,161,98,182,79,161,1,95,20,80,0,0,1,2,-1,-1,-1,-1,-1,-1,100379
史多拉奇顿,1352,321,21,4.5,4,34,19,23,19,3,0,0,0,0,0,0,0,5,0,64,65,-1,526,695,64,105,74,115,46,85,8736,12742,4641,8587,5733,9695,4641,8587,150,239,79,161,98,182,79,161,1,95,20,80,0,0,1,2,-1,-1,-1,-1,-1,-1,100379
帖拉格恩,1364,271,27,4.5,4,23,31,23,25,1,0,0,0,0,0,0,1,5,0,80,81,-1,572,780,119,171,94,146,78,128,7203,12145,9947,14921,7203,12145,7889,12839,94,175,130,215,94,175,103,185,0,102,0,0,20,80,1,2,-1,-1,-1,-1,-1,-1,100359
帖拉格恩,1365,271,27,4.5,4,23,31,23,25,1,0,0,0,0,0,0,1,5,0,81,82,-1,579,789,120,173,95,147,79,129,7287,12285,10063,15093,7287,12285,7981,12987,94,175,130,215,94,175,103,185,0,102,0,0,20,80,1,2,-1,-1,-1,-1,-1,-1,100359
加宝格恩,1366,273,24,4.5,4,24,30,24,26,1,20,0,0,0,0,0,1,5,0,80,81,-1,584,791,115,167,97,148,81,130,7480,12384,9520,14448,7480,12384,8160,13072,99,180,126,210,99,180,108,190,0,104,50,0,0,50,1,2,60,-1,-1,-1,-1,-1,100361
加宝格恩,1367,273,24,4.5,4,24,30,24,26,1,20,0,0,0,0,0,1,5,0,81,82,-1,591,800,117,169,98,150,82,132,7568,12528,9632,14616,7568,12528,8256,13224,99,180,126,210,99,180,108,190,0,104,50,0,0,50,1,2,60,-1,-1,-1,-1,-1,100361
加宝格恩,1368,273,24,4.5,4,24,30,24,26,1,20,0,0,0,0,0,1,5,0,1,1,-1,41,55,8,11,6,10,5,9,528,864,672,1008,528,864,576,912,99,180,126,210,99,180,108,190,0,104,50,0,0,50,1,2,60,-1,-1,-1,-1,-1,100361
玛恩摩,1369,261,27,4.5,4,50,25,15,8,3,0,0,0,0,0,0,5,0,0,82,84,-1,856,1084,104,159,73,127,21,71,16848,22258,8073,13283,4563,9693,2106,7180,225,322,108,192,61,140,28,104,1,98,90,10,0,0,1,2,-1,-1,-1,-1,-1,-1,100355
恩摩摩,1370,262,24,4.5,4,48,27,12,10,3,0,0,0,0,0,0,5,0,0,82,84,-1,824,1050,109,163,62,115,27,78,16008,21360,8700,13884,3480,8544,2784,7832,216,312,117,202,47,124,37,114,1,97,0,20,80,0,1,2,-1,-1,-1,-1,-1,-1,100356
玛摩那斯,1371,263,26,4.5,4,51,25,12,10,3,0,0,0,0,0,0,5,0,0,82,84,-1,864,1091,104,158,63,116,28,78,17150,22554,8050,13246,3500,8592,2800,7876,230,327,108,192,47,124,37,114,1,98,70,30,0,0,1,2,-1,-1,-1,-1,-1,-1,100357
玛恩摩洛斯,1372,264,25,4.5,4,51,26,12,11,1,0,0,0,0,0,0,5,0,0,82,84,-1,869,1095,107,161,63,116,31,82,17101,22491,8376,13566,3490,8568,3141,8211,220,315,108,190,45,120,40,115,0,100,0,50,50,0,1,2,-1,-1,-1,-1,-1,-1,100358
乌力斯坦,1377,6,25,4.5,4,30,24,27,24,11,0,0,0,0,0,0,1,1,2,1,1,-1,47,62,7,10,7,11,5,9,700,1050,550,900,625,975,550,900,126,210,99,180,112,195,99,180,0,105,50,0,0,50,1,20,-1,-1,-1,-1,-1,-1,100252
奇娜,1378,232,24,4.5,4,33,28,31,11,1,0,0,0,20,0,0,5,0,0,1,1,-1,47,61,7,11,8,12,2,5,744,1080,624,960,696,1032,216,552,139,225,117,200,130,215,40,115,0,103,40,60,0,0,1,2,80,-1,-1,-1,-1,-1,100344
多鲁宝,1379,244,24,4.5,4,33,23,24,10,-1,0,0,0,0,0,0,0,0,1,1,1,-1,44,58,6,10,6,10,1,5,744,1080,504,840,528,864,192,528,151,243,102,189,107,194,39,118,2,90,0,50,50,0,1,2,-1,-1,-1,-1,-1,-1,100350
洛卡伦恩,1380,272,26,4.5,4,22,33,24,24,1,0,0,0,0,0,0,1,5,0,1,1,-1,42,57,9,13,7,11,5,9,520,884,806,1170,572,936,572,936,90,170,139,225,99,180,99,180,0,103,0,0,80,20,1,2,-1,-1,-1,-1,-1,-1,100360
帖拉所伊朵,1381,304,28,4.5,4,23,35,25,21,-3,5,5,5,5,5,5,5,5,2,1,1,-1,47,63,10,14,8,12,5,9,588,980,924,1316,644,1036,532,924,94,175,148,235,103,185,85,165,0,104,0,0,50,50,1,2,30,-1,-1,-1,-1,-1,100374
朵洛将恩,1382,88,20,4.5,4,25,20,36,12,5,0,0,0,0,0,0,1,0,0,1,1,-1,32,44,4,7,7,10,2,4,460,740,360,640,680,960,200,480,112,199,88,172,166,259,49,129,2,93,20,0,0,80,1,2,-1,-1,-1,-1,-1,-1,100392
朵洛将恩,1383,88,20,4.5,4,25,20,36,12,5,0,0,0,0,0,0,1,0,0,85,87,-1,583,808,87,142,139,195,35,87,8188,13468,6408,11648,12104,17472,3560,8736,112,199,88,172,166,259,49,129,2,93,20,0,0,80,1,2,-1,-1,-1,-1,-1,-1,100392
格尔格,1384,144,27,4.5,4,25,30,20,21,3,0,0,0,0,0,0,5,0,0,85,87,-1,606,834,121,178,89,144,68,122,8349,13727,10164,15582,6534,11872,6897,12243,108,192,131,218,84,166,89,171,1,96,0,0,90,10,1,2,-1,-1,-1,-1,-1,-1,100310
扬奇洛斯,1385,92,29,4.5,4,27,36,16,20,3,0,0,0,0,0,0,5,0,0,85,87,-1,642,872,143,200,77,133,65,119,9125,14547,12410,17904,5110,10444,6570,11936,117,202,159,249,65,145,84,166,1,99,0,30,70,0,1,2,-1,-1,-1,-1,-1,-1,100288
阿伊萨,1386,86,22,4.5,4,27,19,37,6,7,0,0,0,0,0,0,1,0,0,1,1,-1,36,49,5,8,8,11,0,3,550,858,374,682,770,1078,88,396,127,218,86,173,178,274,20,100,3,89,50,50,0,0,1,2,-1,-1,-1,-1,-1,-1,100390
阿伊萨,1387,86,22,4.5,4,27,19,37,6,7,0,0,0,0,0,0,1,0,0,88,90,-1,614,846,87,144,147,205,14,68,9250,14742,6290,11718,12950,18522,1480,6804,127,218,86,173,178,274,20,100,3,89,50,50,0,0,1,2,-1,-1,-1,-1,-1,-1,100390
加宝格恩,1388,273,24,4.5,4,24,30,24,26,1,20,0,0,0,0,0,1,5,0,88,90,-1,639,874,126,184,106,164,89,144,8184,13680,10416,15960,8184,13680,8928,14440,99,180,126,210,99,180,108,190,0,104,50,0,0,50,1,2,60,-1,-1,-1,-1,-1,100361
布鲁顿,1389,95,25,4.5,4,25,35,14,24,3,0,0,0,0,0,0,5,0,0,88,90,-1,630,864,142,200,71,128,82,137,8579,14097,12309,17907,4476,9906,8206,13716,108,192,155,244,56,135,103,187,1,98,0,0,20,80,1,2,-1,-1,-1,-1,-1,-1,100394
格洛格鲁,1390,87,22,4.5,4,28,24,31,6,7,0,0,0,0,0,0,1,0,0,1,1,-1,37,49,6,9,7,10,0,3,572,880,484,792,638,946,88,396,132,224,112,201,147,240,20,100,3,89,0,60,40,0,1,2,-1,-1,-1,-1,-1,-1,100391
格洛格鲁,1391,87,22,4.5,4,28,24,31,6,7,0,0,0,0,0,0,1,0,0,91,93,-1,645,885,107,166,131,191,15,70,9932,15600,8404,14040,11078,16770,1528,7020,132,224,112,201,147,240,20,100,3,89,0,60,40,0,1,2,-1,-1,-1,-1,-1,-1,100391
可利多洛斯,1392,333,19,4.5,4,24,20,22,20,7,0,0,0,0,0,0,1,0,0,91,93,-1,583,820,89,147,96,154,68,123,8338,13932,6822,12384,7580,13158,6822,12384,112,201,91,179,102,190,91,179,3,86,70,30,0,0,1,2,-1,-1,-1,-1,-1,-1,100386
多萨金格,1393,73,19,4.5,4,23,24,23,25,3,0,0,0,0,0,0,0,3,0,91,93,-1,606,843,105,163,102,160,87,143,7959,13545,8338,13932,7959,13545,8717,14319,98,182,103,187,98,182,108,192,1,95,60,0,0,40,1,2,40,-1,-1,-1,-1,-1,100281
邦浦洛斯,1394,93,27,4.5,4,25,37,15,21,3,0,0,0,0,0,0,5,0,0,93,95,-1,667,914,158,219,79,140,75,132,9085,14911,13825,19747,5135,10881,7505,13299,108,192,164,254,61,140,89,171,1,98,0,0,50,50,1,2,-1,-1,-1,-1,-1,-1,100289
拉可拉斯,1395,325,23,4.5,4,34,21,22,20,3,0,0,0,0,0,0,0,5,0,1,1,-1,44,58,5,9,6,9,4,7,736,1058,437,759,460,782,414,736,150,239,89,171,94,176,84,166,1,97,0,70,30,0,1,2,-1,-1,-1,-1,-1,-1,100383
拉可拉斯,1396,325,23,4.5,4,34,21,22,20,3,0,0,0,0,0,0,0,5,0,93,95,-1,762,1009,100,159,103,163,70,127,12512,18354,7429,13167,7820,13566,7038,12768,150,239,89,171,94,176,84,166,1,97,0,70,30,0,1,2,-1,-1,-1,-1,-1,-1,100383
布林帖斯,1397,252,26,4.5,4,40,23,32,7,1,0,0,0,0,0,0,5,0,0,1,1,-1,56,71,7,11,9,13,1,4,988,1352,546,910,780,1144,130,494,171,260,94,175,135,220,22,95,0,102,30,70,0,0,1,2,-1,-1,-1,-1,-1,-1,100352
布林帖斯,1398,252,26,4.5,4,40,23,32,7,1,0,0,0,0,0,0,5,0,0,93,95,-1,858,1109,112,173,144,205,19,76,14972,20904,8274,14070,11820,17688,1970,7638,171,260,94,175,135,220,22,95,0,102,30,70,0,0,1,2,-1,-1,-1,-1,-1,-1,100352
火鸡,1427,291,17,4.5,4,19,18,10,33,9,0,0,0,0,0,0,3,1,0,25,30,-1,150,254,23,46,15,37,35,59,1921,4123,1808,3990,904,2926,3503,5985,90,179,84,174,42,127,164,261,4,80,0,0,30,70,1,-1,-1,-1,-1,-1,-1,-1,100367
克克洛斯,1430,292,20,4.5,4,18,22,10,35,7,0,0,0,0,0,0,5,2,0,25,30,-1,156,262,28,53,15,38,38,63,1856,4080,2320,4624,928,2992,3828,6392,81,168,102,190,40,123,168,263,3,85,0,0,0,100,1,120,-1,-1,-1,-1,-1,-1,100368
奇宝,1431,294,20,4.5,4,18,24,11,40,9,0,0,0,0,0,0,3,1,0,25,30,-1,165,273,31,56,17,40,44,70,1856,4080,2552,4896,1044,3128,4408,7072,78,162,107,194,44,124,186,280,2,93,0,0,80,20,1,-1,-1,-1,-1,-1,-1,-1,100370
霍尔克,1432,293,18,4.5,4,21,20,14,40,9,0,0,0,0,0,0,3,1,0,25,30,-1,175,284,26,50,20,43,43,69,2166,4422,2052,4288,1368,3484,4332,6968,89,171,84,166,56,135,178,270,1,95,30,0,0,70,1,-1,-1,-1,-1,-1,-1,-1,100369
昆伊,1433,113,15,4.5,4,13,20,17,25,11,0,0,0,0,0,0,2,0,0,25,30,-1,122,220,24,48,21,44,25,48,1221,3275,1998,4192,1665,3799,2553,4847,60,150,99,192,82,174,126,222,5,75,0,0,50,50,1,2,-1,-1,-1,-1,-1,-1,100297
卡比特,1434,111,18,4.5,4,14,19,19,27,11,0,0,0,0,0,0,2,0,0,25,30,-1,133,234,24,48,24,48,28,52,1368,3484,1938,4154,1938,4154,2850,5226,66,156,93,186,93,186,137,234,5,79,0,0,70,30,1,2,-1,-1,-1,-1,-1,-1,100295
凯比,1435,112,20,4.5,4,14,19,19,27,11,0,0,0,0,0,0,2,0,0,25,30,-1,135,238,25,49,25,49,28,53,1392,3536,1972,4216,1972,4216,2900,5304,66,156,93,186,93,186,137,234,5,79,20,0,0,80,1,2,-1,-1,-1,-1,-1,-1,100296
凯比特,1436,114,19,4.5,4,16,20,16,28,9,0,0,0,0,0,0,2,0,0,25,30,-1,142,245,25,50,21,45,29,54,1610,3780,2070,4320,1610,3780,2990,5400,74,162,95,185,74,162,137,232,4,80,0,0,0,100,1,2,-1,-1,-1,-1,-1,-1,100298
邦洛洛克斯,1437,331,22,4.5,4,24,19,24,18,7,0,0,0,0,0,0,1,0,0,25,30,-1,180,291,26,51,32,57,18,41,2596,4968,2006,4278,2596,4968,1888,4140,112,201,86,173,112,201,81,168,3,85,40,60,0,0,1,2,-1,-1,-1,-1,-1,-1,100384
兰贝鲁斯,1438,332,21,4.5,4,26,21,21,22,5,0,0,0,0,0,0,1,0,0,25,30,-1,191,304,29,53,29,53,23,46,2808,5206,2223,4521,2223,4521,2340,4658,117,205,93,178,93,178,98,183,2,90,0,70,30,0,1,2,-1,-1,-1,-1,-1,-1,100385
可利多洛斯,1439,333,19,4.5,4,24,20,22,20,7,0,0,0,0,0,0,1,0,0,25,30,-1,177,286,27,51,29,53,20,43,2530,4860,2070,4320,2300,4590,2070,4320,112,201,91,179,102,190,91,179,3,86,70,30,0,0,1,2,-1,-1,-1,-1,-1,-1,100386
诺斯多洛斯,1440,334,24,4.5,4,21,24,19,23,7,0,0,0,0,0,0,1,0,0,25,30,-1,175,285,32,58,27,52,25,49,2280,4620,2640,5040,2040,4340,2520,4900,96,184,112,201,86,173,107,196,3,87,0,0,90,10,1,2,-1,-1,-1,-1,-1,-1,100387
乌力布鲁,1442,4,10,4.5,4,25,23,19,33,-1,0,0,0,0,0,0,10,10,1,15,15,-1,112,151,17,27,15,25,20,29,1518,2442,1386,2310,1122,2046,2046,2970,103,185,94,175,76,155,139,225,0,100,0,0,70,30,1,150,11,-1,-1,-1,-1,-1,100253
布伊比,1443,14,16,4.5,4,32,26,15,18,5,0,0,0,0,0,0,2,0,0,15,15,-1,131,173,21,31,14,24,11,21,2160,3168,1728,2736,936,1944,1152,2160,147,237,117,205,63,145,78,162,2,91,0,40,60,0,1,3,-1,-1,-1,-1,-1,-1,100257
布洛多斯,1444,251,25,4.5,4,37,27,33,6,1,0,0,0,0,0,0,5,0,0,95,105,-1,842,1181,129,206,151,230,16,79,14035,21609,10025,17199,12431,19845,1604,7938,157,245,112,195,139,225,18,90,0,103,90,10,0,0,1,2,-1,-1,-1,-1,-1,-1,100351
布拉奇多斯,1445,253,24,4.5,4,35,35,28,6,1,0,0,0,0,0,0,5,0,0,95,105,-1,820,1157,158,238,133,210,16,79,13200,20680,13200,20680,10400,17600,1600,7920,148,235,148,235,117,200,18,90,0,104,0,20,80,0,1,2,-1,-1,-1,-1,-1,-1,100353
斯天多斯,1446,254,28,4.5,4,40,25,35,5,1,0,0,0,0,0,0,5,0,0,95,105,-1,892,1238,124,200,160,240,12,75,15352,23088,9292,16428,13332,20868,1212,7548,171,260,103,185,148,235,13,85,0,105,50,50,0,0,1,2,-1,-1,-1,-1,-1,-1,100354
邦恩多斯,1447,255,28,4.5,4,37,30,27,10,1,0,0,0,0,0,0,5,0,0,95,105,-1,852,1194,140,219,130,207,32,97,14140,21756,11312,18648,10100,17316,3232,9768,157,245,126,210,112,195,36,110,0,104,0,0,20,80,1,2,-1,-1,-1,-1,-1,-1,100396
可利多洛斯,1448,333,19,4.5,4,24,20,22,20,7,0,0,0,0,0,0,1,0,0,90,95,-1,577,837,88,150,95,157,67,126,8250,14220,6750,12640,7500,13430,6750,12640,112,201,91,179,102,190,91,179,3,86,70,30,0,0,1,2,-1,-1,-1,-1,-1,-1,100386
诺斯多洛斯,1449,334,24,4.5,4,21,24,19,23,7,0,0,0,0,0,0,1,0,0,90,95,-1,554,816,103,166,86,148,79,140,7220,13200,8360,14400,6460,12400,7980,14000,96,184,112,201,86,173,107,196,3,87,0,0,90,10,1,2,-1,-1,-1,-1,-1,-1,100387
斯天多斯,1450,254,28,4.5,4,40,25,35,5,1,0,0,0,0,0,0,5,0,0,1,1,-1,61,78,8,12,11,15,0,4,1064,1456,644,1036,924,1316,84,476,171,260,103,185,148,235,13,85,0,105,50,50,0,0,1,2,-1,-1,-1,-1,-1,-1,100354
邦恩多斯,1451,255,28,4.5,4,37,30,27,10,1,0,0,0,0,0,0,5,0,0,1,1,-1,59,75,9,13,9,13,2,6,980,1372,784,1176,700,1092,224,616,157,245,126,210,112,195,36,110,0,104,0,0,20,80,1,2,-1,-1,-1,-1,-1,-1,100396
巴朵兰恩,1457,303,27,4.5,4,23,37,20,25,1,0,0,0,0,0,0,5,5,0,95,105,-1,685,1010,163,243,101,176,92,163,8463,15505,14105,21707,7254,14176,9269,16391,94,175,157,245,81,160,103,185,0,105,0,20,80,0,1,2,-1,-1,-1,-1,-1,-1,100373
奥卡洛斯,1458,301,25,4.5,4,26,29,28,20,1,0,0,0,0,0,0,5,5,0,95,105,-1,709,1036,133,211,130,207,72,141,9624,16758,10827,18081,10426,17640,7218,14112,108,190,121,205,117,200,81,160,0,103,60,40,0,0,1,2,40,-1,-1,-1,-1,-1,100371
加美,1459,21,22,4.5,4,22,23,19,23,7,0,0,0,0,0,0,0,1,0,95,105,-1,593,906,104,178,90,162,83,153,7960,14892,8358,15330,6766,13578,8358,15330,102,190,107,196,86,173,107,196,3,87,0,0,60,40,1,2,-1,-1,-1,-1,-1,-1,100259
加比,1460,22,20,4.5,4,21,22,18,28,7,20,0,0,0,0,0,0,1,0,95,105,-1,586,898,100,173,85,157,102,174,7524,14388,7920,14824,6336,13080,10296,17440,96,184,102,190,81,168,132,224,3,89,50,0,0,50,1,60,-1,-1,-1,-1,-1,-1,100260
加比奥,1461,23,18,4.5,4,22,22,18,28,5,0,0,0,0,0,0,0,1,0,95,105,-1,598,911,100,173,85,157,102,173,7880,14756,7880,14756,6304,13020,10244,17360,98,183,98,183,78,162,127,216,2,90,0,0,0,100,1,2,-1,-1,-1,-1,-1,-1,100261
加斯,1462,24,16,4.5,4,21,22,18,25,5,0,0,0,0,0,20,0,1,0,95,105,-1,568,876,98,171,84,155,90,159,7448,14256,7840,14688,6272,12960,9016,15984,96,184,102,190,81,168,117,207,3,86,0,0,30,70,1,90,-1,-1,-1,-1,-1,-1,100262
卡伊霍恩,1463,313,28,4.5,4,18,26,24,29,-1,0,0,0,0,0,0,0,5,1,95,105,-1,593,910,119,196,112,188,109,182,6464,13320,9696,16872,8888,15984,10908,18204,75,156,112,197,103,187,126,213,1,97,0,0,80,20,1,2,-1,-1,-1,-1,-1,-1,100377
拉伊霍恩,1464,314,30,4.5,4,20,25,25,30,-3,5,5,5,5,5,5,0,5,2,95,105,-1,633,954,117,194,117,194,113,187,7308,14272,9338,16502,9338,16502,11368,18732,81,160,103,185,103,185,126,210,0,100,50,50,0,0,1,2,-1,-1,-1,-1,-1,-1,100378
布洛多斯,1465,251,25,4.5,4,37,27,33,6,1,0,0,0,0,0,0,5,0,0,80,90,-1,716,1021,110,178,128,198,13,68,11935,18669,8525,14859,10571,17145,1364,6858,157,245,112,195,139,225,18,90,0,103,90,10,0,0,1,2,-1,-1,-1,-1,-1,-1,100351
布拉奇多斯,1466,253,24,4.5,4,35,35,28,6,1,0,0,0,0,0,0,5,0,0,80,90,-1,697,999,134,205,113,181,13,68,11220,17860,11220,17860,8840,15200,1360,6840,148,235,148,235,117,200,18,90,0,104,0,20,80,0,1,2,-1,-1,-1,-1,-1,-1,100353
斯天多斯,1467,254,28,4.5,4,40,25,35,5,1,0,0,0,0,0,0,5,0,0,80,90,-1,760,1071,105,173,136,208,10,65,13072,19968,7912,14208,11352,18048,1032,6528,171,260,103,185,148,235,13,85,0,105,50,50,0,0,1,2,-1,-1,-1,-1,-1,-1,100354
邦恩多斯,1468,255,28,4.5,4,37,30,27,10,1,0,0,0,0,0,0,5,0,0,80,90,-1,725,1032,120,189,110,179,27,84,12040,18816,9632,16128,8600,14976,2752,8448,157,245,126,210,112,195,36,110,0,104,0,0,20,80,1,2,-1,-1,-1,-1,-1,-1,100396
布洛多斯,1469,251,25,4.5,4,37,27,33,6,1,0,0,0,0,0,0,5,0,0,90,95,-1,800,1074,123,187,143,209,15,72,13335,19649,9525,15639,11811,18045,1524,7218,157,245,112,195,139,225,18,90,0,103,90,10,0,0,1,2,-1,-1,-1,-1,-1,-1,100351
布拉奇多斯,1470,253,24,4.5,4,35,35,28,6,1,0,0,0,0,0,0,5,0,0,90,95,-1,779,1052,150,216,126,191,15,72,12540,18800,12540,18800,9880,16000,1520,7200,148,235,148,235,117,200,18,90,0,104,0,20,80,0,1,2,-1,-1,-1,-1,-1,-1,100353
斯天多斯,1471,254,28,4.5,4,40,25,35,5,1,0,0,0,0,0,0,5,0,0,90,95,-1,848,1127,118,182,152,219,11,68,14592,21008,8832,14948,12672,18988,1152,6868,171,260,103,185,148,235,13,85,0,105,50,50,0,0,1,2,-1,-1,-1,-1,-1,-1,100354
邦恩多斯,1472,255,28,4.5,4,37,30,27,10,1,0,0,0,0,0,0,5,0,0,90,95,-1,810,1086,134,199,123,188,30,88,13440,19796,10752,16968,9600,15756,3072,8888,157,245,126,210,112,195,36,110,0,104,0,0,20,80,1,2,-1,-1,-1,-1,-1,-1,100396
巴朵兰恩,1473,303,27,4.5,4,23,37,20,25,1,0,0,0,0,0,0,5,5,0,90,95,-1,651,918,155,221,96,160,88,149,8043,14105,13405,19747,6894,12896,8809,14911,94,175,157,245,81,160,103,185,0,105,0,20,80,0,1,2,-1,-1,-1,-1,-1,-1,100373
奥卡洛斯,1474,301,25,4.5,4,26,29,28,20,1,0,0,0,0,0,0,5,5,0,90,95,-1,674,942,127,192,123,188,68,128,9144,15238,10287,16441,9906,16040,6858,12832,108,190,121,205,117,200,81,160,0,103,60,40,0,0,1,2,40,-1,-1,-1,-1,-1,100371
小乌乌,1476,716,10,4.5,4,24,15,15,22,1,0,0,0,0,0,0,1,1,0,1,1,-1,14,20,1,3,1,3,2,3,220,360,130,270,130,270,200,340,121,216,71,162,71,162,110,204,5,76,80,20,0,0,1,-1,-1,-1,-1,-1,-1,-1,100250
小坦坦,1477,717,15,4.5,4,22,17,19,17,1,0,0,0,0,0,0,1,1,0,1,1,-1,20,29,2,5,3,5,2,4,300,510,225,435,255,465,225,435,110,204,82,174,93,186,82,174,5,75,100,0,0,0,1,20,-1,-1,-1,-1,-1,-1,100252
玛蕾菲雅,1479,718,20,5,5,25,25,25,25,0,10,10,10,50,10,10,5,5,0,1,1,-1,34,45,5,8,5,8,4,7,460,740,460,740,460,740,460,740,103,185,103,185,103,185,103,185,0,100,100,0,0,0,1,2,-1,-1,-1,-1,-1,79,100451
迪欧,1481,719,20,5,5,35,35,20,10,0,0,0,0,0,0,0,10,10,0,1,1,-1,40,51,7,10,5,8,1,4,660,940,660,940,360,640,160,440,148,235,148,235,81,160,36,110,0,100,0,50,50,0,1,2,-1,-1,-1,-1,-1,30,100401
爱丽儿队的加美,1482,721,22,4.5,4,22,23,19,23,7,0,0,0,0,0,0,0,1,0,1,1,-1,32,45,5,8,4,8,4,7,440,748,462,770,374,682,462,770,102,190,107,196,86,173,107,196,3,87,0,0,60,40,1,2,-1,-1,-1,-1,-1,33,100259
鲁乌,1483,720,20,5,5,35,35,20,10,0,0,0,0,0,0,0,10,10,0,1,1,-1,40,51,7,10,5,8,1,4,660,940,660,940,360,640,160,440,148,235,148,235,81,160,36,110,0,100,0,50,50,0,1,2,-1,-1,-1,-1,-1,30,100432
史多拉奇顿,1484,321,21,4.5,4,34,19,23,19,3,0,0,0,0,0,0,0,5,0,100,105,-1,804,1096,98,166,113,182,70,135,13344,20102,7089,13547,8757,15295,7089,13547,150,239,79,161,98,182,79,161,1,95,20,80,0,0,1,2,-1,-1,-1,-1,-1,-1,100379
萨美洛斯,1485,322,20,4.5,4,36,20,23,21,1,0,0,0,0,0,0,0,5,0,100,105,-1,848,1142,103,172,115,183,79,143,14144,20928,7488,13952,8736,15260,7904,14388,153,240,81,160,94,175,85,165,0,100,0,100,0,0,1,2,-1,-1,-1,-1,-1,-1,100380
拉可拉斯,1486,325,23,4.5,4,34,21,22,20,3,0,0,0,0,0,0,0,5,0,100,105,-1,817,1110,107,176,111,179,75,140,13408,20194,7961,14487,8380,14926,7542,14048,150,239,89,171,94,176,84,166,1,97,0,70,30,0,1,2,-1,-1,-1,-1,-1,-1,100383
布林帖斯,1488,252,26,4.5,4,40,23,32,7,1,0,0,0,0,0,0,5,0,0,105,120,-1,963,1385,126,216,161,256,22,95,16796,26104,9282,17570,13260,22088,2210,9538,171,260,94,175,135,220,22,95,0,102,30,70,0,0,1,2,-1,-1,-1,-1,-1,-1,100352
克邦凯斯,1489,221,18,4.5,4,27,27,16,14,9,0,0,0,0,0,0,5,0,0,90,95,-1,602,862,112,175,75,136,44,102,9350,15366,9350,15366,5236,11032,4488,10244,132,226,132,226,74,162,63,150,4,84,40,60,0,0,1,-1,-1,-1,-1,-1,-1,-1,100339
加克拉,1490,222,22,4.5,4,26,30,14,16,7,0,0,0,0,0,0,5,0,0,90,95,-1,604,867,123,188,69,130,52,111,9072,15124,10584,16716,4536,10348,5292,11144,122,212,142,235,61,145,71,156,3,86,0,50,50,0,1,-1,-1,-1,-1,-1,-1,-1,100340
加格,1491,223,23,4.5,4,30,27,13,16,7,0,0,0,0,0,0,5,0,0,90,95,-1,651,917,114,177,66,127,53,111,10612,16758,9475,15561,4169,9975,5306,11172,142,235,127,218,56,140,71,156,3,86,0,100,0,0,1,50,-1,-1,-1,-1,-1,-1,100341
邦恩吉,1492,224,16,4.5,4,28,26,15,14,9,0,0,0,0,20,0,5,0,0,90,95,-1,606,866,107,170,71,131,44,101,9672,15680,8928,14896,4836,10584,4464,10192,137,232,127,220,68,156,63,150,4,83,20,80,0,0,1,100,-1,-1,-1,-1,-1,-1,100342
格尔顿,1493,141,28,4.5,4,28,28,26,18,1,0,0,0,0,0,0,5,0,0,20,25,-1,187,295,33,58,31,55,16,37,2704,4960,2704,4960,2496,4712,1664,3720,117,200,117,200,108,190,72,150,0,100,100,0,0,0,1,2,-1,-1,-1,-1,-1,-1,100307
齐尔格尔顿,1496,143,27,4.5,4,28,29,21,20,3,0,0,0,0,0,0,5,0,0,20,25,-1,183,290,33,58,26,49,18,39,2678,4920,2781,5043,1957,4059,1854,3936,122,208,126,213,89,171,84,166,1,98,0,30,70,0,1,2,-1,-1,-1,-1,-1,-1,100309
阿哥亚,1497,61,20,4.5,4,23,22,21,18,9,0,0,0,0,20,0,0,3,0,15,20,-1,113,198,19,38,18,37,12,28,1596,3360,1520,3264,1444,3168,1216,2880,111,203,106,197,100,191,84,174,4,84,0,30,70,0,100,30,-1,-1,-1,-1,-1,-1,100275
特洛昆,1498,63,17,4.5,4,23,21,23,17,9,0,0,0,0,0,0,0,3,0,15,20,-1,108,192,17,36,19,37,10,26,1533,3255,1387,3069,1533,3255,1095,2697,111,203,100,191,111,203,79,168,4,84,70,0,0,30,1,2,-1,-1,-1,-1,-1,-1,100277
拉奇鲁哥,1499,71,23,4.5,4,22,26,20,26,5,0,0,0,0,0,0,0,3,0,20,25,-1,154,254,29,52,23,45,23,45,1980,4046,2376,4522,1782,3808,2376,4522,98,183,117,205,88,172,117,205,2,94,0,0,100,0,1,2,-1,-1,-1,-1,-1,-1,100279
呼拔拔,1500,72,24,4.5,4,22,24,19,27,5,0,0,0,0,0,0,0,3,0,20,25,-1,154,254,27,50,22,44,25,46,2000,4080,2200,4320,1700,3720,2500,4680,98,183,107,194,83,167,122,210,2,92,0,0,60,40,1,2,-1,-1,-1,-1,-1,-1,100280
多萨金格,1501,73,19,4.5,4,23,24,23,25,3,0,0,0,0,0,0,0,3,0,20,25,-1,152,250,26,48,25,47,21,42,1995,4025,2090,4140,1995,4025,2185,4255,98,182,103,187,98,182,108,192,1,95,60,0,0,40,1,2,40,-1,-1,-1,-1,-1,100281
鲁尼帖斯,1502,74,22,4.5,4,23,23,25,22,5,0,0,0,0,0,0,0,3,0,20,25,-1,154,254,26,48,28,50,19,40,2058,4130,2058,4130,2254,4366,1960,4012,102,189,102,189,112,199,98,183,2,93,100,0,0,0,1,2,-1,-1,-1,-1,-1,-1,100282
史多拉奇顿,1503,321,21,4.5,4,34,19,23,19,3,0,0,0,0,0,0,0,5,0,10,15,-1,110,193,13,29,15,32,9,23,1824,3542,969,2387,1197,2695,969,2387,150,239,79,161,98,182,79,161,1,95,20,80,0,0,1,2,-1,-1,-1,-1,-1,-1,100379
萨美洛斯,1504,322,20,4.5,4,36,20,23,21,1,0,0,0,0,0,0,0,5,0,10,15,-1,114,199,13,29,15,32,10,25,1904,3648,1008,2432,1176,2660,1064,2508,153,240,81,160,94,175,85,165,0,100,0,100,0,0,1,2,-1,-1,-1,-1,-1,-1,100380
拉可拉斯,1505,325,23,4.5,4,34,21,22,20,3,0,0,0,0,0,0,0,5,0,10,15,-1,115,199,15,31,15,32,10,25,1888,3634,1121,2607,1180,2686,1062,2528,150,239,89,171,94,176,84,166,1,97,0,70,30,0,1,2,-1,-1,-1,-1,-1,-1,100383
姆伊,1506,242,20,4.5,4,36,19,22,10,5,0,0,0,0,0,0,0,0,0,10,15,-1,106,189,13,28,14,30,4,16,1904,3648,952,2356,1120,2584,448,1672,173,268,86,173,102,190,40,123,3,87,0,100,0,0,1,2,110,-1,-1,-1,-1,-1,100348
海主人,1507,243,21,4.5,4,34,19,26,9,7,0,0,0,0,0,0,0,0,0,10,15,-1,106,187,13,29,16,34,3,16,1824,3542,969,2387,1368,2926,399,1617,163,257,86,173,122,212,35,117,3,88,20,80,0,0,1,2,110,-1,-1,-1,-1,-1,100349
克邦凯斯,1508,221,18,4.5,4,27,27,16,14,9,0,0,0,0,0,0,5,0,0,10,15,-1,86,162,16,32,10,25,6,19,1350,2886,1350,2886,756,2072,648,1924,132,226,132,226,74,162,63,150,4,84,40,60,0,0,1,-1,-1,-1,-1,-1,-1,-1,100339
加克拉,1509,222,22,4.5,4,26,30,14,16,7,0,0,0,0,0,0,5,0,0,10,15,-1,92,170,19,36,10,25,8,21,1392,2964,1624,3276,696,2028,812,2184,122,212,142,235,61,145,71,156,3,86,0,50,50,0,1,-1,-1,-1,-1,-1,-1,-1,100340
加格,1510,223,23,4.5,4,30,27,13,16,7,0,0,0,0,0,0,5,0,0,10,15,-1,101,181,17,35,10,25,8,22,1652,3318,1475,3081,649,1975,826,2212,142,235,127,218,56,140,71,156,3,86,0,100,0,0,1,50,-1,-1,-1,-1,-1,-1,100341
邦恩吉,1511,224,16,4.5,4,28,26,15,14,9,0,0,0,0,20,0,5,0,0,10,15,-1,84,159,15,31,9,24,6,18,1352,2880,1248,2736,676,1944,624,1872,137,232,127,220,68,156,63,150,4,83,20,80,0,0,1,100,-1,-1,-1,-1,-1,-1,100342
布林帖斯,1512,252,26,4.5,4,40,23,32,7,1,0,0,0,0,0,0,5,0,0,120,120,-1,1094,1385,143,216,183,256,25,95,19076,26104,10542,17570,15060,22088,2510,9538,171,260,94,175,135,220,22,95,0,102,30,70,0,0,1,2,-1,-1,-1,-1,-1,-1,100352
加美,1513,21,22,4.5,4,22,23,19,23,7,0,0,0,0,0,0,0,1,0,120,120,-1,742,1030,130,202,112,185,104,174,9960,16932,10458,17430,8466,15438,10458,17430,102,190,107,196,86,173,107,196,3,87,0,0,60,40,1,2,-1,-1,-1,-1,-1,-1,100259
奥卡洛斯,1514,301,25,4.5,4,26,29,28,20,1,0,0,0,0,0,0,5,5,0,120,120,-1,886,1177,167,239,162,235,90,160,12024,19038,13527,20541,13026,20040,9018,16032,108,190,121,205,117,200,81,160,0,103,60,40,0,0,1,2,40,-1,-1,-1,-1,-1,100371
霍尔克,1515,293,18,4.5,4,21,20,14,40,9,0,0,0,0,0,0,3,1,0,10,15,-1,83,156,12,28,9,24,20,38,1026,2442,972,2368,648,1924,2052,3848,89,171,84,166,56,135,178,270,1,95,30,0,0,70,1,-1,-1,-1,-1,-1,-1,-1,100369
奇宝,1516,294,20,4.5,4,18,24,11,40,9,0,0,0,0,0,0,3,1,0,10,15,-1,80,152,15,31,8,22,21,39,896,2280,1232,2736,504,1748,2128,3952,78,162,107,194,44,124,186,280,2,93,0,0,80,20,1,-1,-1,-1,-1,-1,-1,-1,100370
布洛多斯,1557,251,25,4.5,4,37,27,33,6,1,0,0,0,0,0,0,5,0,0,1,1,-1,52,67,8,11,9,13,1,4,875,1225,625,975,775,1125,100,450,157,245,112,195,139,225,18,90,0,103,90,10,0,0,1,2,-1,-1,-1,-1,-1,-1,100351
扑满乌力,1558,725,25,4.5,4,31,27,28,33,-5,0,0,0,0,0,0,1,1,2,1,1,-1,52,66,8,11,8,11,7,11,725,1075,625,975,650,1000,775,1125,130,215,112,195,117,200,139,225,0,119,0,0,0,100,1,2,-1,-1,-1,-1,-1,-1,100820
乌力莱德,1559,726,21,4.5,4,32,27,20,26,11,0,0,0,0,0,0,1,1,0,1,1,-1,41,53,6,9,5,8,5,7,630,924,525,819,378,672,504,798,135,220,112,195,81,160,108,190,0,105,0,80,20,0,1,2,-1,-1,-1,-1,-1,-1,100821
乌力固力,1560,727,20,4.5,4,26,24,26,32,11,0,0,0,0,0,0,1,1,0,1,1,-1,36,48,5,8,6,9,6,8,480,760,440,720,480,760,600,880,108,190,99,180,108,190,135,220,0,108,60,0,0,40,1,2,-1,-1,-1,-1,-1,-1,100822
布依布鲁,1561,728,23,4.5,4,44,24,23,17,11,0,0,0,0,0,0,1,1,0,1,1,-1,54,67,6,10,6,9,3,6,966,1288,506,828,483,805,345,667,189,280,99,180,94,175,67,145,0,108,30,70,0,0,1,2,-1,-1,-1,-1,-1,-1,100823
布依布依,1562,729,23,4.5,4,44,28,19,18,11,0,0,0,0,0,0,1,1,0,1,1,-1,54,67,7,10,5,9,3,6,966,1288,598,920,391,713,368,690,189,280,117,200,76,155,72,150,0,109,0,70,30,0,1,2,-1,-1,-1,-1,-1,-1,100824
布依胖,1563,730,27,4.5,4,34,29,25,23,-1,0,0,0,0,0,0,1,1,1,1,1,-1,56,72,9,13,8,12,5,9,864,1242,729,1107,621,999,567,945,144,230,121,205,103,185,94,175,0,111,0,0,60,40,1,2,-1,-1,-1,-1,-1,-1,100825
加加,1564,731,21,4.5,4,27,25,25,26,11,0,0,0,0,0,0,1,1,0,1,1,-1,37,49,6,9,6,9,5,7,525,819,483,777,483,777,504,798,112,195,103,185,103,185,108,190,0,103,60,40,0,0,1,2,-1,-1,-1,-1,-1,-1,100826
加斯奥,1565,732,23,4.5,4,24,31,21,28,11,0,0,0,0,0,0,1,1,0,1,1,-1,39,52,8,11,5,9,5,9,506,828,667,989,437,759,598,920,99,180,130,215,85,165,117,200,0,104,0,0,80,20,1,2,-1,-1,-1,-1,-1,-1,100827
加格雷依,1566,733,21,4.5,4,29,27,22,25,11,0,0,0,0,0,0,1,1,0,1,1,-1,39,51,6,9,5,8,4,7,567,861,525,819,420,714,483,777,121,205,112,195,90,170,103,185,0,103,0,60,40,0,1,2,-1,-1,-1,-1,-1,-1,100828
比比加,1568,734,22,4.5,4,29,25,24,26,11,0,0,0,0,0,0,1,1,0,1,1,-1,41,53,6,9,6,9,5,8,594,902,506,814,484,792,528,836,121,205,103,185,99,180,108,190,0,104,40,60,0,0,1,2,-1,-1,-1,-1,-1,-1,100829
乌宝依,1569,735,18,4.5,4,23,28,13,35,-1,0,0,0,0,0,0,1,1,1,1,1,-1,29,39,5,8,3,5,5,8,378,630,468,720,198,450,594,846,98,182,122,208,51,130,155,244,1,99,0,0,80,20,1,2,-1,-1,-1,-1,-1,-1,100830
威斯,1570,736,17,4.5,4,29,23,14,31,11,0,0,0,0,0,0,1,1,0,1,1,-1,30,40,4,7,3,5,4,7,459,697,357,595,204,442,493,731,126,213,98,182,56,135,136,223,1,97,0,80,20,0,1,2,-1,-1,-1,-1,-1,-1,100831
威比,1571,737,17,4.5,4,22,24,13,39,11,0,0,0,0,0,0,1,1,0,1,1,-1,27,37,4,7,2,5,6,8,340,578,374,612,187,425,629,867,94,176,103,187,51,130,173,265,1,98,0,0,30,70,1,2,-1,-1,-1,-1,-1,-1,100832
乌拉拉,1572,738,16,4.5,4,26,22,19,33,11,0,0,0,0,0,0,1,1,0,1,1,-1,27,37,4,6,3,6,4,7,384,608,320,544,272,496,496,720,108,190,90,170,76,155,139,225,0,100,90,0,0,10,1,2,-1,-1,-1,-1,-1,-1,100833
贝洛金,1573,739,21,4.5,4,32,19,34,19,11,0,0,0,0,0,0,1,1,0,1,1,-1,41,53,5,8,7,11,3,6,630,924,357,651,672,966,357,651,135,220,76,155,144,230,76,155,0,104,0,0,40,60,1,2,-1,-1,-1,-1,-1,-1,100834
贝洛格,1574,740,19,4.5,4,34,17,39,15,11,0,0,0,0,0,0,1,1,0,1,1,-1,38,49,4,7,8,10,2,5,608,874,285,551,703,969,247,513,144,230,67,145,166,255,58,135,0,105,80,20,0,0,1,2,-1,-1,-1,-1,-1,-1,100835
贝洛贝,1575,741,20,4.5,4,33,17,37,18,11,0,0,0,0,0,0,1,1,0,1,1,-1,40,51,4,7,8,11,3,6,620,900,300,580,700,980,320,600,139,225,67,145,157,245,72,150,0,105,70,0,0,30,1,2,-1,-1,-1,-1,-1,-1,100836
贝洛波波,1576,742,23,4.5,4,36,20,35,16,-1,0,0,0,0,0,0,1,1,1,1,1,-1,48,61,5,9,9,12,3,6,782,1104,414,736,759,1081,322,644,153,240,81,160,148,235,63,140,0,107,0,50,50,0,1,2,-1,-1,-1,-1,-1,-1,100837
蓝龟,1577,743,15,4.5,4,31,24,38,10,11,0,0,0,0,0,0,1,1,0,1,1,-1,28,37,4,6,6,8,1,3,435,645,330,540,540,750,120,330,130,215,99,180,162,250,36,110,0,103,0,100,0,0,1,2,-1,-1,-1,-1,-1,-1,100838
卡拉格尔,1578,744,16,4.5,4,22,22,41,13,-5,0,0,0,0,0,0,1,1,2,1,1,-1,25,34,4,6,7,9,1,4,320,544,320,544,624,848,176,400,94,176,94,176,183,275,51,130,1,98,70,0,0,30,1,2,-1,-1,-1,-1,-1,-1,100839
龟之钢,1579,745,13,4.5,4,23,25,35,13,11,0,0,0,0,0,0,1,1,0,1,1,-1,20,28,3,5,4,6,1,3,273,455,299,481,429,611,143,325,98,182,108,192,155,244,51,130,1,96,0,0,40,60,1,2,-1,-1,-1,-1,-1,-1,100840
卡拉龟,1580,746,15,4.5,4,28,21,39,10,-1,0,0,0,0,0,0,1,1,1,1,1,-1,26,35,3,6,6,8,1,3,390,600,285,495,555,765,120,330,122,208,89,171,173,265,37,114,1,98,40,60,0,0,1,2,-1,-1,-1,-1,-1,-1,100841
尼加斯,1581,747,19,4.5,4,26,25,26,26,11,0,0,0,0,0,0,1,1,0,1,1,-1,33,44,5,8,5,8,4,7,456,722,437,703,456,722,456,722,108,190,103,185,108,190,108,190,0,103,40,0,0,60,1,2,-1,-1,-1,-1,-1,-1,100842
尼基斯,1582,748,20,4.5,4,29,24,27,22,11,0,0,0,0,0,0,1,1,0,1,1,-1,37,48,5,8,6,9,4,6,540,820,440,720,500,780,400,680,121,205,99,180,112,195,90,170,0,102,70,30,0,0,1,2,-1,-1,-1,-1,-1,-1,100843
特洛可斯,1583,749,22,4.5,4,31,27,24,24,-1,0,0,0,0,0,0,1,1,1,1,1,-1,42,55,6,10,6,9,4,7,638,946,550,858,484,792,484,792,130,215,112,195,99,180,99,180,0,106,0,50,50,0,1,2,-1,-1,-1,-1,-1,-1,100844
呼波波,1584,750,26,4.5,4,31,27,23,28,-1,0,0,0,0,0,0,1,1,1,1,1,-1,51,66,8,12,7,11,6,10,754,1118,650,1014,546,910,676,1040,130,215,112,195,94,175,117,200,0,109,0,80,20,0,1,2,-1,-1,-1,-1,-1,-1,100845
呼鲁鲁,1585,751,24,4.5,4,25,28,23,31,11,0,0,0,0,0,0,1,1,0,1,1,-1,42,56,7,11,6,10,6,10,552,888,624,960,504,840,696,1032,103,185,117,200,94,175,130,215,0,107,0,0,30,70,1,2,-1,-1,-1,-1,-1,-1,100846
鲁拉其斯,1586,752,23,4.5,4,27,25,28,26,11,0,0,0,0,0,0,1,1,0,1,1,-1,42,55,6,10,7,10,5,8,575,897,529,851,598,920,552,874,112,195,103,185,117,200,108,190,0,106,80,20,0,0,1,2,-1,-1,-1,-1,-1,-1,100847
拉奇斯斯,1587,753,23,4.5,4,26,24,26,30,11,0,0,0,0,0,0,1,1,0,1,1,-1,41,54,6,9,7,10,6,9,552,874,506,828,552,874,644,966,108,190,99,180,108,190,126,210,0,106,30,0,0,70,1,2,-1,-1,-1,-1,-1,-1,100848
邦诺斯娜,1588,754,33,4.5,4,27,47,20,28,-1,0,0,0,0,0,0,1,1,1,1,1,-1,65,84,16,21,8,13,8,13,825,1287,1485,1947,594,1056,858,1320,112,195,202,295,81,160,117,200,0,122,0,0,80,20,1,2,-1,-1,-1,-1,-1,-1,100849
迪基格斯,1589,756,26,4.5,4,31,37,18,22,11,0,0,0,0,0,0,1,1,0,1,1,-1,51,66,10,14,6,9,5,8,754,1118,910,1274,416,780,520,884,130,215,157,245,72,150,90,170,0,108,20,80,0,0,1,2,-1,-1,-1,-1,-1,-1,100851
克拉尔,1590,757,18,4.5,4,22,22,21,29,11,0,0,0,0,0,0,1,1,0,1,1,-1,28,38,4,7,4,7,4,7,360,612,360,612,342,594,486,738,98,183,98,183,93,178,132,221,2,94,0,0,20,80,1,2,-1,-1,-1,-1,-1,-1,100852
拉斯基,1591,758,18,4.5,4,20,27,21,27,11,0,0,0,0,0,0,1,1,0,1,1,-1,27,37,5,8,4,7,4,7,324,576,450,702,342,594,450,702,84,166,117,202,89,171,117,202,1,95,0,0,60,40,1,2,-1,-1,-1,-1,-1,-1,100853
里拉拉,1592,759,18,4.5,4,27,23,21,26,-5,0,0,0,0,0,0,1,1,2,1,1,-1,31,41,4,7,4,7,4,6,450,702,378,630,342,594,432,684,117,202,98,182,89,171,112,197,1,97,0,100,0,0,1,2,-1,-1,-1,-1,-1,-1,100854
克达达,1593,760,18,4.5,4,21,22,24,27,-1,0,0,0,0,0,0,1,1,1,1,1,-1,27,37,4,7,4,7,4,7,342,594,360,612,396,648,450,702,93,178,98,183,107,194,122,210,2,94,60,0,0,40,1,2,-1,-1,-1,-1,-1,-1,100855
卡卡特,1594,761,21,4.5,4,21,21,20,26,11,0,0,0,0,0,0,1,1,0,1,1,-1,30,43,5,8,4,7,5,7,399,693,399,693,378,672,504,798,96,184,96,184,91,179,122,212,3,88,20,80,0,0,1,2,-1,-1,-1,-1,-1,-1,100856
昆依特,1595,762,20,4.5,4,17,21,24,28,11,0,0,0,0,0,0,1,1,0,1,1,-1,27,39,4,7,5,8,5,8,300,580,380,660,440,720,520,800,73,156,93,178,107,194,127,216,2,90,60,40,0,0,1,2,-1,-1,-1,-1,-1,-1,100857
比特,1596,763,21,4.5,4,19,20,23,26,11,0,0,0,0,0,0,1,1,0,1,1,-1,29,41,4,7,5,8,5,7,357,651,378,672,441,735,504,798,86,173,91,179,107,196,122,212,3,88,0,0,80,20,1,2,-1,-1,-1,-1,-1,-1,100858
可卡特,1597,764,22,4.5,4,18,25,19,28,11,0,0,0,0,0,0,1,1,0,1,1,-1,30,43,6,9,4,8,5,8,352,660,506,814,374,682,572,880,78,162,112,199,83,167,127,216,2,90,80,0,0,20,1,2,-1,-1,-1,-1,-1,-1,100859
司尔顿,1598,765,25,4.5,4,31,30,28,21,11,0,0,0,0,0,0,1,1,0,1,1,-1,49,64,8,12,8,11,4,8,725,1075,700,1050,650,1000,475,825,130,215,126,210,117,200,85,165,0,110,70,30,0,0,1,2,-1,-1,-1,-1,-1,-1,100860
格尔希洛,1599,766,27,4.5,4,26,42,28,21,11,0,0,0,0,0,0,1,1,0,1,1,-1,51,67,12,16,9,13,5,8,648,1026,1080,1458,702,1080,513,891,108,190,180,270,117,200,85,165,0,117,0,80,20,0,1,2,-1,-1,-1,-1,-1,-1,100861
梅尔顿,1600,767,25,4.5,4,32,30,27,21,11,0,0,0,0,0,0,1,1,0,1,1,-1,50,65,8,12,8,11,4,8,750,1100,700,1050,625,975,475,825,135,220,126,210,112,195,85,165,0,110,100,0,0,0,1,2,-1,-1,-1,-1,-1,-1,100862
戈登尔顿,1601,768,28,4.5,4,26,46,24,29,-1,0,0,0,0,0,0,1,1,1,1,1,-1,55,71,14,18,8,12,7,11,672,1064,1232,1624,616,1008,756,1148,108,190,198,290,99,180,121,205,0,125,0,0,20,80,1,2,543,-1,-1,-1,-1,-1,100863
蓝宝,1602,769,23,4.5,4,33,27,26,17,11,0,0,0,0,0,0,1,1,0,1,1,-1,45,58,7,10,7,10,3,6,713,1035,575,897,552,874,345,667,139,225,112,195,108,190,67,145,0,103,0,100,0,0,1,2,-1,-1,-1,-1,-1,-1,100864
瑞德宝,1603,770,25,4.5,4,28,33,27,18,-1,0,0,0,0,0,0,1,1,1,1,1,-1,46,61,9,12,8,11,4,7,650,1000,775,1125,625,975,400,750,117,200,139,225,112,195,72,150,0,106,0,0,100,0,1,2,-1,-1,-1,-1,-1,-1,100865
毛宝,1604,771,22,4.5,4,26,26,29,24,11,0,0,0,0,0,0,1,1,0,1,1,-1,39,52,6,9,7,10,4,7,528,836,528,836,594,902,484,792,108,190,108,190,121,205,99,180,0,105,30,0,0,70,1,2,-1,-1,-1,-1,-1,-1,100866
欧林吉鲁,1605,772,19,4.5,4,19,30,22,31,11,0,0,0,0,0,0,1,1,0,1,1,-1,29,40,6,9,5,7,5,8,323,589,532,798,380,646,551,817,76,155,126,210,90,170,130,215,0,102,0,0,60,40,1,2,-1,-1,-1,-1,-1,-1,100867
史凯鲁,1606,773,20,4.5,4,26,26,24,27,11,0,0,0,0,0,0,1,1,0,1,1,-1,35,47,6,8,5,8,5,7,480,760,480,760,440,720,500,780,108,190,108,190,99,180,112,195,0,103,50,50,0,0,1,2,-1,-1,-1,-1,-1,-1,100868
耶普鲁,1607,774,19,4.5,4,20,32,22,28,11,0,0,0,0,0,0,1,1,1,1,1,-1,30,41,6,9,5,7,4,7,342,608,570,836,380,646,494,760,81,160,135,220,90,170,117,200,0,102,0,0,100,0,1,2,-1,-1,-1,-1,-1,-1,100869
芭拉芭,1608,775,19,4.5,4,21,26,27,27,11,0,0,0,0,0,0,1,1,0,1,1,-1,30,41,5,8,5,8,4,7,361,627,456,722,475,741,475,741,85,165,108,190,112,195,112,195,0,101,90,10,0,0,1,2,-1,-1,-1,-1,-1,-1,100870
普鲁夏,1609,776,25,4.5,4,26,37,19,32,11,0,0,0,0,0,0,1,1,0,1,1,-1,47,61,10,13,6,9,7,11,600,950,875,1225,425,775,750,1100,108,190,157,245,76,155,135,220,0,114,30,70,0,0,1,2,-1,-1,-1,-1,-1,-1,100871
佩露夏,1610,777,30,4.5,4,27,43,19,28,-5,1,1,1,1,1,1,1,1,2,1,1,-1,58,75,14,18,7,11,7,12,750,1170,1230,1650,510,930,780,1200,112,195,184,275,76,155,117,200,0,117,0,100,0,0,1,2,-1,-1,-1,-1,-1,-1,100872
萨格鲁,1611,778,25,4.5,4,27,36,16,26,-1,0,0,0,0,0,0,1,1,1,1,1,-1,45,60,9,13,5,9,6,9,625,975,850,1200,350,700,600,950,112,195,153,240,63,140,108,190,0,105,0,50,50,0,1,2,-1,-1,-1,-1,-1,-1,100873
玛斯贝卡,1612,779,24,4.5,4,25,35,16,31,11,0,0,0,0,0,0,1,1,0,1,1,-1,42,56,9,12,5,8,6,10,552,888,792,1128,336,672,696,1032,103,185,148,235,63,140,130,215,0,107,0,0,50,50,1,2,-1,-1,-1,-1,-1,-1,100874
麦丁布斯,1613,780,19,4.5,4,34,25,28,14,-1,0,0,0,0,0,0,1,1,2,1,1,-1,37,48,5,8,6,8,2,4,608,874,437,703,494,760,228,494,144,230,103,185,117,200,54,130,0,101,0,50,50,0,1,2,-1,-1,-1,-1,-1,-1,100875
加耶布斯,1614,781,17,4.5,4,29,22,27,19,11,0,0,0,0,0,0,1,1,0,1,1,-1,30,40,4,6,5,7,2,5,459,697,340,578,425,663,289,527,126,213,94,176,117,202,79,161,1,97,0,0,0,100,1,2,-1,-1,-1,-1,-1,-1,100876
迪米布斯,1615,782,17,4.5,4,34,21,31,13,11,0,0,0,0,0,0,1,1,0,1,1,-1,33,43,4,6,5,8,1,4,544,782,323,561,493,731,187,425,150,239,89,171,136,223,51,130,1,99,0,100,0,0,1,2,-1,-1,-1,-1,-1,-1,100877
玻洛布斯,1616,783,16,4.5,4,29,20,33,16,11,0,0,0,0,0,0,1,1,0,1,1,-1,28,38,4,6,5,8,2,4,432,656,288,512,496,720,224,448,126,213,84,166,145,234,65,145,1,98,60,0,0,40,1,2,-1,-1,-1,-1,-1,-1,100878
迪加,1617,784,20,4.5,4,38,32,15,18,0,0,0,0,0,0,0,1,1,0,1,1,-1,42,54,7,10,4,7,3,6,720,1000,600,880,260,540,320,600,162,250,135,220,58,135,72,150,0,103,0,80,20,0,1,2,-1,-1,-1,-1,-1,-1,100879
砂鲨,1618,785,20,4.5,4,33,36,16,18,11,0,0,0,0,0,0,1,1,0,1,1,-1,39,51,7,10,4,7,3,6,620,900,680,960,280,560,320,600,139,225,153,240,63,140,72,150,0,103,0,20,80,0,1,2,-1,-1,-1,-1,-1,-1,100880
波波顿,1619,786,19,4.5,4,33,30,19,17,11,0,0,0,0,0,0,1,1,0,1,1,-1,36,47,6,9,4,7,2,5,589,855,532,798,323,589,285,551,145,234,131,218,79,161,70,150,1,99,80,20,0,0,1,2,-1,-1,-1,-1,-1,-1,100881
梅鲁莎,1620,787,30,4.5,4,30,41,20,25,-5,0,0,0,0,0,0,1,1,2,1,1,-1,60,77,13,17,7,12,6,11,840,1260,1170,1590,540,960,690,1110,126,210,175,265,81,160,103,185,0,116,0,0,20,80,1,2,-1,-1,-1,-1,-1,-1,100882
尤里蛙,1621,788,23,4.5,4,36,30,34,13,11,0,0,0,0,0,0,1,1,0,1,1,-1,49,63,8,11,9,12,2,5,782,1104,644,966,736,1058,253,575,153,240,126,210,144,230,49,125,0,113,70,30,0,0,1,2,-1,-1,-1,-1,-1,-1,100883
裘里蛙,1622,789,23,4.5,4,33,34,31,15,11,0,0,0,0,0,0,1,1,0,1,1,-1,47,61,9,12,8,11,2,6,713,1035,736,1058,667,989,299,621,139,225,144,230,130,215,58,135,0,113,50,0,0,50,1,2,-1,-1,-1,-1,-1,-1,100884
艾尔蛙,1623,790,22,4.5,4,33,33,29,18,11,0,0,0,0,0,0,1,1,0,1,1,-1,45,58,8,11,7,10,3,6,682,990,682,990,594,902,352,660,139,225,139,225,121,205,72,150,0,113,20,0,0,80,1,2,-1,-1,-1,-1,-1,-1,100885
里昂蛙,1624,791,25,4.5,4,38,29,34,13,-1,0,0,0,0,0,0,1,1,1,1,1,-1,56,70,8,12,9,13,2,6,900,1250,675,1025,800,1150,275,625,162,250,121,205,144,230,49,125,0,114,100,0,0,0,1,2,-1,-1,-1,-1,-1,-1,100886
欧瑟菲,1625,792,21,4.5,4,35,23,33,14,11,0,0,0,0,0,0,1,1,0,1,1,-1,43,55,5,9,7,10,2,5,693,987,441,735,651,945,252,546,148,235,94,175,139,225,54,130,0,105,80,0,0,20,1,2,-1,-1,-1,-1,-1,-1,100887
莫拉司,1626,793,22,4.5,4,39,26,27,12,11,0,0,0,0,0,0,1,1,0,1,1,-1,47,60,6,10,7,10,2,5,814,1122,528,836,550,858,220,528,166,255,108,190,112,195,45,120,0,104,0,70,30,0,1,2,-1,-1,-1,-1,-1,-1,100888
玛斯特,1627,794,21,4.5,4,37,23,32,12,11,0,0,0,0,0,0,1,1,0,1,1,-1,44,56,5,9,7,10,2,5,735,1029,441,735,630,924,210,504,157,245,94,175,135,220,45,120,0,104,70,30,0,0,1,2,-1,-1,-1,-1,-1,-1,100889
沙瓦列,1628,795,24,4.5,4,35,28,27,15,0,0,0,0,0,0,0,1,1,0,1,1,-1,49,63,7,11,7,11,3,6,792,1128,624,960,600,936,312,648,148,235,117,200,112,195,58,135,0,105,0,0,60,40,1,2,-1,-1,-1,-1,-1,-1,100890
嘎吱拉,1629,796,28,4.5,4,27,36,42,13,-1,0,0,0,0,0,0,1,1,1,1,1,-1,54,70,11,15,13,17,3,7,700,1092,952,1344,1120,1512,308,700,112,195,153,240,180,270,49,125,0,118,50,50,0,0,1,2,-1,-1,-1,-1,-1,-1,100891
哥斯哥斯,1630,797,25,4.5,4,39,30,36,10,11,0,0,0,0,0,0,1,1,0,1,1,-1,57,71,9,12,10,13,2,5,925,1275,700,1050,850,1200,200,550,166,255,126,210,153,240,36,110,0,115,80,0,0,20,1,2,-1,-1,-1,-1,-1,-1,100892
蒙哥拉斯,1631,798,26,4.5,4,39,30,34,11,-1,0,0,0,0,0,0,1,1,0,1,1,-1,59,74,9,13,10,14,2,5,962,1326,728,1092,832,1196,234,598,166,255,126,210,144,230,40,115,0,114,50,0,0,50,1,2,-1,-1,-1,-1,-1,-1,100893
固力摩,1632,799,27,4.5,4,52,27,19,14,11,0,0,0,0,0,0,1,1,0,1,1,-1,71,86,8,12,6,10,3,7,1350,1728,675,1053,459,837,324,702,225,320,112,195,76,155,54,130,0,112,80,0,0,20,1,2,-1,-1,-1,-1,-1,-1,100894
摩吉摩吉,1633,800,28,4.5,4,56,28,17,13,-1,0,0,0,0,0,0,1,1,1,1,1,-1,77,94,9,13,6,10,3,7,1512,1904,728,1120,420,812,308,700,243,340,117,200,67,145,49,125,0,114,20,80,0,0,1,2,-1,-1,-1,-1,-1,-1,100895
摩米索拉,1634,801,27,4.5,4,53,26,21,12,11,0,0,0,0,0,0,1,1,0,1,1,-1,72,87,8,12,7,11,2,6,1377,1755,648,1026,513,891,270,648,229,325,108,190,85,165,45,120,0,112,100,0,0,0,1,2,-1,-1,-1,-1,-1,-1,100896
摩酷罗,1635,802,27,4.5,4,54,27,17,13,11,0,0,0,0,0,0,1,1,0,1,1,-1,72,88,8,12,6,10,2,6,1404,1782,675,1053,405,783,297,675,234,330,112,195,67,145,49,125,0,111,50,50,0,0,1,2,-1,-1,-1,-1,-1,-1,100897
可可恩,1636,803,28,4.5,4,27,34,20,26,11,0,0,0,0,0,0,1,1,0,1,1,-1,51,67,10,14,7,11,6,10,700,1092,896,1288,504,896,672,1064,112,195,144,230,81,160,108,190,0,107,0,80,20,0,1,2,-1,-1,-1,-1,-1,-1,100898
克洛恩,1637,804,30,4.5,4,27,38,23,29,-1,0,0,0,0,0,0,1,1,1,1,1,-1,58,75,12,17,8,13,8,12,750,1170,1080,1500,630,1050,810,1230,112,195,162,250,94,175,121,205,0,117,50,50,0,0,1,2,-1,-1,-1,-1,-1,-1,100899
布兰恩,1638,805,25,4.5,4,24,29,27,29,11,0,0,0,0,0,0,1,1,0,1,1,-1,44,58,8,12,7,11,6,10,550,900,675,1025,625,975,675,1025,99,180,121,205,112,195,121,205,0,109,80,0,0,20,1,2,-1,-1,-1,-1,-1,-1,100900
迪布恩,1639,806,28,4.5,4,28,30,23,26,11,0,0,0,0,0,0,1,1,0,1,1,-1,52,68,9,13,7,11,6,10,728,1120,784,1176,588,980,672,1064,117,200,126,210,94,175,108,190,0,107,10,90,0,0,1,2,-1,-1,-1,-1,-1,-1,100901
格里兰,1640,807,18,4.5,4,23,20,17,36,11,0,0,0,0,0,0,1,1,0,1,1,-1,28,39,4,6,3,6,6,8,378,630,324,576,270,522,612,864,98,182,84,166,70,150,159,249,1,96,70,0,0,30,1,2,-1,-1,-1,-1,-1,-1,100902
摩里,1641,808,18,4.5,4,26,22,14,33,11,0,0,0,0,0,0,1,1,0,1,1,-1,30,40,4,7,3,5,5,8,432,684,360,612,216,468,558,810,112,197,94,176,56,135,145,234,1,95,20,80,0,0,1,2,-1,-1,-1,-1,-1,-1,100903
瑞里西尔,1642,809,20,4.5,4,24,20,10,36,-1,0,0,0,0,0,0,1,1,1,1,1,-1,31,43,4,7,2,5,6,9,440,720,360,640,160,440,680,960,107,194,88,172,39,118,166,259,2,90,60,0,0,40,1,2,210,-1,-1,-1,-1,-1,100904
塔斯夫,1643,810,19,4.5,4,22,24,13,38,11,0,0,0,0,0,0,1,1,0,1,1,-1,30,41,5,7,3,6,6,9,380,646,418,684,209,475,684,950,94,176,103,187,51,130,169,260,1,97,0,0,50,50,1,2,210,-1,-1,-1,-1,-1,100905
朵巴奈特,1644,811,27,4.5,4,27,40,24,27,-1,0,0,0,0,0,0,1,1,1,1,1,-1,52,68,12,15,8,12,6,10,675,1053,1026,1404,594,972,675,1053,112,195,171,260,99,180,112,195,0,118,0,0,40,60,1,2,-1,-1,-1,-1,-1,-1,100906
斑尼迪克,1645,812,30,4.5,4,26,48,21,29,-5,0,0,0,0,0,0,1,1,2,1,1,-1,59,76,15,19,8,12,8,12,720,1140,1380,1800,570,990,810,1230,108,190,207,300,85,165,121,205,0,124,0,0,10,90,1,2,-1,-1,-1,-1,-1,-1,100907
阿米朵,1646,813,27,4.5,4,26,34,29,26,11,0,0,0,0,0,0,1,1,0,1,1,-1,51,66,10,14,9,13,6,10,648,1026,864,1242,729,1107,648,1026,108,190,144,230,121,205,108,190,0,115,40,0,0,60,1,2,-1,-1,-1,-1,-1,-1,100908
邦司凉朵,1647,814,29,4.5,4,31,42,26,26,11,0,0,0,0,0,0,1,1,0,1,1,-1,62,78,13,17,9,13,6,11,841,1247,1160,1566,696,1102,696,1102,130,215,180,270,108,190,108,190,0,125,0,100,0,0,1,2,-1,-1,-1,-1,-1,-1,100909
布莱兹,1648,815,30,4.5,4,28,31,25,33,-1,0,0,0,0,0,0,1,1,1,1,1,-1,59,76,10,15,9,13,9,13,780,1200,870,1290,690,1110,930,1350,117,200,130,215,103,185,139,225,0,117,30,70,0,0,1,2,-1,-1,-1,-1,-1,-1,100910
布依伦斯,1649,816,28,4.5,4,21,29,26,34,11,0,0,0,0,0,0,1,1,0,1,1,-1,47,63,9,13,8,12,8,12,532,924,756,1148,672,1064,896,1288,85,165,121,205,108,190,144,230,0,110,0,0,30,70,1,2,-1,-1,-1,-1,-1,-1,100911
伊夫霍恩,1650,817,27,4.5,4,22,26,29,32,11,0,0,0,0,0,0,1,1,0,1,1,-1,46,61,8,12,9,12,8,11,540,918,648,1026,729,1107,810,1188,90,170,108,190,121,205,135,220,0,109,70,0,0,30,1,2,-1,-1,-1,-1,-1,-1,100912
莱姆洛斯,1651,818,23,4.5,4,34,22,28,23,11,0,0,0,0,0,0,1,1,0,1,1,-1,47,60,6,9,7,10,4,8,736,1058,460,782,598,920,483,805,144,230,90,170,117,200,94,175,0,107,60,0,0,40,1,2,-1,-1,-1,-1,-1,-1,100913
朱利洛斯,1652,819,23,4.5,4,38,21,29,20,11,0,0,0,0,0,0,1,1,0,1,1,-1,50,63,6,9,7,11,4,7,828,1150,437,759,621,943,414,736,162,250,85,165,121,205,81,160,0,108,70,30,0,0,1,2,-1,-1,-1,-1,-1,-1,100914
辛普洛斯,1653,820,26,4.5,4,30,39,28,28,-1,0,0,0,0,0,0,1,1,1,1,1,-1,54,69,11,15,8,12,6,10,728,1092,962,1326,676,1040,676,1040,126,210,166,255,117,200,117,200,0,125,10,90,0,0,1,2,-1,-1,-1,-1,-1,-1,100915
立杜鲁斯,1654,821,23,4.5,4,26,22,27,26,11,0,0,0,0,0,0,1,1,0,1,1,-1,40,53,6,9,7,10,5,8,552,874,460,782,575,897,552,874,108,190,90,170,112,195,108,190,0,101,50,0,0,50,1,2,-1,-1,-1,-1,-1,-1,100916
诺克斯,1655,822,25,4.5,4,30,28,24,24,-5,0,0,0,0,0,0,1,1,2,1,1,-1,48,62,8,11,7,10,5,9,700,1050,650,1000,550,900,550,900,126,210,117,200,99,180,99,180,0,106,0,50,50,0,1,2,-1,-1,-1,-1,-1,-1,100917
巴克亚司,1656,823,24,4.5,4,25,25,23,28,11,0,0,0,0,0,0,1,1,0,1,1,-1,41,55,7,10,6,10,6,9,552,888,552,888,504,840,624,960,103,185,103,185,94,175,117,200,0,101,0,0,30,70,1,2,-1,-1,-1,-1,-1,-1,100918
雷德力克斯,1657,824,23,4.5,4,30,22,27,23,11,0,0,0,0,0,0,1,1,0,1,1,-1,43,56,6,9,7,10,4,8,644,966,460,782,575,897,483,805,126,210,90,170,112,195,94,175,0,102,50,50,0,0,1,2,-1,-1,-1,-1,-1,-1,100919
杨格斯,1660,755,27,4.5,4,27,50,18,32,-1,0,0,0,0,0,0,1,1,2,1,1,-1,55,70,14,18,6,10,8,11,675,1053,1296,1674,432,810,810,1188,112,195,216,310,72,150,135,220,0,127,0,0,80,20,1,2,-1,-1,-1,-1,-1,-1,100850
卡卡金宝,1682,234,26,4.5,4,30,33,30,12,1,0,0,0,0,0,20,5,0,0,1,1,-1,49,64,9,13,9,12,2,6,728,1092,806,1170,728,1092,260,624,126,210,139,225,126,210,45,120,0,105,0,20,80,0,1,2,90,-1,-1,-1,-1,-1,100346
卡卡金宝,1683,234,26,4.5,4,30,33,30,12,1,0,0,0,0,0,20,5,0,0,38,42,-1,332,473,65,98,60,93,17,45,4872,7980,5394,8550,4872,7980,1740,4560,126,210,139,225,126,210,45,120,0,105,0,20,80,0,1,2,90,-1,-1,-1,-1,-1,100346
洛克斯,1701,85,20,4.5,4,19,27,43,10,-1,0,0,0,30,0,0,1,0,1,100,100,-1,632,873,131,192,191,252,33,91,7072,12896,10400,16224,17056,22880,3328,9152,79,161,117,202,192,286,37,114,1,99,50,0,0,50,1,2,-1,-1,-1,-1,-1,-1,100389
里昂蛙,1703,791,25,4.5,4,38,29,34,13,-1,0,0,0,0,0,0,1,1,1,100,100,-1,943,1187,146,207,165,226,46,105,15156,21050,11367,17261,13472,19366,4631,10525,162,250,121,205,144,230,49,125,0,114,100,0,0,0,1,2,-1,-1,-1,-1,-1,-1,100886
尼加斯,1707,747,19,4.5,4,26,25,26,26,11,0,0,0,0,0,0,1,1,0,45,55,-1,345,552,57,103,59,105,46,89,4680,8930,4485,8695,4680,8930,4680,8930,108,190,103,185,108,190,108,190,0,103,40,0,0,60,1,2,-1,-1,-1,-1,-1,-1,100842
呼鲁鲁,1708,751,24,4.5,4,25,28,23,31,11,0,0,0,0,0,0,1,1,0,45,55,-1,356,566,64,112,55,101,58,103,4600,8880,5200,9600,4200,8400,5800,10320,103,185,117,200,94,175,130,215,0,107,0,0,30,70,1,2,-1,-1,-1,-1,-1,-1,100846
拉奇斯斯,1709,753,23,4.5,4,26,24,26,30,11,0,0,0,0,0,0,1,1,0,45,55,-1,358,568,57,103,60,107,55,100,4776,9082,4378,8604,4776,9082,5572,10038,108,190,99,180,108,190,126,210,0,106,30,0,0,70,1,2,-1,-1,-1,-1,-1,-1,100848
塔斯夫,1710,810,19,4.5,4,22,24,13,38,11,0,0,0,0,0,0,1,1,0,45,55,-1,310,509,53,98,34,75,70,117,3900,7990,4290,8460,2145,5875,7020,11750,94,176,103,187,51,130,169,260,1,97,0,0,50,50,1,2,210,-1,-1,-1,-1,-1,100905
尤里蛙,1711,788,23,4.5,4,36,30,34,13,11,0,0,0,0,0,0,1,1,0,65,75,-1,605,877,99,159,109,171,30,79,9486,15312,7812,13398,8928,14674,3069,7975,153,240,126,210,144,230,49,125,0,113,70,30,0,0,1,2,-1,-1,-1,-1,-1,-1,100883
裘里蛙,1712,789,23,4.5,4,33,34,31,15,11,0,0,0,0,0,0,1,1,0,65,75,-1,580,848,109,171,101,162,36,86,8649,14355,8928,14674,8091,13717,3627,8613,139,225,144,230,130,215,58,135,0,113,50,0,0,50,1,2,-1,-1,-1,-1,-1,-1,100884
史凯鲁,1713,773,20,4.5,4,26,26,24,27,11,0,0,0,0,0,0,1,1,0,65,75,-1,488,742,83,141,78,136,69,123,6624,12008,6624,12008,6072,11376,6900,12324,108,190,108,190,99,180,112,195,0,103,50,50,0,0,1,2,-1,-1,-1,-1,-1,-1,100868
芭拉芭,1714,775,19,4.5,4,21,26,27,27,11,0,0,0,0,0,0,1,1,0,65,75,-1,440,686,82,140,85,143,68,122,5225,10395,6600,11970,6875,12285,6875,12285,85,165,108,190,112,195,112,195,0,101,90,10,0,0,1,2,-1,-1,-1,-1,-1,-1,100870
莫拉司,1715,793,22,4.5,4,39,26,27,12,11,0,0,0,0,0,0,1,1,0,85,95,-1,776,1094,111,181,114,185,35,95,13246,20298,8592,15124,8950,15522,3580,9552,166,255,108,190,112,195,45,120,0,104,0,70,30,0,1,2,-1,-1,-1,-1,-1,-1,100888
玛斯特,1716,794,21,4.5,4,37,23,32,12,11,0,0,0,0,0,0,1,1,0,85,95,-1,753,1067,101,170,130,202,35,95,12495,19453,7497,13895,10710,17468,3570,9528,157,245,94,175,135,220,45,120,0,104,70,30,0,0,1,2,-1,-1,-1,-1,-1,-1,100889
朱利洛斯,1717,819,23,4.5,4,38,21,29,20,11,0,0,0,0,0,0,1,1,0,85,95,-1,782,1101,95,164,121,193,64,127,12924,19950,6821,13167,9693,16359,6462,12768,162,250,85,165,121,205,81,160,0,108,70,30,0,0,1,2,-1,-1,-1,-1,-1,-1,100914
威斯,1718,736,17,4.5,4,29,23,14,31,11,0,0,0,0,0,0,1,1,0,65,75,-1,491,744,73,129,51,104,79,134,7371,12833,5733,10955,3276,8138,7917,13459,126,213,98,182,56,135,136,223,1,97,0,80,20,0,1,2,-1,-1,-1,-1,-1,-1,100831
威比,1719,737,17,4.5,4,22,24,13,39,11,0,0,0,0,0,0,1,1,0,65,75,-1,436,682,74,131,47,100,101,159,5460,10642,6006,11268,3003,7825,10101,15963,94,176,103,187,51,130,173,265,1,98,0,0,30,70,1,2,-1,-1,-1,-1,-1,-1,100832
加加,1720,731,21,4.5,4,27,25,25,26,11,0,0,0,0,0,0,1,1,0,65,75,-1,498,754,81,139,81,139,66,120,6925,12363,6371,11729,6371,11729,6648,12046,112,195,103,185,103,185,108,190,0,103,60,40,0,0,1,2,-1,-1,-1,-1,-1,-1,100826
比比加,1721,734,22,4.5,4,29,25,24,26,11,0,0,0,0,0,0,1,1,0,65,75,-1,519,779,82,140,79,137,66,120,7506,13038,6394,11766,6116,11448,6672,12084,121,205,103,185,99,180,108,190,0,104,40,60,0,0,1,2,-1,-1,-1,-1,-1,-1,100829
乌力莱德,1722,726,21,4.5,4,32,27,20,26,11,0,0,0,0,0,0,1,1,0,65,75,-1,545,808,87,145,69,125,66,120,8310,13948,6925,12363,4986,10144,6648,12046,135,220,112,195,81,160,108,190,0,105,0,80,20,0,1,2,-1,-1,-1,-1,-1,-1,100821
乌力固力,1723,727,20,4.5,4,26,24,26,32,11,0,0,0,0,0,0,1,1,0,65,75,-1,502,758,79,136,84,142,82,139,6624,12008,6072,11376,6624,12008,8280,13904,108,190,99,180,108,190,135,220,0,108,60,0,0,40,1,2,-1,-1,-1,-1,-1,-1,100822
布依布鲁,1724,728,23,4.5,4,44,24,23,17,11,0,0,0,0,0,0,1,1,0,65,75,-1,658,937,82,140,79,137,41,92,11718,17864,6138,11484,5859,11165,4185,9251,189,280,99,180,94,175,67,145,0,108,30,70,0,0,1,2,-1,-1,-1,-1,-1,-1,100823
布依布依,1725,729,23,4.5,4,44,28,19,18,11,0,0,0,0,0,0,1,1,0,65,75,-1,661,941,92,152,70,126,44,95,11718,17864,7254,12760,4743,9889,4464,9570,189,280,117,200,76,155,72,150,0,109,0,70,30,0,1,2,-1,-1,-1,-1,-1,-1,100824
布依胖,1726,730,27,4.5,4,34,29,25,23,-1,0,0,0,0,0,0,1,1,1,65,75,-1,591,862,96,156,86,145,59,113,9056,14858,7641,13243,6509,11951,5943,11305,144,230,121,205,103,185,94,175,0,111,0,0,60,40,1,2,-1,-1,-1,-1,-1,-1,100825
格里兰,1727,807,18,4.5,4,23,20,17,36,11,0,0,0,0,0,0,1,1,0,85,95,-1,569,862,84,150,74,140,120,189,7434,13790,6372,12608,5310,11426,12036,18912,98,182,84,166,70,150,159,249,1,96,70,0,0,30,1,2,-1,-1,-1,-1,-1,-1,100902
摩里,1728,808,18,4.5,4,26,22,14,33,11,0,0,0,0,0,0,1,1,0,85,95,-1,598,894,90,158,65,129,109,177,8496,14972,7080,13396,4248,10244,10974,17730,112,197,94,176,56,135,145,234,1,95,20,80,0,0,1,2,-1,-1,-1,-1,-1,-1,100903
立杜鲁斯,1729,821,23,4.5,4,26,22,27,26,11,0,0,0,0,0,0,1,1,0,65,75,-1,488,743,74,131,86,145,66,121,6696,12122,5580,10846,6975,12441,6696,12122,108,190,90,170,112,195,108,190,0,101,50,0,0,50,1,2,-1,-1,-1,-1,-1,-1,100916
巴克亚司,1730,823,24,4.5,4,25,25,23,28,11,0,0,0,0,0,0,1,1,0,65,75,-1,481,736,81,139,76,134,72,128,6440,11840,6440,11840,5880,11200,7280,12800,103,185,103,185,94,175,117,200,0,101,0,0,30,70,1,2,-1,-1,-1,-1,-1,-1,100918
欧林吉鲁,1731,772,19,4.5,4,19,30,22,31,11,0,0,0,0,0,0,1,1,0,85,95,-1,550,841,119,190,93,161,102,169,6035,12245,9940,16590,7100,13430,10295,16985,76,155,126,210,90,170,130,215,0,102,0,0,60,40,1,2,-1,-1,-1,-1,-1,-1,100867
耶普鲁,1732,774,19,4.5,4,20,32,22,28,11,0,0,0,0,0,0,1,1,1,85,95,-1,560,853,126,197,94,162,92,158,6390,12640,10650,17380,7100,13430,9230,15800,81,160,135,220,90,170,117,200,0,102,0,0,100,0,1,2,-1,-1,-1,-1,-1,-1,100869
动物园养的拉斯基,1733,854,10,4,4,20,23,21,26,0,0,0,0,0,0,0,1,1,0,1,1,-1,14,20,2,4,2,3,2,3,180,320,210,350,190,330,240,380,88,172,102,189,93,178,117,205,2,90,0,0,60,40,1,2,-1,-1,-1,-1,-1,10,100853
瑞德宝,1734,770,25,4.5,4,28,33,27,18,-1,0,0,0,0,0,0,1,1,1,85,95,-1,671,978,135,208,115,186,57,120,9386,16040,11191,18045,9025,15639,5776,12030,117,200,139,225,112,195,72,150,0,106,0,0,100,0,1,2,-1,-1,-1,-1,-1,-1,100865
拉斯基,1735,758,18,4.5,4,20,27,21,27,11,0,0,0,0,0,0,1,1,0,85,95,-1,534,823,107,177,88,155,88,153,6372,12608,8850,15366,6726,13002,8850,15366,84,166,117,202,89,171,117,202,1,95,0,0,60,40,1,2,-1,-1,-1,-1,-1,-1,100853
乌宝依,1736,735,18,4.5,4,23,28,13,35,-1,0,0,0,0,0,0,1,1,1,65,75,-1,449,697,85,143,48,101,90,147,5754,10990,7124,12560,3014,7850,9042,14758,98,182,122,208,51,130,155,244,1,99,0,0,80,20,1,2,-1,-1,-1,-1,-1,-1,100830
鲁拉其斯,1737,752,23,4.5,4,27,25,28,26,11,0,0,0,0,0,0,1,1,0,85,95,-1,656,961,106,176,116,187,86,151,8975,15561,8257,14763,9334,15960,8616,15162,112,195,103,185,117,200,108,190,0,106,80,20,0,0,1,2,-1,-1,-1,-1,-1,-1,100847
昆依特,1738,762,20,4.5,4,17,21,24,28,11,0,0,0,0,0,0,1,1,0,85,95,-1,487,772,87,154,96,165,92,158,5340,11484,6764,13068,7832,14256,9256,15840,73,156,93,178,107,194,127,216,2,90,60,40,0,0,1,2,-1,-1,-1,-1,-1,-1,100857
可卡特,1739,764,22,4.5,4,18,25,19,28,11,0,0,0,0,0,0,1,1,0,85,95,-1,501,788,100,169,81,148,93,159,5728,11940,8234,14726,6086,12338,9308,15920,78,162,112,199,83,167,127,216,2,90,80,0,0,20,1,2,-1,-1,-1,-1,-1,-1,100859
玻洛布斯,1740,783,16,4.5,4,29,20,33,16,11,0,0,0,0,0,0,1,1,0,85,95,-1,637,936,88,154,129,200,49,109,9504,16072,6336,12544,10912,17640,4928,10976,126,213,84,166,145,234,65,145,1,98,60,0,0,40,1,2,-1,-1,-1,-1,-1,-1,100878
葛雷基欧,1794,901,39,4.5,4,24,40,27,22,0,0,0,0,0,0,0,5,0,0,1,1,-1,70,93,17,22,12,18,7,13,858,1404,1482,2028,975,1521,780,1326,99,180,171,260,112,195,90,170,0,113,80,0,0,20,1,2,-1,-1,-1,-1,-1,-1,101152
葛雷洛比,1795,902,39,4.5,4,27,40,24,22,0,0,0,0,0,0,0,5,0,0,1,1,-1,74,96,17,22,11,17,7,13,975,1521,1482,2028,858,1404,780,1326,112,195,171,260,99,180,90,170,0,113,0,80,20,0,1,2,-1,-1,-1,-1,-1,-1,101153
葛雷吉鲁,1796,903,39,4.5,4,24,44,24,22,0,0,0,0,0,0,0,5,0,0,1,1,-1,70,93,18,24,11,17,7,13,858,1404,1638,2184,858,1404,780,1326,99,180,189,280,99,180,90,170,0,114,0,0,80,20,1,2,-1,-1,-1,-1,-1,-1,101154
葛雷马恩,1797,904,39,4.5,4,23,40,22,30,0,0,0,0,0,0,0,5,0,0,1,1,-1,70,92,17,22,10,16,10,16,819,1365,1482,2028,780,1326,1092,1638,94,175,171,260,90,170,126,210,0,115,0,0,20,80,1,2,-1,-1,-1,-1,-1,-1,101155
雷尔胖,1798,905,20,4.5,4,34,29,25,23,-1,0,0,0,0,0,0,1,1,1,1,1,-1,41,53,6,9,6,8,4,7,640,920,540,820,460,740,420,700,144,230,121,205,103,185,94,175,0,111,0,0,60,40,1,2,-1,-1,-1,-1,-1,1,100825
莫拉司,1802,908,25,4.5,4,48,36,28,12,11,0,0,0,0,0,0,1,1,0,1,1,-1,66,80,10,14,8,12,2,6,1150,1500,850,1200,650,1000,250,600,207,300,153,240,117,200,45,120,0,124,0,70,30,0,1,2,-1,-1,-1,-1,-1,-1,100888
吉比,1804,910,23,4.5,4,24,24,23,37,-5,0,0,0,0,0,0,1,1,2,1,1,-1,40,53,6,9,6,9,8,11,506,828,506,828,483,805,805,1127,99,180,99,180,94,175,157,245,0,108,20,0,0,80,1,2,210,-1,-1,-1,-1,-1,101178
古瓜,1816,913,20,5,5,26,32,21,23,0,0,0,0,0,0,0,10,10,0,1,1,-1,35,46,7,10,5,8,4,7,480,760,600,880,380,660,420,700,108,190,135,220,85,165,94,175,0,102,100,0,0,0,1,2,-1,-1,-1,-1,-1,90,100015
古瓜,1818,914,23,5,5,27,37,21,24,0,0,0,0,0,0,0,10,10,0,100,100,-1,963,1263,212,287,137,212,113,186,12950,20202,18130,25382,9842,17094,11396,18648,112,195,157,245,85,165,99,180,0,109,100,0,0,0,1,2,-1,-1,-1,-1,-1,90,100018
布依布鲁,1824,728,23,4.5,4,44,24,23,17,11,0,0,0,0,0,0,1,1,0,70,79,-1,705,984,88,147,85,144,44,97,12558,18760,6578,12060,6279,11725,4485,9715,189,280,99,180,94,175,67,145,0,108,30,70,0,0,1,2,-1,-1,-1,-1,-1,-1,100823
呼波波,1825,750,26,4.5,4,31,27,23,28,-1,0,0,0,0,0,0,1,1,1,70,79,-1,597,865,96,156,85,144,78,135,8758,14534,7550,13182,6342,11830,7852,13520,130,215,112,195,94,175,117,200,0,109,0,80,20,0,1,2,-1,-1,-1,-1,-1,-1,100845
贝洛格,1826,740,19,4.5,4,34,17,39,15,11,0,0,0,0,0,0,1,1,0,70,79,-1,598,863,67,124,126,189,38,89,9440,15226,4425,9599,10915,16881,3835,8937,144,230,67,145,166,255,58,135,0,105,80,20,0,0,1,2,-1,-1,-1,-1,-1,-1,100835
昆依特,1827,762,20,4.5,4,17,21,24,28,11,0,0,0,0,0,0,1,1,0,70,79,-1,405,647,72,129,80,138,76,132,4440,9628,5624,10956,6512,11952,7696,13280,73,156,93,178,107,194,127,216,2,90,60,40,0,0,1,2,-1,-1,-1,-1,-1,-1,100857
加斯奥,1828,732,23,4.5,4,24,31,21,28,11,0,0,0,0,0,0,1,1,0,70,79,-1,514,770,104,165,77,135,77,134,6578,12060,8671,14405,5681,11055,7774,13400,99,180,130,215,85,165,117,200,0,104,0,0,80,20,1,2,-1,-1,-1,-1,-1,-1,100827
耶普鲁,1829,774,19,4.5,4,20,32,22,28,11,0,0,0,0,0,0,1,1,1,70,79,-1,466,714,105,165,78,136,76,132,5310,10592,8850,14564,5900,11254,7670,13240,81,160,135,220,90,170,117,200,0,102,0,0,100,0,1,2,-1,-1,-1,-1,-1,-1,100869
龟之钢,1830,745,13,4.5,4,23,25,35,13,11,0,0,0,0,0,0,1,1,0,70,79,-1,465,711,85,142,111,172,31,81,6069,11375,6647,12025,9537,15275,3179,8125,98,182,108,192,155,244,51,130,1,96,0,0,40,60,1,2,-1,-1,-1,-1,-1,-1,100840
巴克亚司,1831,823,24,4.5,4,25,25,23,28,11,0,0,0,0,0,0,1,1,0,70,79,-1,516,772,87,146,82,140,78,134,6900,12432,6900,12432,6300,11760,7800,13440,103,185,103,185,94,175,117,200,0,101,0,0,30,70,1,2,-1,-1,-1,-1,-1,-1,100918
欧瑟菲,1838,792,21,4.5,4,35,23,33,14,11,0,0,0,0,0,0,1,1,0,80,85,-1,694,942,96,153,126,185,40,92,11121,16779,7077,12495,10447,16065,4044,9282,148,235,94,175,139,225,54,130,0,105,80,0,0,20,1,2,-1,-1,-1,-1,-1,-1,100887
欧瑟菲,1839,792,21,4.5,4,35,23,33,14,11,0,0,0,0,0,0,1,1,0,85,90,-1,735,995,101,162,133,196,42,98,11781,17719,7497,13195,11067,16965,4284,9802,148,235,94,175,139,225,54,130,0,105,80,0,0,20,1,2,-1,-1,-1,-1,-1,-1,100887
玛斯特,1840,794,21,4.5,4,37,23,32,12,11,0,0,0,0,0,0,1,1,0,80,85,-1,711,960,96,153,123,182,33,85,11795,17493,7077,12495,10110,15708,3370,8568,157,245,94,175,135,220,45,120,0,104,70,30,0,0,1,2,-1,-1,-1,-1,-1,-1,100889
玛斯特,1841,794,21,4.5,4,37,23,32,12,11,0,0,0,0,0,0,1,1,0,85,90,-1,753,1014,101,162,130,192,35,90,12495,18473,7497,13195,10710,16588,3570,9048,157,245,94,175,135,220,45,120,0,104,70,30,0,0,1,2,-1,-1,-1,-1,-1,-1,100889
莫拉司,1842,793,22,4.5,4,39,26,27,12,11,0,0,0,0,0,0,1,1,0,85,90,-1,776,1039,111,172,114,176,35,90,13246,19278,8592,14364,8950,14742,3580,9072,166,255,108,190,112,195,45,120,0,104,0,70,30,0,1,2,-1,-1,-1,-1,-1,-1,100888
尤里蛙,1843,917,25,4.5,4,36,28,48,12,11,0,0,0,0,0,0,1,1,0,1,1,-1,57,71,8,12,13,16,2,6,850,1200,650,1000,1150,1500,250,600,153,240,117,200,207,300,45,120,0,124,70,30,0,0,1,2,-1,-1,-1,-1,-1,-1,100883
凯恩,1845,918,30,4.5,4,23,37,12,46,-5,1,1,1,1,1,1,1,1,2,1,1,-1,54,72,12,16,5,9,13,17,630,1050,1050,1470,300,720,1320,1740,94,175,157,245,45,120,198,290,0,118,0,0,0,100,1,2,506,-1,-1,-1,-1,-1,101180
布依布鲁,1846,728,23,4.5,4,44,24,23,17,11,0,0,0,0,0,0,1,1,0,80,90,-1,800,1114,100,166,97,163,50,109,14238,21224,7458,13644,7119,13265,5085,10991,189,280,99,180,94,175,67,145,0,108,30,70,0,0,1,2,-1,-1,-1,-1,-1,-1,100823
布依布依,1847,729,23,4.5,4,44,28,19,18,11,0,0,0,0,0,0,1,1,0,80,90,-1,803,1118,112,180,85,150,54,113,14238,21224,8814,15160,5763,11749,5424,11370,189,280,117,200,76,155,72,150,0,109,0,70,30,0,1,2,-1,-1,-1,-1,-1,-1,100824
拉斯基,1853,758,18,4.5,4,20,27,21,27,11,0,0,0,0,0,0,1,1,0,80,90,-1,504,781,101,168,83,147,83,145,6012,11968,8350,14586,6346,12342,8350,14586,84,166,117,202,89,171,117,202,1,95,0,0,60,40,1,2,-1,-1,-1,-1,-1,-1,100853
瑞德宝,1854,770,25,4.5,4,28,33,27,18,-1,0,0,0,0,0,0,1,1,1,80,90,-1,634,929,127,197,109,177,54,114,8866,15240,10571,17145,8525,14859,5456,11430,117,200,139,225,112,195,72,150,0,106,0,0,100,0,1,2,-1,-1,-1,-1,-1,-1,100865
耶普鲁,1855,774,19,4.5,4,20,32,22,28,11,0,0,0,0,0,0,1,1,1,80,90,-1,529,810,119,187,89,154,87,150,6030,12000,10050,16500,6700,12750,8710,15000,81,160,135,220,90,170,117,200,0,102,0,0,100,0,1,2,-1,-1,-1,-1,-1,-1,100869
菲奇亚,1868,933,30,4.5,4,32,64,13,32,-5,1,1,1,1,1,1,1,1,2,1,1,-1,69,87,20,24,6,11,9,13,900,1320,1860,2280,330,750,900,1320,135,220,279,380,49,125,135,220,0,141,0,0,100,0,1,2,624,-1,-1,-1,-1,-1,101616
萨格鲁,1871,778,25,4.5,4,27,36,16,26,-1,0,0,0,0,0,0,1,1,1,81,89,-1,627,904,136,203,74,136,82,143,8625,14703,11730,18096,4830,10556,8280,14326,112,195,153,240,63,140,108,190,0,105,0,50,50,0,1,2,-1,-1,-1,-1,-1,-1,100873
司尔顿,1872,765,25,4.5,4,31,30,28,21,11,0,0,0,0,0,0,1,1,0,71,80,-1,606,876,106,168,101,162,57,112,8845,14663,8540,14322,7930,13640,5795,11253,130,215,126,210,117,200,85,165,0,110,70,30,0,0,1,2,-1,-1,-1,-1,-1,-1,100860
雷德力克斯,1873,824,23,4.5,4,30,22,27,23,11,0,0,0,0,0,0,1,1,0,71,80,-1,569,833,81,140,94,155,63,118,8484,14238,6060,11526,7575,13221,6363,11865,126,210,90,170,112,195,94,175,0,102,50,50,0,0,1,2,-1,-1,-1,-1,-1,-1,100919
麦丁布斯,1875,780,19,4.5,4,34,25,28,14,-1,0,0,0,0,0,0,1,1,2,90,99,-1,746,1056,112,182,122,193,45,106,12000,18906,8625,15207,9750,16440,4500,10686,144,230,103,185,117,200,54,130,0,101,0,50,50,0,1,2,-1,-1,-1,-1,-1,-1,100875
贝洛金,1876,739,21,4.5,4,32,19,34,19,11,0,0,0,0,0,0,1,1,0,90,99,-1,738,1049,92,161,143,217,64,128,11310,18172,6409,12803,12064,18998,6409,12803,135,220,76,155,144,230,76,155,0,104,0,0,40,60,1,2,-1,-1,-1,-1,-1,-1,100834
蓝宝,1877,769,23,4.5,4,33,27,26,17,11,0,0,0,0,0,0,1,1,0,90,99,-1,750,1062,120,191,116,188,56,120,11749,18675,9475,16185,9096,15770,5685,12035,139,225,112,195,108,190,67,145,0,103,0,100,0,0,1,2,-1,-1,-1,-1,-1,-1,100864
卡卡特,1878,761,21,4.5,4,21,21,20,26,11,0,0,0,0,0,0,1,1,0,90,99,-1,554,846,91,160,88,156,90,156,7163,13629,7163,13629,6786,13216,9048,15694,96,184,96,184,91,179,122,212,3,88,20,80,0,0,1,2,-1,-1,-1,-1,-1,-1,100856
威比,1890,737,17,4.5,4,22,24,13,39,11,0,0,0,0,0,0,1,1,0,61,71,-1,411,647,70,124,45,95,95,151,5140,10098,5654,10692,2827,7425,9509,15147,94,176,103,187,51,130,173,265,1,98,0,0,30,70,1,2,-1,-1,-1,-1,-1,-1,100832
克拉尔,1891,757,18,4.5,4,22,22,21,29,11,0,0,0,0,0,0,1,1,0,61,70,-1,402,629,66,118,64,115,69,120,5160,9996,5160,9996,4902,9702,6966,12054,98,183,98,183,93,178,132,221,2,94,0,0,20,80,1,2,-1,-1,-1,-1,-1,-1,100852
卡恩格登,1900,957,26,4.5,4,27,32,32,20,11,0,0,0,0,0,0,1,1,1,1,1,-1,48,63,9,13,9,13,4,8,650,1014,780,1144,780,1144,468,832,112,195,135,220,135,220,81,160,0,111,70,30,0,0,1,2,503,-1,-1,-1,-1,-1,101284
卡恩米兹,1901,958,26,4.5,4,30,31,25,23,11,0,0,0,0,0,0,1,1,1,1,1,-1,50,65,9,13,7,11,5,9,728,1092,754,1118,598,962,546,910,126,210,130,215,103,185,94,175,0,109,0,70,30,0,1,2,503,-1,-1,-1,-1,-1,101285
卡恩法尔,1902,959,26,4.5,4,25,37,24,23,11,0,0,0,0,0,0,1,1,1,1,1,-1,46,61,10,14,7,11,5,9,598,962,910,1274,572,936,546,910,103,185,157,245,99,180,94,175,0,109,0,0,70,30,1,2,503,-1,-1,-1,-1,-1,101286
卡恩修比,1903,960,26,4.5,4,25,33,23,29,11,0,0,0,0,0,0,1,1,1,1,1,-1,47,62,9,13,7,11,7,10,598,962,806,1170,546,910,702,1066,103,185,139,225,94,175,121,205,0,110,30,0,0,70,1,2,503,-1,-1,-1,-1,-1,101287
龟之钢,1913,745,13,4.5,4,23,25,35,13,11,0,0,0,0,0,0,1,1,0,80,89,-1,529,799,96,160,126,193,36,91,6909,12775,7567,13505,10857,17155,3619,9125,98,182,108,192,155,244,51,130,1,96,0,0,40,60,1,2,-1,-1,-1,-1,-1,-1,100840
尼基斯,1914,748,20,4.5,4,29,24,27,22,11,0,0,0,0,0,0,1,1,0,80,89,-1,621,903,96,160,105,170,67,126,9072,15252,7392,13392,8400,14508,6720,12648,121,205,99,180,112,195,90,170,0,102,70,30,0,0,1,2,-1,-1,-1,-1,-1,-1,100843
加斯奥,1915,732,23,4.5,4,24,31,21,28,11,0,0,0,0,0,0,1,1,0,80,89,-1,583,862,118,185,87,151,88,150,7458,13500,9831,16125,6441,12375,8814,15000,99,180,130,215,85,165,117,200,0,104,0,0,80,20,1,2,-1,-1,-1,-1,-1,-1,100827
比特,1916,763,21,4.5,4,19,20,23,26,11,0,0,0,0,0,0,1,1,0,80,89,-1,475,742,79,141,88,151,80,141,5729,11563,6066,11936,7077,13055,8088,14174,86,173,91,179,107,196,122,212,3,88,0,0,80,20,1,2,-1,-1,-1,-1,-1,-1,100858
司尔顿,1917,765,25,4.5,4,31,30,28,21,11,0,0,0,0,0,0,1,1,0,90,95,-1,758,1030,133,198,126,191,72,132,11049,17243,10668,16842,9906,16040,7239,13233,130,215,126,210,117,200,85,165,0,110,70,30,0,0,1,2,-1,-1,-1,-1,-1,-1,100860
克洛恩,1918,804,30,4.5,4,27,38,23,29,-1,0,0,0,0,0,0,1,1,1,90,95,-1,748,1023,163,231,111,176,104,166,9650,15834,13896,20300,8106,14210,10422,16646,112,195,162,250,94,175,121,205,0,117,50,50,0,0,1,2,-1,-1,-1,-1,-1,-1,100899
雷德力克斯,1919,824,23,4.5,4,30,22,27,23,11,0,0,0,0,0,0,1,1,0,90,95,-1,712,981,101,164,118,182,79,139,10612,16758,7580,13566,9475,15561,7959,13965,126,210,90,170,112,195,94,175,0,102,50,50,0,0,1,2,-1,-1,-1,-1,-1,-1,100919
波波顿,1922,786,19,4.5,4,33,30,19,17,11,0,0,0,0,0,0,1,1,0,80,85,-1,649,894,114,172,80,137,50,102,10385,15975,9380,14910,5695,11005,5025,10295,145,234,131,218,79,161,70,150,1,99,80,20,0,0,1,2,-1,-1,-1,-1,-1,-1,100881
砂鲨,1923,785,20,4.5,4,33,36,16,18,11,0,0,0,0,0,0,1,1,0,80,85,-1,665,911,133,193,73,129,53,106,10416,16020,11424,17088,4704,9968,5376,10680,139,225,153,240,63,140,72,150,0,103,0,20,80,0,1,2,-1,-1,-1,-1,-1,-1,100880
鲁比,1926,965,23,4.5,4,22,32,27,26,-5,0,0,0,0,0,0,1,1,2,1,1,-1,38,52,8,11,7,10,5,8,460,782,690,1012,575,897,552,874,90,170,135,220,112,195,108,190,0,107,0,0,80,20,1,2,541,-1,-1,-1,-1,-1,101177
龟之钢,1927,745,13,4.5,4,23,25,35,13,11,0,0,0,0,0,0,1,1,0,80,85,-1,529,764,96,153,126,184,36,87,6909,12215,7567,12913,10857,16403,3619,8725,98,182,108,192,155,244,51,130,1,96,0,0,40,60,1,2,-1,-1,-1,-1,-1,-1,100840
贝洛金,1928,739,21,4.5,4,32,19,34,19,11,0,0,0,0,0,0,1,1,0,80,85,-1,660,906,82,139,128,187,57,110,10110,15708,5729,11067,10784,16422,5729,11067,135,220,76,155,144,230,76,155,0,104,0,0,40,60,1,2,-1,-1,-1,-1,-1,-1,100834
杨格斯,1930,755,27,4.5,4,27,50,18,32,-1,0,0,0,0,0,0,1,1,2,90,95,-1,781,1055,207,276,96,160,114,177,9575,15717,18384,24986,6128,12090,11490,17732,112,195,216,310,72,150,135,220,0,127,0,0,80,20,1,2,-1,-1,-1,-1,-1,-1,100850
玛斯贝卡,1934,779,24,4.5,4,25,35,16,31,11,0,0,0,0,0,0,1,1,0,101,105,-1,754,1038,163,233,91,158,122,189,9752,16280,13992,20680,5936,12320,12296,18920,103,185,148,235,63,140,130,215,0,107,0,0,50,50,1,2,-1,-1,-1,-1,-1,-1,100874
布依伦斯,1935,816,28,4.5,4,21,29,26,34,11,0,0,0,0,0,0,1,1,0,106,110,-1,757,1053,149,222,137,209,143,213,8512,15312,12096,19024,10752,17632,14336,21344,85,165,121,205,108,190,144,230,0,110,0,0,30,70,1,2,-1,-1,-1,-1,-1,-1,100911
蒙哥拉斯,1936,798,26,4.5,4,39,30,34,11,-1,0,0,0,0,0,0,1,1,0,111,120,-1,1057,1430,167,252,183,270,41,115,17242,25602,13048,21084,14912,23092,4194,11546,166,255,126,210,144,230,40,115,0,114,50,0,0,50,1,2,-1,-1,-1,-1,-1,-1,100893
迪基格斯,1937,756,26,4.5,4,31,37,18,22,11,0,0,0,0,0,0,1,1,0,90,95,-1,752,1025,156,223,91,154,76,136,11078,17286,13370,19698,6112,12060,7640,13668,130,215,157,245,72,150,90,170,0,108,20,80,0,0,1,2,-1,-1,-1,-1,-1,-1,100851
迪布恩,1938,806,28,4.5,4,28,30,23,26,11,0,0,0,0,0,0,1,1,0,85,90,-1,680,940,125,187,102,163,87,145,9464,15360,10192,16128,7644,13440,8736,14592,117,200,126,210,94,175,108,190,0,107,10,90,0,0,1,2,-1,-1,-1,-1,-1,-1,100901
迪米布斯,1939,782,17,4.5,4,34,21,31,13,11,0,0,0,0,0,0,1,1,0,85,90,-1,695,951,92,151,124,185,38,93,11296,17158,6707,12309,10237,16039,3883,9325,150,239,89,171,136,223,51,130,1,99,0,100,0,0,1,2,-1,-1,-1,-1,-1,-1,100877
朵巴奈特,1940,811,27,4.5,4,27,40,24,27,-1,0,0,0,0,0,0,1,1,1,90,95,-1,746,1019,170,237,115,179,95,157,9575,15717,14554,20956,8426,14508,9575,15717,112,195,171,260,99,180,112,195,0,118,0,0,40,60,1,2,-1,-1,-1,-1,-1,-1,100906
梅尔顿,1941,767,25,4.5,4,32,30,27,21,11,0,0,0,0,0,0,1,1,0,90,95,-1,769,1042,133,198,122,187,72,132,11430,17644,10668,16842,9525,15639,7239,13233,135,220,126,210,112,195,85,165,0,110,100,0,0,0,1,2,-1,-1,-1,-1,-1,-1,100862
蒙哥拉斯,1943,798,26,4.5,4,39,30,34,11,-1,0,0,0,0,0,0,1,1,0,121,125,-1,1148,1487,181,262,199,281,45,120,18722,26622,14168,21924,16192,24012,4554,12006,166,255,126,210,144,230,40,115,0,114,50,0,0,50,1,2,-1,-1,-1,-1,-1,-1,100893
砂鲨,1944,785,20,4.5,4,33,36,16,18,11,0,0,0,0,0,0,1,1,0,96,100,-1,792,1064,159,225,87,151,64,124,12400,18720,13600,19968,5600,11648,6400,12480,139,225,153,240,63,140,72,150,0,103,0,20,80,0,1,2,-1,-1,-1,-1,-1,-1,100880
莱姆洛斯,1945,818,23,4.5,4,34,22,28,23,11,0,0,0,0,0,0,1,1,0,101,105,-1,867,1154,115,183,138,207,88,153,13536,20194,8460,14926,10998,17560,8883,15365,144,230,90,170,117,200,94,175,0,107,60,0,0,40,1,2,-1,-1,-1,-1,-1,-1,100913
艾迪希洛,1946,968,32,4.5,4,23,45,16,35,-1,0,0,0,0,0,0,1,1,2,1,1,-1,58,77,15,20,7,11,10,15,672,1120,1376,1824,448,896,1056,1504,94,175,193,285,63,140,148,235,0,119,50,50,0,0,1,2,542,-1,-1,-1,-1,-1,101423
朵巴奈特,1973,979,27,4.5,4,27,40,24,27,-1,0,0,0,0,0,0,1,1,1,1,1,-1,52,68,12,15,8,12,6,10,675,1053,1026,1404,594,972,675,1053,112,195,171,260,99,180,112,195,0,118,0,0,40,60,1,2,541,-1,-1,-1,-1,-1,100906
格林巴肯,1975,981,42,4.5,4,32,43,23,31,11,-10,-10,-10,-10,-10,-10,1,1,0,1,1,-1,92,117,20,26,12,18,12,18,1260,1848,1722,2310,882,1470,1218,1806,135,220,184,275,94,175,130,215,0,129,90,10,0,0,1,2,600,701,-1,-1,-1,-1,101427
雷恩巴肯,1976,982,42,4.5,4,36,43,22,32,11,-10,-10,-10,-10,-10,-10,1,1,0,1,1,-1,99,123,20,26,12,18,12,18,1428,2016,1722,2310,840,1428,1260,1848,153,240,184,275,90,170,135,220,0,133,0,90,10,0,1,2,600,702,-1,-1,-1,-1,101424
法亚巴肯,1977,983,42,4.5,4,32,45,21,32,11,-10,-10,-10,-10,-10,-10,1,1,0,1,1,-1,93,117,20,27,11,17,12,18,1260,1848,1806,2394,798,1386,1260,1848,135,220,193,285,85,165,135,220,0,130,0,0,90,10,1,2,600,703,-1,-1,-1,-1,101425
奇欧巴肯,1978,984,42,4.5,4,31,41,20,35,11,-10,-10,-10,-10,-10,-10,1,1,0,1,1,-1,90,115,19,25,11,17,13,19,1218,1806,1638,2226,756,1344,1386,1974,130,215,175,265,81,160,148,235,0,127,10,0,0,90,1,2,600,704,-1,-1,-1,-1,101426
赫拉克勒斯,1979,985,39,4.5,4,24,40,27,26,0,0,0,0,0,0,0,5,0,0,1,1,-1,72,94,17,22,12,18,9,14,858,1404,1482,2028,975,1521,936,1482,99,180,171,260,112,195,108,190,0,117,100,0,0,0,1,2,-1,-1,-1,-1,-1,-1,101438
翟贝里恩,1980,986,39,4.5,4,24,44,24,26,0,0,0,0,0,0,0,5,0,0,1,1,-1,72,95,18,24,11,17,9,14,858,1404,1638,2184,858,1404,936,1482,99,180,189,280,99,180,108,190,0,118,0,0,100,0,1,2,-1,-1,-1,-1,-1,-1,101437
库玛斯,1984,989,26,4.5,4,28,35,24,21,11,0,0,0,0,0,0,1,1,0,1,1,-1,48,63,10,13,7,11,4,8,676,1040,858,1222,572,936,494,858,117,200,148,235,99,180,85,165,0,108,60,0,0,40,1,2,-1,-1,-1,-1,-1,-1,101444
雷玛特,1985,990,26,4.5,4,32,34,19,23,11,0,0,0,0,0,0,1,1,0,1,1,-1,52,67,9,13,6,10,5,9,780,1144,832,1196,442,806,546,910,135,220,144,230,76,155,94,175,0,108,0,90,10,0,1,2,-1,-1,-1,-1,-1,-1,101445
菲斯玛,1986,991,26,4.5,4,30,39,16,23,11,0,0,0,0,0,0,1,1,0,1,1,-1,50,65,11,14,5,9,5,9,728,1092,962,1326,364,728,546,910,126,210,166,255,63,140,94,175,0,108,0,50,50,0,1,2,-1,-1,-1,-1,-1,-1,101446
贝库尔,1987,992,26,4.5,4,30,35,17,26,11,0,0,0,0,0,0,1,1,0,1,1,-1,50,65,10,13,5,9,6,9,728,1092,858,1222,390,754,624,988,126,210,148,235,67,145,108,190,0,108,10,0,0,90,1,2,-1,-1,-1,-1,-1,-1,101447
史奈克特,1988,993,27,4.5,4,25,36,27,24,11,0,0,0,0,0,0,1,1,1,1,1,-1,49,65,10,14,8,12,5,9,621,999,918,1296,675,1053,594,972,103,185,153,240,112,195,99,180,0,112,70,0,0,30,1,2,-1,-1,-1,-1,-1,-1,101448
葛利斯奈,1989,994,27,4.5,4,29,35,26,23,11,0,0,0,0,0,0,1,1,1,1,1,-1,52,68,10,14,8,12,5,9,729,1107,891,1269,648,1026,567,945,121,205,148,235,108,190,94,175,0,113,30,70,0,0,1,2,-1,-1,-1,-1,-1,-1,101449
艾柏瑞,1990,995,27,4.5,4,28,39,23,23,11,0,0,0,0,0,0,1,1,1,1,1,-1,52,67,11,15,7,11,5,9,702,1080,999,1377,567,945,567,945,117,200,166,255,94,175,94,175,0,113,0,30,70,0,1,2,-1,-1,-1,-1,-1,-1,101450
拉特利,1991,996,27,4.5,4,25,38,23,26,11,0,0,0,0,0,0,1,1,1,1,1,-1,49,65,11,15,7,11,6,10,621,999,972,1350,567,945,648,1026,103,185,162,250,94,175,108,190,0,112,0,0,30,70,1,2,-1,-1,-1,-1,-1,-1,101451
毕格艾斯,1992,997,25,4.5,4,34,29,28,17,0,0,0,0,0,0,0,1,1,0,1,1,-1,51,66,8,12,8,11,3,7,800,1150,675,1025,650,1000,375,725,144,230,121,205,117,200,67,145,0,108,80,20,0,0,1,2,-1,-1,-1,-1,-1,-1,101452
裘比斯,1993,998,25,4.5,4,36,29,26,18,0,0,0,0,0,0,0,1,1,0,1,1,-1,53,67,8,12,7,11,4,7,850,1200,675,1025,600,950,400,750,153,240,121,205,108,190,72,150,0,109,0,80,20,0,1,2,-1,-1,-1,-1,-1,-1,101453
阿卡西斯,1994,999,25,4.5,4,34,31,26,18,0,0,0,0,0,0,0,1,1,0,1,1,-1,51,66,8,12,7,11,4,7,800,1150,725,1075,600,950,400,750,144,230,130,215,108,190,72,150,0,109,0,0,80,20,1,2,-1,-1,-1,-1,-1,-1,101454
洛可洛斯,1995,1000,25,4.5,4,33,29,25,20,0,0,0,0,0,0,0,1,1,0,1,1,-1,50,65,8,12,7,11,4,8,775,1125,675,1025,575,925,450,800,139,225,121,205,103,185,81,160,0,107,50,50,0,0,1,2,-1,-1,-1,-1,-1,-1,101455
法兹蒙特,1996,1001,24,4.5,4,32,20,35,16,-1,0,0,0,0,0,0,1,1,1,1,1,-1,46,60,6,9,9,12,3,6,720,1056,432,768,792,1128,336,672,135,220,81,160,148,235,63,140,0,103,70,30,0,0,1,2,-1,-1,-1,-1,-1,-1,101456
雷格特,1997,1002,23,4.5,4,34,20,33,16,-1,0,0,0,0,0,0,1,1,1,1,1,-1,46,59,5,9,8,11,3,6,736,1058,414,736,713,1035,322,644,144,230,81,160,139,225,63,140,0,103,0,100,0,0,1,2,-1,-1,-1,-1,-1,-1,101457
洛克尔,1998,1003,23,4.5,4,31,23,33,16,-1,0,0,0,0,0,0,1,1,1,1,1,-1,44,57,6,9,8,11,3,6,667,989,483,805,713,1035,322,644,130,215,94,175,139,225,63,140,0,103,0,0,50,50,1,2,-1,-1,-1,-1,-1,-1,101458
米恩斯特,1999,1004,23,4.5,4,30,20,33,20,-1,0,0,0,0,0,0,1,1,1,1,1,-1,43,56,5,9,8,11,4,7,644,966,414,736,713,1035,414,736,126,210,81,160,139,225,81,160,0,103,70,0,0,30,1,2,-1,-1,-1,-1,-1,-1,101459
利西亚,2000,1005,26,4.5,4,30,27,26,26,-1,0,0,0,0,0,0,1,1,1,1,1,-1,50,65,8,12,8,11,6,9,728,1092,650,1014,624,988,624,988,126,210,112,195,108,190,108,190,0,109,100,0,0,0,1,2,-1,-1,-1,-1,-1,-1,101460
佩罗亚,2001,1006,26,4.5,4,33,27,22,27,-1,0,0,0,0,0,0,1,1,1,1,1,-1,53,68,8,12,7,10,6,10,806,1170,650,1014,520,884,650,1014,139,225,112,195,90,170,112,195,0,109,0,80,20,0,1,2,-1,-1,-1,-1,-1,-1,101461
伊利曼亚,2002,1007,26,4.5,4,30,29,22,28,-1,0,0,0,0,0,0,1,1,1,1,1,-1,50,65,8,12,7,10,6,10,728,1092,702,1066,520,884,676,1040,126,210,121,205,90,170,117,200,0,109,0,0,90,10,1,2,-1,-1,-1,-1,-1,-1,101462
卡力洛亚,2003,1008,26,4.5,4,29,28,21,31,-1,0,0,0,0,0,0,1,1,1,1,1,-1,49,65,8,12,6,10,7,11,702,1066,676,1040,494,858,754,1118,121,205,117,200,85,165,130,215,0,109,0,0,20,80,1,2,-1,-1,-1,-1,-1,-1,101463
奥普萨斯,2004,1009,27,4.5,4,27,35,28,28,-1,0,0,0,0,0,0,1,1,1,1,1,-1,52,68,10,14,9,12,7,10,675,1053,891,1269,702,1080,702,1080,112,195,148,235,117,200,117,200,0,118,90,0,0,10,1,2,-1,-1,-1,-1,-1,-1,101467
利普多尔,2005,1010,27,4.5,4,31,35,25,27,-1,0,0,0,0,0,0,1,1,1,1,1,-1,55,71,10,14,8,12,6,10,783,1161,891,1269,621,999,675,1053,130,215,148,235,103,185,112,195,0,118,20,80,0,0,1,2,-1,-1,-1,-1,-1,-1,101465
邦克普斯,2006,1011,27,4.5,4,27,39,24,28,-1,0,0,0,0,0,0,1,1,1,1,1,-1,52,68,11,15,8,12,7,10,675,1053,999,1377,594,972,702,1080,112,195,166,255,99,180,117,200,0,118,0,0,80,20,1,2,-1,-1,-1,-1,-1,-1,101466
拉佛洛斯,2007,1012,27,4.5,4,27,35,25,31,-1,0,0,0,0,0,0,1,1,1,1,1,-1,52,68,10,14,8,12,7,11,675,1053,891,1269,621,999,783,1161,112,195,148,235,103,185,130,215,0,118,60,0,0,40,1,2,-1,-1,-1,-1,-1,-1,101464
迪亚古斯,2008,1013,25,4.5,4,33,30,34,13,-1,0,0,0,0,0,0,1,1,1,1,1,-1,51,65,8,12,9,13,2,6,775,1125,700,1050,800,1150,275,625,139,225,126,210,144,230,49,125,0,110,50,50,0,0,1,2,-1,-1,-1,-1,-1,-1,101468
马鲁古斯,2009,1014,25,4.5,4,36,30,30,14,-1,0,0,0,0,0,0,1,1,1,1,1,-1,53,68,8,12,8,12,3,6,850,1200,700,1050,700,1050,300,650,153,240,126,210,126,210,54,130,0,110,0,100,0,0,1,2,-1,-1,-1,-1,-1,-1,101469
尔洛普,2010,1015,25,4.5,4,34,32,30,14,-1,0,0,0,0,0,0,1,1,1,1,1,-1,52,66,9,12,8,12,3,6,800,1150,750,1100,700,1050,300,650,144,230,135,220,126,210,54,130,0,110,0,20,80,0,1,2,-1,-1,-1,-1,-1,-1,101470
卡克普,2011,1016,25,4.5,4,33,30,29,19,-1,0,0,0,0,0,0,1,1,1,1,1,-1,51,66,8,12,8,12,4,7,775,1125,700,1050,675,1025,425,775,139,225,126,210,121,205,76,155,0,111,90,0,0,10,1,2,-1,-1,-1,-1,-1,-1,101471
西修,2012,1017,17,4.5,4,24,23,38,13,-5,0,0,0,0,0,0,1,1,2,1,1,-1,28,38,4,7,7,9,1,4,374,612,357,595,612,850,187,425,103,187,98,182,169,260,51,130,1,98,60,0,0,40,1,2,-1,-1,-1,-1,-1,-1,101472
哈尔修,2013,1018,17,4.5,4,26,24,35,13,-5,0,0,0,0,0,0,1,1,2,1,1,-1,29,39,4,7,6,9,1,4,408,646,374,612,561,799,187,425,112,197,103,187,155,244,51,130,1,98,40,60,0,0,1,2,-1,-1,-1,-1,-1,-1,101473
弗利修,2014,1019,17,4.5,4,24,26,35,13,-5,0,0,0,0,0,0,1,1,2,1,1,-1,28,38,5,7,6,9,1,4,374,612,408,646,561,799,187,425,103,187,112,197,155,244,51,130,1,98,0,40,60,0,1,2,-1,-1,-1,-1,-1,-1,101474
巴利,2015,1020,17,4.5,4,22,23,35,18,-5,0,0,0,0,0,0,1,1,2,1,1,-1,27,37,4,7,6,8,2,5,340,578,357,595,561,799,272,510,94,176,98,182,155,244,75,156,1,98,0,0,40,60,1,2,-1,-1,-1,-1,-1,-1,101475
雅特拉斯,2016,1021,23,4.5,4,23,25,21,39,-1,0,0,0,0,0,0,1,1,1,1,1,-1,39,53,6,10,5,9,8,11,483,805,529,851,437,759,851,1173,94,175,103,185,85,165,166,255,0,108,70,0,0,30,1,2,-1,-1,-1,-1,-1,-1,101476
伊利亚德,2017,1022,23,4.5,4,27,25,17,39,-1,0,0,0,0,0,0,1,1,1,1,1,-1,42,55,6,10,5,8,8,11,575,897,529,851,345,667,851,1173,112,195,103,185,67,145,166,255,0,108,10,90,0,0,1,2,-1,-1,-1,-1,-1,-1,101477
米尼奈巴,2018,1023,23,4.5,4,23,29,16,40,-1,0,0,0,0,0,0,1,1,1,1,1,-1,39,53,7,10,4,8,8,11,483,805,621,943,322,644,874,1196,94,175,121,205,63,140,171,260,0,108,0,0,60,40,1,2,-1,-1,-1,-1,-1,-1,101478
德拉斯,2019,1024,23,4.5,4,23,25,16,44,-1,0,0,0,0,0,0,1,1,1,1,1,-1,39,53,6,10,4,8,9,12,483,805,529,851,322,644,966,1288,94,175,103,185,63,140,189,280,0,108,0,0,0,100,1,2,-1,-1,-1,-1,-1,-1,101479
科伦特,2020,1025,23,4.5,4,28,23,19,38,-1,0,0,0,0,0,0,1,1,1,1,1,-1,43,56,6,9,5,8,8,11,598,920,483,805,391,713,828,1150,117,200,94,175,76,155,162,250,0,108,20,80,0,0,1,2,-1,-1,-1,-1,-1,-1,101480
邦欧里,2021,1026,24,4.5,4,31,30,20,23,-5,0,0,0,0,0,0,2,6,2,1,1,-1,46,60,8,11,6,9,5,8,696,1032,672,1008,432,768,504,840,130,215,126,210,81,160,94,175,0,104,80,20,0,0,1,2,-1,-1,-1,-1,-1,-1,101481
加雷,2022,1027,24,4.5,4,34,31,16,23,-5,0,0,0,0,0,0,2,6,2,1,1,-1,48,62,8,11,5,8,5,8,768,1104,696,1032,336,672,504,840,144,230,130,215,63,140,94,175,0,104,0,100,0,0,1,2,-1,-1,-1,-1,-1,-1,101482
加古特,2023,1028,24,4.5,4,31,35,15,23,-5,0,0,0,0,0,0,2,6,2,1,1,-1,46,60,9,12,4,8,5,8,696,1032,792,1128,312,648,504,840,130,215,148,235,58,135,94,175,0,104,0,20,80,0,1,2,-1,-1,-1,-1,-1,-1,101483
邦西普,2024,1029,24,4.5,4,31,31,15,27,-5,0,0,0,0,0,0,2,6,2,1,1,-1,46,60,8,11,4,8,6,9,696,1032,696,1032,312,648,600,936,130,215,130,215,58,135,112,195,0,104,0,0,20,80,1,2,-1,-1,-1,-1,-1,-1,101484
伊亚欧莱,2025,1030,27,4.5,4,28,30,26,28,-1,0,0,0,0,0,0,1,1,1,1,1,-1,51,67,9,13,8,12,7,10,702,1080,756,1134,648,1026,702,1080,117,200,126,210,108,190,117,200,0,112,70,0,0,30,1,2,-1,-1,-1,-1,-1,-1,101485
拉格多鲁,2026,1031,27,4.5,4,30,31,23,27,-1,0,0,0,0,0,0,1,1,1,1,1,-1,53,68,9,13,7,11,6,10,756,1134,783,1161,567,945,675,1053,126,210,130,215,94,175,112,195,0,111,0,70,30,0,1,2,-1,-1,-1,-1,-1,-1,101486
西顿克尔,2027,1032,27,4.5,4,27,34,22,28,-1,0,0,0,0,0,0,1,1,1,1,1,-1,50,66,10,14,7,11,7,10,675,1053,864,1242,540,918,702,1080,112,195,144,230,90,170,117,200,0,111,0,0,80,20,1,2,-1,-1,-1,-1,-1,-1,101487
克罗那斯,2028,1033,27,4.5,4,26,35,22,28,-1,0,0,0,0,0,0,1,1,1,1,1,-1,49,65,10,14,7,11,7,10,648,1026,891,1269,540,918,702,1080,108,190,148,235,90,170,117,200,0,111,0,0,50,50,1,2,-1,-1,-1,-1,-1,-1,101488
蓝龟,2029,743,15,4.5,4,31,24,38,10,11,0,0,0,0,0,0,1,1,0,90,95,-1,712,977,109,171,155,220,29,86,10759,16813,8162,14076,13356,19550,2968,8602,130,215,99,180,162,250,36,110,0,103,0,100,0,0,1,2,-1,-1,-1,-1,-1,-1,100838
比比加,2030,734,22,4.5,4,29,25,24,26,11,0,0,0,0,0,0,1,1,0,85,90,-1,669,926,105,166,102,163,85,143,9666,15498,8234,13986,7876,13608,8592,14364,121,205,103,185,99,180,108,190,0,104,40,60,0,0,1,2,-1,-1,-1,-1,-1,-1,100829
贝洛格,2031,740,19,4.5,4,34,17,39,15,11,0,0,0,0,0,0,1,1,0,80,85,-1,680,926,77,133,143,203,43,95,10720,16330,5025,10295,12395,18105,4355,9585,144,230,67,145,166,255,58,135,0,105,80,20,0,0,1,2,-1,-1,-1,-1,-1,-1,100835
可可恩,2037,803,28,4.5,4,27,34,20,26,11,0,0,0,0,0,0,1,1,0,90,95,-1,706,977,145,212,97,161,92,153,9600,15756,12288,18584,6912,12928,9216,15352,112,195,144,230,81,160,108,190,0,107,0,80,20,0,1,2,-1,-1,-1,-1,-1,-1,100898
布兰恩,2038,805,25,4.5,4,24,29,27,29,11,0,0,0,0,0,0,1,1,0,90,95,-1,674,942,127,192,120,185,102,164,8382,14436,10287,16441,9525,15639,10287,16441,99,180,121,205,112,195,121,205,0,109,80,0,0,20,1,2,-1,-1,-1,-1,-1,-1,100900
迪布恩,2039,806,28,4.5,4,28,30,23,26,11,0,0,0,0,0,0,1,1,0,90,95,-1,718,989,132,197,107,172,92,153,9984,16160,10752,16968,8064,14140,9216,15352,117,200,126,210,94,175,108,190,0,107,10,90,0,0,1,2,-1,-1,-1,-1,-1,-1,100901
克达达,2040,760,18,4.5,4,21,22,24,27,-1,0,0,0,0,0,0,1,1,1,85,90,-1,541,789,91,150,97,157,88,145,6726,12342,7080,12716,7788,13464,8850,14586,93,178,98,183,107,194,122,210,2,94,60,0,0,40,1,2,-1,-1,-1,-1,-1,-1,100855
贝洛贝,2041,741,20,4.5,4,33,17,37,18,11,0,0,0,0,0,0,1,1,0,85,90,-1,712,970,81,140,145,208,56,112,11036,16920,5340,10904,12460,18424,5696,11280,139,225,67,145,157,245,72,150,0,105,70,0,0,30,1,2,-1,-1,-1,-1,-1,-1,100836
卡拉格尔,2042,744,16,4.5,4,22,22,41,13,-5,0,0,0,0,0,0,1,1,2,85,90,-1,563,810,94,154,155,217,38,93,7040,12648,7040,12648,13728,19716,3872,9300,94,176,94,176,183,275,51,130,1,98,70,0,0,30,1,2,-1,-1,-1,-1,-1,-1,100839
卡克尔,2051,181,18,4.5,4,20,21,21,24,7,0,0,0,0,0,0,0,1,0,50,50,-1,303,428,52,83,52,83,47,77,3852,6848,4066,7062,4066,7062,4708,7704,91,179,96,184,96,184,112,201,3,86,30,70,0,0,1,2,-1,-1,-1,-1,-1,-1,100323
巴克,2052,182,20,4.5,4,17,26,19,27,7,0,0,0,0,0,0,0,1,0,50,50,-1,293,419,62,93,48,80,54,84,3240,6264,5184,8208,3672,6696,5400,8424,76,162,122,212,86,173,127,218,3,89,0,0,40,60,1,2,-1,-1,-1,-1,-1,-1,100324
鲍,2053,183,17,4.5,4,16,23,20,28,7,0,0,0,0,0,0,0,1,0,50,50,-1,279,402,55,86,49,80,55,85,2982,5964,4473,7455,3834,6816,5538,8520,71,156,107,196,91,179,132,224,3,87,20,0,0,80,1,2,-1,-1,-1,-1,-1,-1,100325
卡拉卡利,2054,184,17,4.5,4,15,23,23,26,7,0,0,0,0,0,0,0,1,0,50,50,-1,272,396,55,86,55,86,51,80,2769,5751,4473,7455,4473,7455,5112,8094,66,151,107,196,107,196,122,212,3,87,70,0,0,30,1,2,-1,-1,-1,-1,-1,-1,100326
宠物蛋,2055,1045,10,4.5,4,20,10,10,10,11,0,0,0,0,0,0,1,1,0,1,1,-1,10,16,1,2,1,2,0,2,180,320,80,220,80,220,80,220,99,192,44,132,44,132,44,132,5,50,100,0,0,0,1,2,-1,-1,-1,-1,-1,60,101489
洛奇斯德,2057,1047,39,4.5,4,28,41,24,24,0,0,0,0,0,0,0,5,0,0,1,1,-1,76,99,17,23,11,17,8,14,1014,1560,1521,2067,858,1404,858,1404,117,200,175,265,99,180,99,180,0,117,0,100,0,0,1,2,602,-1,-1,-1,-1,-1,101442
缪那,2058,1048,39,4.5,4,23,41,22,32,0,0,0,0,0,0,0,5,0,0,1,1,-1,71,93,17,23,10,16,11,17,819,1365,1521,2067,780,1326,1170,1716,94,175,175,265,90,170,135,220,0,118,0,0,0,100,1,2,-1,-1,-1,-1,-1,-1,101443
米鲁多,2059,1049,24,4.5,4,27,35,20,42,-5,0,0,0,0,0,0,1,1,0,1,1,-1,48,62,9,13,6,9,9,12,600,936,792,1128,432,768,960,1296,112,195,148,235,81,160,180,270,0,124,30,70,0,0,1,2,-1,-1,-1,-1,-1,-1,101439
多鲁多,2060,1050,24,4.5,4,24,34,16,47,-5,0,0,0,0,0,0,1,1,0,1,1,-1,45,59,9,12,5,8,10,14,528,864,768,1104,336,672,1080,1416,99,180,144,230,63,140,202,295,0,121,20,0,0,80,1,2,-1,-1,-1,-1,-1,-1,101440
布尔摩,2061,1051,27,4.5,4,22,43,28,31,-1,0,0,0,0,0,0,1,1,1,1,1,-1,50,65,12,16,9,13,7,11,540,918,1107,1485,702,1080,783,1161,90,170,184,275,117,200,130,215,0,124,0,0,80,20,1,2,-1,-1,-1,-1,-1,-1,101441
迪布恩,2062,806,28,4.5,4,28,30,23,26,11,0,0,0,0,0,0,1,1,0,80,81,-1,643,852,118,170,96,148,82,132,8944,13920,9632,14616,7224,12180,8256,13224,117,200,126,210,94,175,108,190,0,107,10,90,0,0,1,2,-1,-1,-1,-1,-1,-1,100901
布莱兹,2063,815,30,4.5,4,28,31,25,33,-1,0,0,0,0,0,0,1,1,1,26,30,-1,256,372,46,73,39,65,40,65,3380,5840,3770,6278,2990,5402,4030,6570,117,200,130,215,103,185,139,225,0,117,30,70,0,0,1,2,-1,-1,-1,-1,-1,-1,100910
伊夫霍恩,2064,817,27,4.5,4,22,26,29,32,11,0,0,0,0,0,0,1,1,0,26,30,-1,217,327,38,64,42,68,38,62,2540,4862,3048,5434,3429,5863,3810,6292,90,170,108,190,121,205,135,220,0,109,70,0,0,30,1,2,-1,-1,-1,-1,-1,-1,100912
梅鲁莎,2065,787,30,4.5,4,30,41,20,25,-5,0,0,0,0,0,0,1,1,2,39,43,-1,367,514,82,118,47,80,41,73,5096,8316,7098,10494,3276,6336,4186,7326,126,210,175,265,81,160,103,185,0,116,0,0,20,80,1,2,-1,-1,-1,-1,-1,-1,100882
帖尼布,2066,1052,29,4.5,4,24,44,26,27,11,0,0,0,0,0,0,1,1,2,1,1,-1,54,71,14,18,9,13,7,11,638,1044,1218,1624,696,1102,725,1131,99,180,189,280,108,190,112,195,0,121,70,0,0,30,1,2,-1,-1,-1,-1,-1,-1,101493
帖尼贝,2067,1053,29,4.5,4,31,43,20,27,11,0,0,0,0,0,0,1,1,2,1,1,-1,60,77,13,17,7,11,7,11,841,1247,1189,1595,522,928,725,1131,130,215,184,275,81,160,112,195,0,121,30,70,0,0,1,2,-1,-1,-1,-1,-1,-1,101494
帖尼恩,2068,1054,29,4.5,4,25,46,19,31,11,0,0,0,0,0,0,1,1,2,1,1,-1,55,72,14,18,7,11,8,12,667,1073,1276,1682,493,899,841,1247,103,185,198,290,76,155,130,215,0,121,0,30,70,0,1,2,-1,-1,-1,-1,-1,-1,101495
帖尼斯,2069,1055,29,4.5,4,24,42,19,36,11,0,0,0,0,0,0,1,1,2,1,1,-1,54,71,13,17,7,11,9,13,638,1044,1160,1566,493,899,986,1392,99,180,180,270,76,155,153,240,0,121,0,0,30,70,1,2,-1,-1,-1,-1,-1,-1,101496
查洛奇斯,2072,1056,29,4.5,4,23,43,28,28,11,0,0,0,0,0,0,1,1,2,1,1,-1,54,71,13,17,9,14,7,11,609,1015,1189,1595,754,1160,754,1160,94,175,184,275,117,200,117,200,0,122,80,20,0,0,1,2,-1,-1,-1,-1,-1,-1,101607
查洛可利,2073,1057,29,4.5,4,32,42,22,28,11,0,0,0,0,0,0,1,1,2,1,1,-1,62,79,13,17,8,12,7,11,870,1276,1160,1566,580,986,754,1160,135,220,180,270,90,170,117,200,0,124,0,80,20,0,1,2,-1,-1,-1,-1,-1,-1,101608
查洛毕尔,2074,1058,29,4.5,4,25,47,21,29,11,0,0,0,0,0,0,1,1,2,1,1,-1,55,72,14,19,8,12,7,11,667,1073,1305,1711,551,957,783,1189,103,185,202,295,85,165,121,205,0,122,0,0,80,20,1,2,-1,-1,-1,-1,-1,-1,101609
查洛比克,2075,1059,29,4.5,4,24,43,20,35,11,0,0,0,0,0,0,1,1,2,1,1,-1,55,71,13,17,7,11,9,13,638,1044,1189,1595,522,928,957,1363,99,180,184,275,81,160,148,235,0,122,20,0,0,80,1,2,-1,-1,-1,-1,-1,-1,101610
乌力乌力,2076,1061,20,4.5,4,22,23,11,23,11,0,0,0,0,0,0,1,1,0,1,1,-1,28,39,5,7,2,5,4,7,400,680,420,700,180,460,420,700,110,204,115,210,49,138,115,210,5,79,0,40,60,0,1,2,201,-1,-1,-1,-1,-1,100251
凯比,2077,1062,20,4.5,4,14,19,19,27,11,0,0,0,0,0,0,2,0,0,1,1,-1,23,35,4,7,4,7,5,7,240,520,340,620,340,620,500,780,66,156,93,186,93,186,137,234,5,79,20,0,0,80,1,2,200,-1,-1,-1,-1,-1,100296
克克尔,2078,1063,20,4.5,4,20,18,17,24,11,0,0,0,0,0,0,0,1,0,1,1,-1,27,38,4,7,3,6,4,7,360,640,320,600,300,580,440,720,99,192,88,180,82,174,121,216,5,79,0,70,30,0,1,2,572,-1,-1,-1,-1,-1,100292
威伯,2079,1064,20,4.5,4,17,18,15,29,11,0,0,0,0,0,0,0,1,0,1,1,-1,25,36,4,7,3,6,5,8,300,580,320,600,260,540,540,820,82,174,88,180,71,162,148,246,5,79,60,0,0,40,1,2,540,-1,-1,-1,-1,-1,100266
雷帝斯洛,2080,1060,39,4.5,4,26,42,24,29,0,0,0,0,0,0,0,5,0,0,1,1,-1,76,98,18,23,11,17,10,15,936,1482,1560,2106,858,1404,1053,1599,108,190,180,270,99,180,121,205,0,121,0,0,0,0,1,2,-1,-1,-1,-1,-1,-1,101501
卡伯,2081,1065,23,4.5,4,31,32,35,24,11,0,0,0,0,0,0,1,1,0,1,1,-1,48,61,8,12,9,12,5,8,667,989,690,1012,759,1081,506,828,130,215,135,220,148,235,99,180,0,122,60,40,0,0,1,2,-1,-1,-1,-1,-1,-1,101563
卡特,2082,1066,24,4.5,4,31,37,30,18,-1,0,0,0,0,0,0,1,1,1,1,1,-1,49,63,10,13,8,12,3,7,696,1032,840,1176,672,1008,384,720,130,215,157,245,126,210,72,150,0,116,0,0,60,40,1,2,-1,-1,-1,-1,-1,-1,101562
奇格拉,2083,1067,27,4.5,4,28,37,45,14,-5,0,0,0,0,0,0,1,1,2,1,1,-1,55,70,11,15,13,17,3,7,702,1080,945,1323,1161,1539,324,702,117,200,157,245,193,285,54,130,0,124,0,0,70,30,1,2,-1,-1,-1,-1,-1,-1,101568
多格斯,2084,1068,28,4.5,4,29,36,38,18,11,0,0,0,0,0,0,1,1,0,1,1,-1,57,73,11,15,12,16,4,8,756,1148,952,1344,1008,1400,448,840,121,205,153,240,162,250,72,150,0,121,70,30,0,0,1,2,-1,-1,-1,-1,-1,-1,101569
洛比特,2085,1069,25,4.5,4,29,34,28,19,-1,0,0,0,0,0,0,1,1,1,1,1,-1,48,62,9,13,8,11,4,7,675,1025,800,1150,650,1000,425,775,121,205,144,230,117,200,76,155,0,110,70,30,0,0,1,2,-1,-1,-1,-1,-1,-1,101537
雷比特,2086,1070,30,4.5,4,30,45,35,20,11,0,0,0,0,0,0,1,1,0,1,1,-1,64,82,15,19,12,16,5,9,840,1260,1290,1710,990,1410,540,960,126,210,193,285,148,235,81,160,0,130,0,0,70,30,1,2,-1,-1,-1,-1,-1,-1,101536
玛那斯,2087,1071,23,4.5,4,28,38,31,27,-1,0,0,0,0,0,0,1,1,1,1,1,-1,46,60,9,13,8,11,5,8,598,920,828,1150,667,989,575,897,117,200,162,250,130,215,112,195,0,124,80,0,0,20,1,2,-1,-1,-1,-1,-1,-1,101561
西考,2088,1072,21,4.5,4,30,25,28,23,11,0,0,0,0,0,0,1,1,0,1,1,-1,40,52,6,9,6,9,4,7,588,882,483,777,546,840,441,735,126,210,103,185,117,200,94,175,0,106,0,0,80,20,1,2,-1,-1,-1,-1,-1,-1,101560
西柏克,2089,1073,27,4.5,4,28,46,18,25,-1,0,0,0,0,0,0,1,1,2,1,1,-1,53,68,13,17,6,10,6,9,702,1080,1188,1566,432,810,621,999,117,200,198,290,72,150,103,185,0,117,20,80,0,0,1,2,-1,-1,-1,-1,-1,-1,101538
特利斯克,2090,1074,26,4.5,4,29,44,17,27,-1,0,0,0,0,0,0,1,1,1,1,1,-1,52,67,12,16,6,9,6,10,702,1066,1092,1456,390,754,650,1014,121,205,189,280,67,145,112,195,0,117,0,80,20,0,1,2,-1,-1,-1,-1,-1,-1,101539
贝沃特,2091,1075,26,4.5,4,26,35,27,29,11,0,0,0,0,0,0,1,1,0,1,1,-1,49,64,10,14,8,12,7,10,624,988,858,1222,650,1014,702,1066,108,190,148,235,112,195,121,205,0,117,100,0,0,0,1,2,-1,-1,-1,-1,-1,-1,101570
贝恩斯,2092,1076,22,4.5,4,27,38,25,29,11,0,0,0,0,0,0,1,1,0,1,1,-1,43,55,9,12,6,9,5,9,550,858,792,1100,506,814,594,902,112,195,162,250,103,185,121,205,0,119,0,0,100,0,1,2,-1,-1,-1,-1,-1,-1,101571
康尔特,2095,1079,23,4.5,4,35,33,20,20,0,0,0,0,0,0,0,1,1,0,1,1,-1,48,61,8,11,5,9,4,7,759,1081,713,1035,414,736,414,736,148,235,139,225,81,160,81,160,0,108,10,90,0,0,1,2,-1,-1,-1,-1,-1,-1,101558
伯洛西,2096,1080,24,4.5,4,32,31,22,24,-5,0,0,0,0,0,0,1,1,2,1,1,-1,48,62,8,12,6,10,5,8,720,1056,696,1032,480,816,528,864,135,220,130,215,90,170,99,180,0,109,0,20,80,0,1,2,-1,-1,-1,-1,-1,-1,101559
那尔斯,2097,1081,26,4.5,4,31,29,25,25,-5,0,0,0,0,0,0,1,1,2,1,1,-1,51,66,8,12,7,11,5,9,754,1118,702,1066,598,962,598,962,130,215,121,205,103,185,103,185,0,110,90,0,0,10,1,2,-1,-1,-1,-1,-1,-1,101549
多尔克,2098,1082,25,4.5,4,26,27,24,29,11,0,0,0,0,0,0,1,1,0,1,1,-1,45,59,7,11,7,10,6,10,600,950,625,975,550,900,675,1025,108,190,112,195,99,180,121,205,0,106,0,0,80,20,1,2,-1,-1,-1,-1,-1,-1,101548
塔克,2099,1083,28,4.5,4,29,44,24,28,-1,0,0,0,0,0,0,1,1,1,1,1,-1,58,74,13,17,8,12,7,11,756,1148,1176,1568,616,1008,728,1120,121,205,189,280,99,180,117,200,0,125,0,0,90,10,1,2,-1,-1,-1,-1,-1,-1,101550
奥特普,2100,1084,27,4.5,4,31,42,25,26,11,0,0,0,0,0,0,1,1,0,1,1,-1,57,73,12,16,8,12,6,10,783,1161,1080,1458,621,999,648,1026,130,215,180,270,103,185,108,190,0,124,90,10,0,0,1,2,-1,-1,-1,-1,-1,-1,101551
那提拉,2101,1085,20,4.5,4,35,26,29,15,-1,0,0,0,0,0,0,1,1,2,1,1,-1,41,52,6,9,6,9,2,5,660,940,480,760,540,820,260,540,148,235,108,190,121,205,58,135,0,105,50,50,0,0,1,2,-1,-1,-1,-1,-1,-1,101552
布斯迪,2102,1086,19,4.5,4,35,24,32,14,11,0,0,0,0,0,0,1,1,0,1,1,-1,39,50,5,8,6,9,2,4,627,893,418,684,570,836,228,494,148,235,99,180,135,220,54,130,0,105,0,50,50,0,1,2,-1,-1,-1,-1,-1,-1,101553
沙瓦克,2103,1087,26,4.5,4,28,43,18,28,-1,0,0,0,0,0,0,1,1,1,1,1,-1,51,66,12,15,6,10,6,10,676,1040,1066,1430,416,780,676,1040,117,200,184,275,72,150,117,200,0,117,20,80,0,0,1,2,40,51,150,-1,-1,-1,101540
沙列克,2104,1088,26,4.5,4,27,40,20,33,11,0,0,0,0,0,0,1,1,0,1,1,-1,51,66,11,15,6,10,8,11,650,1014,988,1352,468,832,806,1170,112,195,171,260,81,160,139,225,0,120,0,80,20,0,1,2,-1,-1,-1,-1,-1,-1,101541
雷帝斯洛,2105,335,39,4.5,4,26,42,24,29,0,0,0,0,0,0,0,5,0,0,1,1,-1,76,98,18,23,11,17,10,15,936,1482,1560,2106,858,1404,1053,1599,108,190,180,270,99,180,121,205,0,121,100,100,100,100,1,2,-1,-1,-1,-1,-1,-1,101437
史比特,2106,1089,25,4.5,4,32,29,33,25,11,0,0,0,0,0,0,1,1,0,1,1,-1,52,67,8,12,9,13,5,9,750,1100,675,1025,775,1125,575,925,135,220,121,205,139,225,103,185,0,119,70,30,0,0,1,2,-1,-1,-1,-1,-1,-1,101556
艾斯坦,2107,1090,25,4.5,4,34,32,31,22,11,0,0,0,0,0,0,1,1,0,1,1,-1,54,68,9,13,9,12,5,8,800,1150,750,1100,725,1075,500,850,144,230,135,220,130,215,90,170,0,119,0,50,50,0,1,2,-1,-1,-1,-1,-1,-1,101557
柏洛德,2108,1091,29,4.5,4,31,42,26,26,11,0,0,0,0,0,0,1,1,0,1,1,-1,62,78,13,17,9,13,6,11,841,1247,1160,1566,696,1102,696,1102,130,215,180,270,108,190,108,190,0,125,80,0,0,20,1,2,-1,-1,-1,-1,-1,-1,101555
特雷沙,2109,1092,29,4.5,4,28,41,25,28,-1,0,0,0,0,0,0,1,1,1,1,1,-1,58,75,13,17,9,13,7,11,754,1160,1131,1537,667,1073,754,1160,117,200,175,265,103,185,117,200,0,122,20,80,0,0,1,2,-1,-1,-1,-1,-1,-1,101554
乌力乌力,2112,2,20,4.5,4,22,23,11,23,11,0,0,0,0,0,0,1,1,0,1,3,-1,28,55,5,11,2,8,4,9,400,952,420,980,180,644,420,980,110,204,115,210,49,138,115,210,5,79,0,40,60,0,1,2,-1,-1,-1,-1,-1,-1,100251
凯比,2113,112,20,4.5,4,14,19,19,27,11,0,0,0,0,0,0,2,0,0,1,3,-1,23,49,4,10,4,10,5,10,240,728,340,868,340,868,500,1092,66,156,93,186,93,186,137,234,5,79,20,0,0,80,1,2,-1,-1,-1,-1,-1,-1,100296
克克尔,2114,102,20,4.5,4,20,18,17,24,11,0,0,0,0,0,0,0,1,0,1,3,-1,27,54,4,9,3,9,4,10,360,896,320,840,300,812,440,1008,99,192,88,180,82,174,121,216,5,79,0,70,30,0,1,2,-1,-1,-1,-1,-1,-1,100292
威伯,2115,34,20,4.5,4,17,18,15,29,11,0,0,0,0,0,0,0,1,0,1,3,-1,25,51,4,9,3,9,5,11,300,812,320,840,260,756,540,1148,82,174,88,180,71,162,148,246,5,79,60,0,0,40,1,2,-1,-1,-1,-1,-1,-1,100266
呼拔拔,2116,72,24,4.5,4,22,24,19,27,5,0,0,0,0,0,0,0,3,0,6,10,-1,67,127,12,25,10,22,11,23,880,2040,968,2160,748,1860,1100,2340,98,183,107,194,83,167,122,210,2,92,0,0,60,40,1,2,-1,-1,-1,-1,-1,-1,100280
鲁尼帖斯,2117,74,22,4.5,4,23,23,25,22,5,0,0,0,0,0,0,0,3,0,6,10,-1,66,125,11,24,12,25,8,19,882,2030,882,2030,966,2146,840,1972,102,189,102,189,112,199,98,183,2,93,100,0,0,0,1,2,-1,-1,-1,-1,-1,-1,100282
罗多克雷,2119,1095,26,4.5,4,27,20,44,32,0,0,0,0,0,0,0,1,1,0,1,1,-1,52,67,6,10,12,16,7,11,650,1014,468,832,1092,1456,780,1144,112,195,81,160,189,280,135,220,0,123,80,0,0,20,1,2,-1,-1,-1,-1,-1,-1,101576
罗特克拉,2120,1096,25,4.5,4,33,37,41,18,11,0,0,0,0,0,0,1,1,0,1,1,-1,56,70,10,14,11,15,4,7,775,1125,875,1225,975,1325,400,750,139,225,157,245,175,265,72,150,0,129,0,100,0,0,1,2,-1,-1,-1,-1,-1,-1,101577
伊古雷,2125,1097,27,4.5,4,25,34,16,44,11,0,0,0,0,0,0,1,1,1,1,1,-1,51,66,10,14,5,9,11,15,621,999,864,1242,378,756,1134,1512,103,185,144,230,63,140,189,280,0,119,0,70,30,0,1,2,-1,-1,-1,-1,-1,-1,101566
伊克多,2126,1098,27,4.5,4,26,36,18,40,11,0,0,0,0,0,0,1,1,1,1,1,-1,52,68,10,14,6,10,10,14,648,1026,918,1296,432,810,1026,1404,108,190,153,240,72,150,171,260,0,120,60,40,0,0,1,2,-1,-1,-1,-1,-1,-1,101567
华雷斯,2127,1099,24,4.5,4,37,31,35,14,11,0,0,0,0,0,0,1,1,0,1,1,-1,53,67,8,12,9,13,2,6,840,1176,696,1032,792,1128,288,624,157,245,130,215,148,235,54,130,0,117,30,70,0,0,1,2,-1,-1,-1,-1,-1,-1,101545
华可洛,2128,1100,24,4.5,4,34,35,32,16,11,0,0,0,0,0,0,1,1,0,1,1,-1,51,65,9,13,9,12,3,6,768,1104,792,1128,720,1056,336,672,144,230,148,235,135,220,63,140,0,117,0,0,20,80,1,2,-1,-1,-1,-1,-1,-1,101544
克利多斯,2131,1103,26,4.5,4,27,40,26,26,-5,0,0,0,0,0,0,1,1,2,1,1,-1,50,66,11,15,8,12,6,9,650,1014,988,1352,624,988,624,988,112,195,171,260,108,190,108,190,0,119,70,0,0,30,1,2,-1,-1,-1,-1,-1,-1,101546
多利可斯,2132,1104,25,4.5,4,26,26,24,29,11,0,0,0,0,0,0,1,1,0,1,1,-1,44,59,7,11,7,10,6,10,600,950,600,950,550,900,675,1025,108,190,108,190,99,180,121,205,0,105,70,30,0,0,1,2,-1,-1,-1,-1,-1,-1,101547
夏普德,2133,1105,19,4.5,4,27,42,20,33,11,0,0,0,0,0,0,1,1,0,1,1,-1,37,48,8,11,5,7,5,8,475,741,760,1026,342,608,589,855,112,195,180,270,81,160,139,225,0,122,0,0,60,40,1,2,-1,-1,-1,-1,-1,-1,101564
夏斯德,2134,1106,20,4.5,4,29,41,20,30,11,0,0,0,0,0,0,1,1,0,1,1,-1,40,52,9,11,5,8,5,8,540,820,780,1060,360,640,560,840,121,205,175,265,81,160,126,210,0,120,0,60,40,0,1,2,-1,-1,-1,-1,-1,-1,101565
史卡特,2137,1109,21,4.5,4,25,46,20,29,11,0,0,0,0,0,0,1,1,0,1,1,-1,40,52,10,13,5,8,5,8,483,777,924,1218,378,672,567,861,103,185,198,290,81,160,121,205,0,120,80,0,0,20,1,2,-1,-1,-1,-1,-1,-1,101533
史卡鲁,2138,1110,20,4.5,4,28,44,23,29,11,0,0,0,0,0,0,1,1,1,1,1,-1,40,52,9,12,5,8,5,8,520,800,840,1120,420,700,540,820,117,200,189,280,94,175,121,205,0,124,0,100,0,0,1,2,-1,-1,-1,-1,-1,-1,101532
洛安奇,2139,1111,28,4.5,4,52,30,18,14,-1,0,0,0,0,0,0,1,1,1,1,1,-1,74,90,9,14,6,11,3,7,1400,1792,784,1176,448,840,336,728,225,320,126,210,72,150,54,130,0,114,90,0,0,10,1,2,-1,-1,-1,-1,-1,-1,101534
洛斯克,2140,1112,28,4.5,4,50,29,20,15,11,0,0,0,0,0,0,1,1,0,1,1,-1,72,89,9,13,7,11,3,7,1344,1736,756,1148,504,896,364,756,216,310,121,205,81,160,58,135,0,114,10,90,0,0,1,2,-1,-1,-1,-1,-1,-1,101535
特雷克洛,2141,1113,35,4.5,4,26,49,26,29,0,0,0,0,0,0,0,5,0,0,1,1,-1,71,91,18,23,11,16,9,14,840,1330,1645,2135,840,1330,945,1435,108,190,211,305,108,190,121,205,0,130,0,20,80,0,1,2,-1,-1,-1,-1,-1,-1,101542
特雷吉洛,2142,1114,40,4.5,4,28,42,25,23,0,0,0,0,0,0,0,5,0,0,1,1,-1,79,102,18,24,12,18,8,14,1040,1600,1600,2160,920,1480,840,1400,117,200,180,270,103,185,94,175,0,118,0,100,0,0,1,2,-1,-1,-1,-1,-1,-1,101543
塔斯摩米,2144,1116,29,4.5,4,23,43,34,23,11,0,0,0,0,0,0,1,1,2,1,1,-1,54,71,13,18,11,15,6,10,609,1015,1189,1595,928,1334,609,1015,94,175,184,275,144,230,94,175,0,123,90,10,0,0,1,2,-1,-1,-1,-1,-1,-1,101572
欧西摩米,2145,1117,29,4.5,4,36,42,22,24,11,0,0,0,0,0,0,1,1,2,1,1,-1,66,82,13,17,8,12,6,10,986,1392,1160,1566,580,986,638,1044,153,240,180,270,90,170,99,180,0,124,0,90,10,0,1,2,-1,-1,-1,-1,-1,-1,101573
洛德摩米,2146,1118,29,4.5,4,25,48,19,26,11,0,0,0,0,0,0,1,1,2,1,1,-1,54,71,14,19,7,11,6,11,667,1073,1334,1740,493,899,696,1102,103,185,207,300,76,155,108,190,0,118,0,0,90,10,1,2,-1,-1,-1,-1,-1,-1,101574
艾尔摩米,2147,1119,29,4.5,4,24,43,19,40,11,0,0,0,0,0,0,1,1,2,1,1,-1,56,73,13,17,7,11,11,15,638,1044,1189,1595,493,899,1102,1508,99,180,184,275,76,155,171,260,0,126,0,0,10,90,1,2,-1,-1,-1,-1,-1,-1,101575
卡伯,2148,1065,23,4.5,4,31,32,35,24,11,0,0,0,0,0,0,1,1,0,30,40,-1,293,481,52,93,56,98,30,64,4031,7697,4170,7876,4587,8413,3058,6444,130,215,135,220,148,235,99,180,0,122,60,40,0,0,1,2,-1,-1,-1,-1,-1,-1,101563
多格斯,2149,1068,28,4.5,4,29,36,38,18,11,0,0,0,0,0,0,1,1,0,30,40,-1,293,482,59,103,62,106,23,55,3888,7544,4896,8832,5184,9200,2304,5520,121,205,153,240,162,250,72,150,0,121,70,30,0,0,1,2,-1,-1,-1,-1,-1,-1,101569
洛比特,2150,1069,25,4.5,4,29,34,28,19,-1,0,0,0,0,0,0,1,1,1,30,40,-1,272,454,54,96,46,86,23,56,3807,7421,4512,8326,3666,7240,2397,5611,121,205,144,230,117,200,76,155,0,110,70,30,0,0,1,2,-1,-1,-1,-1,-1,-1,101537
那提拉,2151,1085,20,4.5,4,35,26,29,15,-1,0,0,0,0,0,0,1,1,2,30,40,-1,280,464,42,80,46,85,17,47,4488,8272,3264,6688,3672,7216,1768,4752,148,235,108,190,121,205,58,135,0,105,50,50,0,0,1,2,-1,-1,-1,-1,-1,-1,101552
康尔特,2152,1079,23,4.5,4,35,33,20,20,0,0,0,0,0,0,0,1,1,0,40,50,-1,374,584,67,113,46,88,32,70,5907,10293,5549,9855,3222,7008,3222,7008,148,235,139,225,81,160,81,160,0,108,10,90,0,0,1,2,-1,-1,-1,-1,-1,-1,101558
多尔克,2153,1082,25,4.5,4,26,27,24,29,11,0,0,0,0,0,0,1,1,0,40,50,-1,325,525,56,101,52,95,48,90,4344,8398,4525,8619,3982,7956,4887,9061,108,190,112,195,99,180,121,205,0,106,0,0,80,20,1,2,-1,-1,-1,-1,-1,-1,101548
史比特,2154,1089,25,4.5,4,32,29,33,25,11,0,0,0,0,0,0,1,1,0,40,50,-1,381,594,62,108,69,116,41,81,5430,9724,4887,9061,5611,9945,4163,8177,135,220,121,205,139,225,103,185,0,119,70,30,0,0,1,2,-1,-1,-1,-1,-1,-1,101556
洛斯克,2155,1112,28,4.5,4,50,29,20,15,11,0,0,0,0,0,0,1,1,0,40,50,-1,478,712,63,110,49,92,23,60,8832,13888,4968,9184,3312,7168,2392,6048,216,310,121,205,81,160,58,135,0,114,10,90,0,0,1,2,-1,-1,-1,-1,-1,-1,101535
奥特普,2156,1084,27,4.5,4,31,42,25,26,11,0,0,0,0,0,0,1,1,0,50,60,-1,474,712,104,161,70,121,53,99,6467,11309,8920,14202,5129,9731,5352,9994,130,215,180,270,103,185,108,190,0,124,90,10,0,0,1,2,-1,-1,-1,-1,-1,-1,101551
沙列克,2157,1088,26,4.5,4,27,40,20,33,11,0,0,0,0,0,0,1,1,0,50,60,-1,437,668,98,154,58,107,68,117,5550,10218,8436,13624,3996,8384,6882,11790,112,195,171,260,81,160,139,225,0,120,0,80,20,0,1,2,-1,-1,-1,-1,-1,-1,101541
伊克多,2158,1098,27,4.5,4,26,36,18,40,11,0,0,0,0,0,0,1,1,1,50,60,-1,432,662,90,144,53,101,84,136,5352,9994,7582,12624,3568,7890,8474,13676,108,190,153,240,72,150,171,260,0,120,60,40,0,0,1,2,-1,-1,-1,-1,-1,-1,101567
卡特,2159,1066,24,4.5,4,31,37,30,18,-1,0,0,0,0,0,0,1,1,1,60,70,-1,533,789,109,169,92,150,41,90,7540,12900,9100,14700,7280,12600,4160,9000,130,215,157,245,126,210,72,150,0,116,0,0,60,40,1,2,-1,-1,-1,-1,-1,-1,101562
那尔斯,2160,1081,26,4.5,4,31,29,25,25,-5,0,0,0,0,0,0,1,1,2,60,70,-1,521,776,88,146,79,135,60,111,7598,12986,7074,12382,6026,11174,6026,11174,130,215,121,205,103,185,103,185,0,110,90,0,0,10,1,2,-1,-1,-1,-1,-1,-1,101549
史卡鲁,2161,1110,20,4.5,4,28,44,23,29,11,0,0,0,0,0,0,1,1,1,60,70,-1,522,775,124,186,75,130,69,121,6656,11840,10752,16576,5376,10360,6912,12136,117,200,189,280,94,175,121,205,0,124,0,100,0,0,1,2,-1,-1,-1,-1,-1,-1,101532
特利斯克,2162,1074,26,4.5,4,29,44,17,27,-1,0,0,0,0,0,0,1,1,1,70,80,-1,604,882,144,213,71,130,75,133,8154,14022,12684,19152,4530,9918,7550,13338,121,205,189,280,67,145,112,195,0,117,0,80,20,0,1,2,-1,-1,-1,-1,-1,-1,101539
伯洛西,2163,1080,24,4.5,4,32,31,22,24,-5,0,0,0,0,0,0,1,1,2,70,80,-1,603,880,106,170,82,142,66,122,9000,14960,8700,14620,6000,11560,6600,12240,135,220,130,215,90,170,99,180,0,109,0,20,80,0,1,2,-1,-1,-1,-1,-1,-1,101559
特雷沙,2164,1092,29,4.5,4,28,41,25,28,-1,0,0,0,0,0,0,1,1,1,70,80,-1,616,897,139,207,95,158,79,138,7930,13800,11895,18285,7015,12765,7930,13800,117,200,175,265,103,185,117,200,0,122,20,80,0,0,1,2,-1,-1,-1,-1,-1,-1,101554
贝洛金,2180,739,21,4.5,4,32,19,34,19,11,0,0,0,0,0,0,1,1,0,91,95,-1,746,1008,93,155,144,208,64,123,11430,17468,6477,12307,12192,18262,6477,12307,135,220,76,155,144,230,76,155,0,104,0,0,40,60,1,2,-1,-1,-1,-1,-1,-1,100834
加耶布斯,2181,781,17,4.5,4,29,22,27,19,11,0,0,0,0,0,0,1,1,0,91,95,-1,678,935,100,161,117,179,64,121,10179,16113,7540,13362,9425,15327,6409,12183,126,213,94,176,117,202,79,161,1,97,0,0,0,100,1,2,-1,-1,-1,-1,-1,-1,100876
毛宝,2183,771,22,4.5,4,26,26,29,24,11,0,0,0,0,0,0,1,1,0,96,100,-1,719,990,123,188,134,200,88,150,9648,15884,9648,15884,10854,17138,8844,15048,108,190,108,190,121,205,99,180,0,105,30,0,0,70,1,2,-1,-1,-1,-1,-1,-1,100866
克拉尔,2184,757,18,4.5,4,22,22,21,29,11,0,0,0,0,0,0,1,1,0,96,100,-1,620,885,102,166,98,162,107,169,7960,14076,7960,14076,7562,13662,10746,16974,98,183,98,183,93,178,132,221,2,94,0,0,20,80,1,2,-1,-1,-1,-1,-1,-1,100852
火鸡,2185,291,17,4.5,4,19,18,10,33,9,0,0,0,0,0,0,3,1,0,101,110,-1,554,865,85,158,55,126,129,203,7089,14043,6672,13590,3336,9966,12927,20385,90,179,84,174,42,127,164,261,4,80,0,0,30,70,1,-1,-1,-1,-1,-1,-1,-1,100367
克克洛斯,2186,292,20,4.5,4,18,22,10,35,7,0,0,0,0,0,0,5,2,0,101,110,-1,567,880,103,178,57,128,138,214,6720,13680,8400,15504,3360,10032,13860,21432,81,168,102,190,40,123,168,263,3,85,0,0,0,100,1,120,-1,-1,-1,-1,-1,-1,100368
波比,2212,1133,23,4.5,4,26,30,24,34,-5,0,0,0,0,0,0,1,1,2,1,1,-1,43,56,7,11,6,10,7,10,552,874,644,966,506,828,736,1058,108,190,126,210,99,180,144,230,0,114,0,0,20,80,1,2,-1,-1,-1,-1,-1,-1,101578
史卡皮诺,2245,35,29,4.5,4,25,30,54,10,11,0,0,0,0,0,0,1,1,2,1,1,-1,55,71,10,14,16,21,2,6,667,1073,812,1218,1508,1914,232,638,103,185,126,210,234,330,36,110,0,119,90,10,0,0,1,2,-1,-1,-1,-1,-1,-1,101612
史卡皮克,2246,36,29,4.5,4,54,40,30,30,11,0,0,0,0,0,0,1,1,2,1,1,-1,90,107,13,18,11,15,8,12,1508,1914,1102,1508,812,1218,812,1218,234,330,171,260,126,210,126,210,0,154,0,90,10,0,1,2,-1,-1,-1,-1,-1,-1,101613
史卡皮奥,2247,37,29,4.5,4,27,54,10,30,11,0,0,0,0,0,0,1,1,2,1,1,-1,57,74,16,20,5,9,8,12,725,1131,1508,1914,232,638,812,1218,112,195,234,330,36,110,126,210,0,121,0,0,90,10,1,2,-1,-1,-1,-1,-1,-1,101614
史卡皮顿,2248,38,29,4.5,4,25,30,10,54,11,0,0,0,0,0,0,1,1,2,1,1,-1,55,71,9,14,4,8,15,19,667,1073,812,1218,232,638,1508,1914,103,185,126,210,36,110,234,330,0,119,0,0,10,90,1,2,-1,-1,-1,-1,-1,-1,101615
菲奇亚,2258,933,30,4.5,4,32,64,13,32,-5,1,1,1,1,1,1,1,1,2,1,1,-1,69,87,20,24,6,11,9,13,900,1320,1860,2280,330,750,900,1320,135,220,279,380,49,125,135,220,0,141,0,0,100,0,1,2,624,-1,-1,-1,-1,-1,101616
巴罗多,2260,55,29,4.5,4,30,39,27,27,11,0,0,0,0,0,0,1,1,2,1,1,-1,60,77,12,16,9,13,7,11,812,1218,1073,1479,725,1131,725,1131,126,210,166,255,112,195,112,195,0,123,20,80,0,0,1,2,-1,-1,-1,-1,-1,-1,101617
巴罗特,2261,56,29,4.5,4,24,42,18,39,11,0,0,0,0,0,0,1,1,2,1,1,-1,55,72,13,17,7,11,10,14,638,1044,1160,1566,464,870,1073,1479,99,180,180,270,72,150,166,255,0,123,0,0,20,80,1,2,-1,-1,-1,-1,-1,-1,101618
克雷多,2347,80,26,4.5,4,27,47,23,34,-1,0,0,0,0,0,0,1,1,1,1,1,-1,54,69,13,17,7,11,8,11,650,1014,1170,1534,546,910,832,1196,112,195,202,295,94,175,144,230,0,131,0,20,80,0,1,2,-1,-1,-1,-1,-1,-1,101619
培罗多,2348,89,26,4.5,4,23,44,27,38,11,0,0,0,0,0,0,1,1,0,1,1,-1,51,66,12,16,8,12,9,13,546,910,1092,1456,650,1014,936,1300,94,175,189,280,112,195,162,250,0,132,80,0,0,20,1,2,-1,-1,-1,-1,-1,-1,101620
毕可斯,2349,90,27,4.5,4,29,40,22,30,11,0,0,0,0,0,0,1,1,1,1,1,-1,55,70,12,15,7,11,7,11,729,1107,1026,1404,540,918,756,1134,121,205,171,260,90,170,126,210,0,121,90,10,0,0,1,2,-1,-1,-1,-1,-1,-1,101621
毕卡斯,2350,96,27,4.5,4,27,42,20,32,11,0,0,0,0,0,0,1,1,1,1,1,-1,53,69,12,16,7,11,8,11,675,1053,1080,1458,486,864,810,1188,112,195,180,270,81,160,135,220,0,121,0,0,90,10,1,2,-1,-1,-1,-1,-1,-1,101622
拉奇鲁哥,2393,99,23,4.5,4,22,26,20,26,5,0,0,0,0,0,0,0,3,0,1,1,-1,35,49,6,10,5,8,5,8,460,782,552,874,414,736,552,874,98,183,117,205,88,172,117,205,2,94,0,0,100,0,1,2,-1,-1,-1,-1,-1,20,100279
胖达利,2395,108,23,4.5,4,27,37,25,29,-5,0,0,0,0,0,0,1,1,2,1,1,-1,44,58,9,12,7,10,6,9,575,897,805,1127,529,851,621,943,112,195,157,245,103,185,121,205,0,118,0,0,50,50,1,2,-1,-1,-1,-1,-1,-1,101719
库胖达,2396,109,23,4.5,4,33,42,26,24,-5,0,0,0,0,0,0,1,1,2,1,1,-1,50,63,10,14,7,10,5,8,713,1035,920,1242,552,874,506,828,139,225,180,270,108,190,99,180,0,125,0,50,50,0,1,2,-1,-1,-1,-1,-1,-1,101713
胖达多,2397,115,23,4.5,4,29,37,25,27,-5,0,0,0,0,0,0,1,1,2,1,1,-1,46,59,9,12,7,10,5,8,621,943,805,1127,529,851,575,897,121,205,157,245,103,185,112,195,0,118,0,50,50,0,1,2,-1,-1,-1,-1,-1,-1,101720
欧胖达,2398,116,23,4.5,4,30,42,26,26,-5,0,0,0,0,0,0,1,1,2,1,1,-1,48,61,10,14,7,10,5,8,644,966,920,1242,552,874,552,874,126,210,180,270,108,190,108,190,0,124,0,0,50,50,1,2,-1,-1,-1,-1,-1,-1,101714
里德尔,2399,110,33,4.5,4,26,44,18,38,-1,0,0,0,0,0,0,1,1,1,1,1,-1,66,85,15,20,8,13,11,16,792,1254,1386,1848,528,990,1188,1650,108,190,189,280,72,150,162,250,0,126,0,0,70,30,1,2,-1,-1,-1,-1,-1,-1,101729
贝里莱欧,2400,117,29,4.5,4,26,46,31,32,11,0,0,0,0,0,0,1,1,2,1,1,-1,60,77,14,19,10,15,8,12,696,1102,1276,1682,841,1247,870,1276,108,190,198,290,130,215,135,220,0,135,80,20,0,0,1,2,-1,-1,-1,-1,-1,-1,101725
萨法莱欧,2401,118,29,4.5,4,38,44,23,34,11,0,0,0,0,0,0,1,1,2,1,1,-1,72,89,14,18,8,13,9,13,1044,1450,1218,1624,609,1015,928,1334,162,250,189,280,94,175,144,230,0,139,0,80,20,0,1,2,-1,-1,-1,-1,-1,-1,101726
鲁贝莱欧,2402,119,29,4.5,4,26,51,22,34,11,0,0,0,0,0,0,1,1,2,1,1,-1,60,76,16,20,8,12,9,13,696,1102,1421,1827,580,986,928,1334,108,190,220,315,90,170,144,230,0,133,0,0,80,20,1,2,-1,-1,-1,-1,-1,-1,101727
多帕莱欧,2403,120,29,4.5,4,24,46,23,43,11,0,0,0,0,0,0,1,1,2,1,1,-1,59,75,14,18,8,12,11,15,638,1044,1276,1682,609,1015,1189,1595,99,180,198,290,94,175,184,275,0,136,20,0,0,80,1,2,-1,-1,-1,-1,-1,-1,101728
艾柏瑞,2404,121,30,4.5,4,27,35,21,36,-1,0,0,0,0,0,0,1,1,1,1,1,-1,58,76,11,16,8,12,10,14,750,1170,990,1410,570,990,1020,1440,112,195,148,235,85,165,153,240,0,119,0,0,20,80,1,2,-1,-1,-1,-1,-1,-1,101723
呼萨瑞,2405,122,30,4.5,4,30,33,25,30,11,0,0,0,0,0,0,1,1,0,1,1,-1,61,78,11,15,9,13,8,12,840,1260,930,1350,690,1110,840,1260,126,210,139,225,103,185,126,210,0,118,20,80,0,0,1,2,-1,-1,-1,-1,-1,-1,101724
多芬,2407,123,40,4.5,4,31,40,26,27,0,0,0,0,0,0,0,6,3,2,1,1,-1,85,108,18,23,12,18,10,15,1160,1720,1520,2080,960,1520,1000,1560,130,215,171,260,108,190,112,195,0,124,0,90,10,0,1,2,645,-1,-1,-1,-1,-1,101705
温多芬,2408,124,40,4.5,4,29,38,24,30,0,0,0,0,0,0,0,1,1,0,1,1,-1,81,104,17,22,12,17,11,16,1080,1640,1440,2000,880,1440,1120,1680,121,205,162,250,99,180,126,210,0,121,0,0,0,100,1,2,645,-1,-1,-1,-1,-1,101706
斯达克,2409,125,28,4.5,4,29,39,41,18,-1,0,0,0,0,0,0,1,1,1,1,1,-1,58,75,12,16,13,17,4,8,756,1148,1036,1428,1092,1484,448,840,121,205,166,255,175,265,72,150,0,127,50,50,0,0,1,2,-1,-1,-1,-1,-1,-1,101715
西斯达,2410,126,28,4.5,4,26,41,38,22,11,0,0,0,0,0,0,1,1,0,1,1,-1,56,72,13,17,12,16,5,9,672,1064,1092,1484,1008,1400,560,952,108,190,175,265,162,250,90,170,0,127,0,0,50,50,1,2,-1,-1,-1,-1,-1,-1,101716
多瑞里,2411,127,23,4.5,4,32,38,29,22,-1,0,0,0,0,0,0,1,1,1,1,1,-1,48,62,9,13,8,11,4,7,690,1012,828,1150,621,943,460,782,135,220,162,250,121,205,90,170,0,121,0,80,20,0,1,2,-1,-1,-1,-1,-1,-1,101707
贝瑞里,2412,128,23,4.5,4,27,37,31,25,11,0,0,0,0,0,0,1,1,0,1,1,-1,45,58,9,13,8,11,5,8,575,897,805,1127,667,989,529,851,112,195,157,245,130,215,103,185,0,120,80,0,0,20,1,2,-1,-1,-1,-1,-1,-1,101708
贝路卡,2413,129,27,4.5,4,29,44,31,27,-1,0,0,0,0,0,0,1,1,2,1,1,-1,57,73,13,17,10,14,6,10,729,1107,1134,1512,783,1161,675,1053,121,205,189,280,130,215,112,195,0,131,0,80,20,0,1,2,602,-1,-1,-1,-1,-1,101711
奇路卡,2414,130,27,4.5,4,29,41,32,27,-1,0,0,0,0,0,0,1,1,1,1,1,-1,57,72,12,16,10,14,6,10,729,1107,1053,1431,810,1188,675,1053,121,205,175,265,135,220,112,195,0,129,20,80,0,0,1,2,-1,-1,-1,-1,-1,-1,101712
奇肯沃,2415,131,21,4.5,4,29,51,19,29,11,0,0,0,0,0,0,1,1,0,1,1,-1,44,56,11,14,5,8,5,8,567,861,1029,1323,357,651,567,861,121,205,220,315,76,155,121,205,0,128,80,0,0,20,1,2,-1,-1,-1,-1,-1,-1,101717
奇肯克奈,2416,132,21,4.5,4,25,43,27,30,11,0,0,0,0,0,0,1,1,1,1,1,-1,41,53,10,13,6,10,5,8,483,777,861,1155,525,819,588,882,103,185,184,275,112,195,126,210,0,125,0,100,0,0,1,2,-1,-1,-1,-1,-1,-1,101718
史克杰,2417,133,27,4.5,4,25,33,20,47,11,0,0,0,0,0,0,1,1,1,1,1,-1,52,68,10,14,7,10,12,15,621,999,837,1215,486,864,1215,1593,103,185,139,225,81,160,202,295,0,125,80,20,0,0,1,2,-1,-1,-1,-1,-1,-1,101709
史菲洛,2418,134,27,4.5,4,20,36,16,50,11,0,0,0,0,0,0,1,1,1,1,1,-1,48,63,10,14,5,9,12,16,486,864,918,1296,378,756,1296,1674,81,160,153,240,63,140,216,310,0,122,0,0,80,20,1,2,-1,-1,-1,-1,-1,-1,101710
史奈克特,2419,135,29,4.5,4,25,46,25,32,11,0,0,0,0,0,0,1,1,2,1,1,-1,57,74,14,18,9,13,8,12,667,1073,1276,1682,667,1073,870,1276,103,185,198,290,103,185,135,220,0,128,90,10,0,0,1,2,-1,-1,-1,-1,-1,-1,101722
葛利斯奈,2420,136,29,4.5,4,25,50,21,32,11,0,0,0,0,0,0,1,1,2,1,1,-1,57,74,15,19,8,12,8,12,667,1073,1392,1798,551,957,870,1276,103,185,216,310,85,165,135,220,0,128,0,0,90,10,1,2,-1,-1,-1,-1,-1,-1,101721
呼拔拔,2424,72,24,4.5,4,22,24,19,27,5,0,0,0,0,0,0,0,3,0,6,10,-1,67,127,12,25,10,22,11,23,880,2040,968,2160,748,1860,1100,2340,98,183,107,194,83,167,122,210,2,92,0,0,60,40,1,2,-1,-1,-1,-1,-1,-1,100280
鲁尼帖斯,2425,74,22,4.5,4,23,23,25,22,5,0,0,0,0,0,0,0,3,0,6,10,-1,66,125,11,24,12,25,8,19,882,2030,882,2030,966,2146,840,1972,102,189,102,189,112,199,98,183,2,93,100,0,0,0,1,2,-1,-1,-1,-1,-1,-1,100282
凯比,2426,112,20,4.5,4,14,19,19,27,11,0,0,0,0,0,0,2,0,0,1,3,-1,23,49,4,10,4,10,5,10,240,728,340,868,340,868,500,1092,66,156,93,186,93,186,137,234,5,79,20,0,0,80,1,2,-1,-1,-1,-1,-1,-1,100296
威伯,2427,34,20,4.5,4,17,18,15,29,11,0,0,0,0,0,0,0,1,0,1,3,-1,25,51,4,9,3,9,5,11,300,812,320,840,260,756,540,1148,82,174,88,180,71,162,148,246,5,79,60,0,0,40,1,2,-1,-1,-1,-1,-1,-1,100266
史克杰,2434,133,27,4.5,4,25,33,20,47,11,0,0,0,0,0,0,1,1,1,50,60,-1,437,668,84,137,58,106,100,155,5129,9731,6913,11835,4014,8416,10035,15517,103,185,139,225,81,160,202,295,0,125,80,20,0,0,1,2,-1,-1,-1,-1,-1,-1,101709
史卡鲁,2439,1110,20,4.5,4,28,44,23,29,11,0,0,0,0,0,0,1,1,1,70,80,-1,603,880,143,211,87,148,79,137,7696,13440,12432,18816,6216,11760,7992,13776,117,200,189,280,94,175,121,205,0,124,0,100,0,0,1,2,-1,-1,-1,-1,-1,-1,101532
卡特,2442,1066,24,4.5,4,31,37,30,18,-1,0,0,0,0,0,0,1,1,1,70,80,-1,615,894,126,192,107,170,48,102,8700,14620,10500,16660,8400,14280,4800,10200,130,215,157,245,126,210,72,150,0,116,0,0,60,40,1,2,-1,-1,-1,-1,-1,-1,101562
多格斯,2445,1068,28,4.5,4,29,36,38,18,11,0,0,0,0,0,0,1,1,0,60,70,-1,538,796,109,170,114,176,42,91,7128,12464,8976,14592,9504,15200,4224,9120,121,205,153,240,162,250,72,150,0,121,70,30,0,0,1,2,-1,-1,-1,-1,-1,-1,101569
萨德迪比,2455,145,30,4.5,4,39,44,26,35,11,0,0,0,0,0,0,1,1,2,1,1,-1,77,94,15,19,10,14,9,14,1110,1530,1260,1680,720,1140,990,1410,166,255,189,280,108,190,148,235,0,144,10,90,0,0,1,2,-1,-1,-1,-1,-1,-1,101737
萨德斯凯,2456,146,30,4.5,4,27,53,23,36,11,0,0,0,0,0,0,1,1,2,1,1,-1,64,82,17,21,9,13,10,14,750,1170,1530,1950,630,1050,1020,1440,112,195,229,325,94,175,153,240,0,139,0,0,90,10,1,2,-1,-1,-1,-1,-1,-1,101736
罗多克雷,2457,1095,26,4.5,4,27,20,44,32,0,0,0,0,0,0,0,1,1,0,60,70,-1,524,779,69,124,126,189,78,132,6550,11778,4716,9664,11004,16912,7860,13288,112,195,81,160,189,280,135,220,0,123,80,0,0,20,1,2,-1,-1,-1,-1,-1,-1,101576
伯洛西,2458,1080,24,4.5,4,32,31,22,24,-5,0,0,0,0,0,0,1,1,2,60,70,-1,522,777,92,150,71,126,57,108,7800,13200,7540,12900,5200,10200,5720,10800,135,220,130,215,90,170,99,180,0,109,0,20,80,0,1,2,-1,-1,-1,-1,-1,-1,101559
西柏克,2459,1073,27,4.5,4,28,46,18,25,-1,0,0,0,0,0,0,1,1,2,50,60,-1,439,670,111,169,54,102,51,97,5798,10520,9812,15254,3568,7890,5129,9731,117,200,198,290,72,150,103,185,0,117,20,80,0,0,1,2,-1,-1,-1,-1,-1,-1,101538
佛克斯,2461,147,23,4.5,4,28,31,23,36,-5,0,0,0,0,0,0,1,1,2,1,1,-1,45,58,8,11,6,9,7,11,598,920,667,989,483,805,782,1104,117,200,130,215,94,175,153,240,0,118,0,0,20,80,1,2,-1,-1,-1,-1,-1,-1,101748
弗丽雅,2462,148,27,4.5,4,32,40,26,30,11,0,0,0,0,0,0,1,1,2,1,1,-1,59,75,12,16,8,12,7,11,810,1188,1026,1404,648,1026,756,1134,135,220,171,260,108,190,126,210,0,128,90,10,0,0,1,2,625,-1,-1,-1,-1,-1,101743
弗丽露,2463,149,27,4.5,4,28,45,22,32,11,0,0,0,0,0,0,1,1,2,1,1,-1,55,71,13,17,7,11,8,11,702,1080,1161,1539,540,918,810,1188,117,200,193,285,90,170,135,220,0,127,0,0,90,10,1,2,625,-1,-1,-1,-1,-1,101744
美拉蛋,2479,1145,35,4.5,4,20,37,52,24,11,0,0,0,0,0,0,1,1,0,1,1,-1,66,86,15,20,19,24,7,12,630,1120,1225,1715,1750,2240,770,1260,81,160,157,245,225,320,99,180,0,133,100,0,0,0,1,2,-1,-1,-1,-1,-1,60,101489
伦迪,2480,160,24,4.5,4,28,28,21,36,11,0,0,0,0,0,0,1,1,2,1,1,-1,46,60,7,11,6,9,8,11,624,960,624,960,456,792,816,1152,117,200,117,200,85,165,153,240,0,113,0,0,20,80,1,2,627,-1,-1,-1,-1,-1,101761
新手贝鲁卡,2481,161,17,4,4,16,20,13,22,5,0,0,0,0,0,0,3,3,0,1,1,-1,19,29,3,6,2,5,3,5,238,476,306,544,187,425,340,578,77,168,99,192,60,150,110,204,5,71,60,40,0,0,1,2,-1,-1,-1,-1,-1,-1,100327
新手贝鲁伊卡,2482,162,17,4,4,16,20,10,25,5,0,0,0,0,0,0,3,3,0,1,1,-1,19,29,3,6,2,4,3,6,238,476,306,544,136,374,391,629,77,168,99,192,44,132,126,222,5,71,0,0,30,70,1,2,-1,-1,-1,-1,-1,-1,100328
新手格鲁西斯,2483,163,17,4,4,19,20,10,22,5,0,0,0,0,0,0,3,3,0,1,1,-1,21,30,3,6,2,4,3,5,289,527,306,544,136,374,340,578,93,186,99,192,44,132,110,204,5,71,0,0,80,20,1,2,-1,-1,-1,-1,-1,-1,100329
新手金格萨贝鲁,2484,164,17,4,4,16,21,11,23,5,0,0,0,0,0,0,3,3,1,1,1,-1,19,29,3,6,2,4,3,5,238,476,323,561,153,391,357,595,77,168,104,198,49,138,115,210,5,71,30,0,0,70,1,2,-1,-1,-1,-1,-1,-1,100330
石龟,2485,54,20,4.5,4,21,19,41,8,7,0,0,-20,65,0,0,0,0,0,65,70,-1,408,609,65,112,119,171,16,59,5244,9768,4692,9176,10764,15688,1656,5920,96,184,86,173,198,296,30,112,3,89,90,0,0,10,1,2,80,-1,-1,-1,-1,-1,100274
布尔摩,2490,169,27,4.5,4,22,43,28,31,-1,0,0,0,0,0,0,1,1,1,1,1,-1,50,65,12,16,9,13,7,11,540,918,1107,1485,702,1080,783,1161,90,170,184,275,117,200,130,215,0,124,0,0,80,20,1,2,541,-1,-1,-1,-1,-1,101441
乌力王,2492,170,26,4.5,4,32,40,25,30,11,0,0,0,0,0,0,1,1,2,1,1,-1,56,72,11,15,8,12,7,10,780,1144,988,1352,598,962,728,1092,135,220,171,260,103,185,126,210,0,127,10,90,0,0,1,2,631,-1,-1,-1,-1,-1,101766
黑乌力王,2493,1147,26,4.5,4,26,43,23,35,11,0,0,0,0,0,0,1,1,2,1,1,-1,52,67,12,16,7,11,8,12,624,988,1066,1430,546,910,858,1222,108,190,184,275,94,175,148,235,0,127,0,0,80,20,1,2,635,-1,-1,-1,-1,-1,101871
哈沃恩,2503,176,27,4.5,4,28,42,24,33,11,0,0,0,0,0,0,1,1,2,1,1,-1,55,71,12,16,8,12,8,12,702,1080,1080,1458,594,972,837,1215,117,200,180,270,99,180,139,225,0,127,90,10,0,0,1,2,632,-1,-1,-1,-1,-1,101768
哈沃斯,2504,177,27,4.5,4,25,47,19,35,11,0,0,0,0,0,0,1,1,2,1,1,-1,53,68,13,17,7,10,8,12,621,999,1215,1593,459,837,891,1269,103,185,202,295,76,155,148,235,0,126,0,0,90,10,1,2,632,-1,-1,-1,-1,-1,101767
哈利恩斯,2515,1164,40,4.5,4,23,37,9,50,0,1,1,1,1,1,1,1,1,2,1,1,-1,73,96,16,22,6,12,19,24,840,1400,1400,1960,280,840,1920,2480,94,175,157,245,31,105,216,310,0,119,0,0,0,100,1,2,-1,-1,-1,-1,-1,-1,101816
帖伊诺斯,2546,203,36,4.5,4,26,45,23,35,-3,8,8,8,8,8,8,3,3,2,1,1,-1,73,93,17,23,10,15,11,16,864,1368,1548,2052,756,1260,1188,1692,108,190,193,285,94,175,148,235,0,129,0,0,50,50,1,2,664,-1,-1,-1,-1,-1,101819
玛蕾菲雅,2547,401,20,5,5,25,25,25,25,0,10,10,10,50,10,10,5,5,0,1,1,-1,34,45,5,8,5,8,4,7,460,740,460,740,460,740,460,740,103,185,103,185,103,185,103,185,0,100,100,0,0,0,1,2,-1,-1,-1,-1,-1,79,100454
布里萨尔,2558,1177,27,4.5,4,33,40,31,33,0,0,0,0,0,0,1,1,1,2,1,1,-1,62,78,12,16,10,14,8,12,837,1215,1026,1404,783,1161,837,1215,139,225,171,260,130,215,139,225,0,137,0,100,0,0,1,2,-1,-1,-1,-1,-1,-1,101866
沃克比,2559,1178,26,4.5,4,38,40,15,37,11,0,0,0,0,0,0,1,1,2,1,1,-1,62,77,11,15,5,9,9,12,936,1300,988,1352,338,702,910,1274,162,250,171,260,58,135,157,245,0,130,0,0,70,30,1,2,638,-1,-1,-1,-1,-1,101867
沃斯姆,2560,1179,26,4.5,4,42,35,20,34,11,0,0,0,0,0,0,1,1,2,1,1,-1,65,80,10,14,7,10,8,11,1040,1404,858,1222,468,832,832,1196,180,270,148,235,81,160,144,230,0,131,70,30,0,0,1,2,638,-1,-1,-1,-1,-1,101868
巴雅,2561,1180,23,4.5,4,26,36,21,34,11,0,0,0,0,0,0,1,1,2,1,1,-1,43,57,9,12,6,9,7,10,552,874,782,1104,437,759,736,1058,108,190,153,240,85,165,144,230,0,117,0,0,30,70,1,2,637,-1,-1,-1,-1,-1,101869
巴特,2562,1181,23,4.5,4,29,33,25,29,11,0,0,0,0,0,0,1,1,2,1,1,-1,45,59,8,12,7,10,6,9,621,943,713,1035,529,851,621,943,121,205,139,225,103,185,121,205,0,116,70,30,0,0,1,2,637,-1,-1,-1,-1,-1,101870
莱恩奇夫,2563,178,27,4.5,4,27,47,22,35,3,0,0,0,0,0,0,5,0,0,1,1,-1,56,71,13,17,7,11,8,12,675,1053,1215,1593,540,918,891,1269,112,195,202,295,90,170,148,235,0,131,0,0,80,20,1,2,636,-1,-1,-1,-1,-1,101872
莱恩洛克,2564,179,27,4.5,4,30,42,27,32,3,0,0,0,0,0,0,5,0,0,1,1,-1,58,74,12,16,9,13,8,11,756,1134,1080,1458,675,1053,810,1188,126,210,180,270,112,195,135,220,0,131,80,20,0,0,1,2,636,-1,-1,-1,-1,-1,101873
怀沃夫,2565,150,27,4.5,4,33,49,21,36,11,0,0,0,0,0,0,1,1,2,1,1,-1,63,78,14,18,7,11,9,12,837,1215,1269,1647,513,891,918,1296,139,225,211,305,85,165,153,240,0,139,0,90,10,0,1,2,-1,-1,-1,-1,-1,-1,101875
布伊酷,2568,1182,29,4.5,4,34,44,23,34,11,0,0,0,0,0,0,1,1,2,1,1,-1,67,84,14,18,8,13,9,13,928,1334,1218,1624,609,1015,928,1334,144,230,189,280,94,175,144,230,0,135,0,90,10,0,1,2,-1,-1,-1,-1,-1,-1,101876
菲尔特,2569,1184,23,4.5,4,24,48,26,24,11,0,0,0,0,0,0,1,1,2,1,1,-1,43,57,12,15,7,10,5,8,506,828,1058,1380,552,874,506,828,99,180,207,300,108,190,99,180,0,122,0,0,80,20,1,2,-1,-1,-1,-1,-1,-1,101879
布林特,2570,1185,23,4.5,4,31,44,30,21,11,0,0,0,0,0,0,1,1,2,1,1,-1,49,62,11,14,8,11,4,7,667,989,966,1288,644,966,437,759,130,215,189,280,126,210,85,165,0,126,80,20,0,0,1,2,-1,-1,-1,-1,-1,-1,101880
奈坎特,2571,1186,27,4.5,4,29,50,28,28,11,0,0,0,0,0,0,6,1,2,1,1,-1,58,74,14,18,9,13,7,10,729,1107,1296,1674,702,1080,702,1080,121,205,216,310,117,200,117,200,0,135,0,40,60,0,1,2,640,-1,-1,-1,-1,-1,101881
奈宇罗,2572,1187,27,4.5,4,31,48,31,24,11,0,0,0,0,0,0,6,1,2,1,1,-1,60,75,14,18,10,14,5,9,783,1161,1242,1620,783,1161,594,972,130,215,207,300,130,215,99,180,0,134,80,0,0,20,1,2,640,-1,-1,-1,-1,-1,101882
VIP邦浦洛斯,2573,208,40,4.5,4,27,48,27,37,3,10,10,10,10,10,10,7,3,0,1,1,-1,86,109,21,27,13,19,14,19,1000,1560,1840,2400,1000,1560,1400,1960,112,195,207,300,112,195,157,245,0,139,0,0,50,50,1,2,651,705,-1,-1,-1,-1,101874
VIP利则诺顿,2574,204,40,4.5,4,30,46,32,32,1,10,10,10,10,10,10,7,3,0,1,1,-1,90,113,20,26,15,21,12,17,1120,1680,1760,2320,1200,1760,1200,1760,126,210,198,290,135,220,135,220,0,140,100,0,0,0,1,2,651,701,-1,-1,-1,-1,101820
VIP扬奇洛斯,2575,205,40,4.5,4,26,48,24,38,3,10,10,10,10,10,10,7,3,0,1,1,-1,84,107,21,26,12,18,14,20,960,1520,1840,2400,880,1440,1440,2000,108,190,207,300,99,180,162,250,0,136,0,100,0,0,1,2,651,702,-1,-1,-1,-1,101821
VIP邦奇诺,2576,206,40,4.5,4,26,51,23,36,3,10,10,10,10,10,10,7,3,0,1,1,-1,84,107,22,28,12,18,13,19,960,1520,1960,2520,840,1400,1360,1920,108,190,220,315,94,175,153,240,0,136,0,0,100,0,1,2,651,703,-1,-1,-1,-1,101822
VIP布鲁顿,2577,207,40,4.5,4,25,44,20,45,3,10,10,10,10,10,10,7,3,0,1,1,-1,82,105,19,25,10,16,17,22,920,1480,1680,2240,720,1280,1720,2280,103,185,189,280,81,160,193,285,0,134,0,0,0,100,1,2,651,704,-1,-1,-1,-1,101823
波奇肯,2578,1188,32,4.5,4,27,44,26,35,-3,0,0,0,0,0,0,5,3,2,1,1,-1,66,85,15,20,10,15,10,15,800,1248,1344,1792,768,1216,1056,1504,112,195,189,280,108,190,148,235,0,132,80,20,0,0,1,2,649,-1,-1,-1,-1,-1,101909
瓦奇肯,2579,1189,32,4.5,4,28,46,22,37,-3,0,0,0,0,0,0,5,3,2,1,1,-1,68,86,16,20,9,14,11,15,832,1280,1408,1856,640,1088,1120,1568,117,200,198,290,90,170,157,245,0,133,0,80,20,0,1,2,649,-1,-1,-1,-1,-1,101906
弗奇肯,2580,1190,32,4.5,4,26,48,24,36,-3,0,0,0,0,0,0,5,3,2,1,1,-1,66,85,16,21,9,14,10,15,768,1216,1472,1920,704,1152,1088,1536,108,190,207,300,99,180,153,240,0,134,0,0,80,20,1,2,649,-1,-1,-1,-1,-1,101907
欧奇肯,2581,1191,32,4.5,4,25,44,20,43,-3,0,0,0,0,0,0,5,3,2,1,1,-1,64,83,15,20,8,13,13,17,736,1184,1344,1792,576,1024,1312,1760,103,185,189,280,81,160,184,275,0,132,20,0,0,80,1,2,649,-1,-1,-1,-1,-1,101908
塔蜜提雅,2582,1192,30,5,5,30,30,30,30,0,10,10,10,50,10,10,5,5,0,1,1,-1,61,79,10,15,10,15,8,12,840,1260,840,1260,840,1260,840,1260,126,210,126,210,126,210,126,210,0,120,0,100,0,0,1,2,-1,-1,-1,-1,-1,2,101167
卡沃寇恩,2587,1197,25,4.5,4,38,60,26,60,3,0,0,0,0,0,0,1,1,2,1,1,-1,73,88,16,20,9,12,14,18,900,1250,1450,1800,600,950,1450,1800,162,250,261,360,108,190,261,360,0,184,0,30,70,0,1,2,-1,-1,-1,-1,-1,-1,101910
卡沃裴特,2588,1198,25,4.5,4,38,60,26,60,3,0,0,0,0,0,0,1,1,2,1,1,-1,73,88,16,20,9,12,14,18,900,1250,1450,1800,600,950,1450,1800,162,250,261,360,108,190,261,360,0,184,70,0,0,30,1,2,-1,-1,-1,-1,-1,-1,101911
莱福,2589,1199,25,4.5,4,38,60,26,60,3,5,5,5,5,5,5,2,2,2,1,1,-1,73,88,16,20,9,12,14,18,900,1250,1450,1800,600,950,1450,1800,162,250,261,360,108,190,261,360,0,184,70,0,0,30,1,2,-1,-1,-1,-1,-1,-1,101912
乐多,2590,1200,25,4.5,4,38,60,26,60,3,5,5,5,5,5,5,2,2,2,1,1,-1,73,88,16,20,9,12,14,18,900,1250,1450,1800,600,950,1450,1800,162,250,261,360,108,190,261,360,0,184,0,30,70,0,1,2,-1,-1,-1,-1,-1,-1,101913
艾恩克,2595,1205,26,4.5,4,31,34,21,24,3,0,0,0,0,0,0,1,4,1,1,1,-1,51,66,9,13,6,10,5,9,754,1118,832,1196,494,858,572,936,130,215,144,230,85,165,99,180,0,110,0,90,10,0,1,2,-1,-1,-1,-1,-1,-1,101918
艾美,2596,1206,26,4.5,4,29,36,16,25,3,0,0,0,0,0,0,1,4,1,1,1,-1,49,64,10,14,5,9,5,9,702,1066,884,1248,364,728,598,962,121,205,153,240,63,140,103,185,0,106,0,0,50,50,1,2,-1,-1,-1,-1,-1,-1,101919
艾茵,2597,1207,26,4.5,4,27,38,20,26,3,0,0,0,0,0,0,1,4,1,1,1,-1,48,63,10,14,6,10,6,9,650,1014,936,1300,468,832,624,988,112,195,162,250,81,160,108,190,0,111,30,0,0,70,1,2,-1,-1,-1,-1,-1,-1,101920
艾克夫,2598,1208,26,4.5,4,30,36,18,22,3,0,0,0,0,0,0,1,4,1,1,1,-1,49,65,10,14,6,9,5,8,728,1092,884,1248,416,780,520,884,126,210,153,240,72,150,90,170,0,106,90,10,0,0,1,2,-1,-1,-1,-1,-1,-1,101921
安古力,2599,1209,30,4.5,4,28,38,8,34,3,0,0,0,0,0,0,5,2,2,1,1,-1,56,73,12,16,4,8,9,13,780,1200,1080,1500,180,600,960,1380,117,200,162,250,27,100,144,230,0,108,70,30,0,0,1,2,-1,-1,-1,-1,-1,-1,101922
裘尼,2600,1210,30,4.5,4,26,42,5,37,3,0,0,0,0,0,0,5,2,2,1,1,-1,55,72,13,17,3,7,10,14,720,1140,1200,1620,90,510,1050,1470,108,190,180,270,13,85,157,245,0,110,0,80,20,0,1,2,-1,-1,-1,-1,-1,-1,101923
卡卡力,2601,1211,30,4.5,4,27,46,6,35,3,0,0,0,0,0,0,5,2,2,1,1,-1,57,74,14,19,3,8,9,14,750,1170,1320,1740,120,540,990,1410,112,195,198,290,18,90,148,235,0,114,0,0,80,20,1,2,-1,-1,-1,-1,-1,-1,101924
亚瑟力,2602,1212,30,4.5,4,24,39,3,43,3,0,0,0,0,0,0,5,2,2,1,1,-1,53,70,12,16,2,7,12,16,660,1080,1110,1530,30,450,1230,1650,99,180,166,255,4,75,184,275,0,109,20,0,0,80,1,2,-1,-1,-1,-1,-1,-1,101925
伊弗拉,2603,1213,28,4.5,4,26,32,12,31,3,0,0,0,0,0,0,2,2,1,1,1,-1,49,65,9,13,4,8,8,12,672,1064,840,1232,280,672,812,1204,108,190,135,220,45,120,130,215,0,101,0,0,60,40,1,2,-1,-1,-1,-1,-1,-1,101926
欧拉欧拉,2604,1214,28,4.5,4,24,34,10,30,3,0,0,0,0,0,0,2,2,1,1,1,-1,46,62,10,14,4,8,7,11,616,1008,896,1288,224,616,784,1176,103,187,150,239,37,114,131,218,1,98,40,0,0,60,1,2,-1,-1,-1,-1,-1,-1,101927
塔塔拉,2605,1215,28,4.5,4,27,36,14,30,3,0,0,0,0,0,0,2,2,1,1,1,-1,51,67,11,15,5,9,7,11,700,1092,952,1344,336,728,784,1176,112,195,153,240,54,130,126,210,0,107,70,30,0,0,1,2,-1,-1,-1,-1,-1,-1,101928
吉姆拉,2606,1216,28,4.5,4,25,33,13,33,3,0,0,0,0,0,0,2,2,1,1,1,-1,49,65,10,14,5,9,8,12,644,1036,868,1260,308,700,868,1260,103,185,139,225,49,125,139,225,0,104,0,50,50,0,1,2,-1,-1,-1,-1,-1,-1,101929
奥斯卡,2607,1217,26,4.5,4,28,36,12,26,3,0,0,0,0,0,0,2,2,1,1,1,-1,47,62,10,13,4,8,6,9,676,1040,884,1248,260,624,624,988,117,200,153,240,45,120,108,190,0,102,0,0,70,30,1,2,-1,-1,-1,-1,-1,-1,101930
斯斯卡,2608,1218,26,4.5,4,26,32,9,30,3,0,0,0,0,0,0,2,2,1,1,1,-1,44,59,9,12,3,7,7,10,624,988,780,1144,182,546,728,1092,112,197,141,228,32,109,131,218,1,97,50,0,0,50,1,2,-1,-1,-1,-1,-1,-1,101931
布里斯卡,2609,1219,26,4.5,4,29,32,13,24,3,0,0,0,0,0,0,2,2,1,1,1,-1,47,62,9,12,4,8,5,9,702,1066,780,1144,286,650,572,936,126,213,141,228,51,130,103,187,1,98,90,10,0,0,1,2,-1,-1,-1,-1,-1,-1,101932
邦斯卡,2610,1220,26,4.5,4,29,35,10,26,3,0,0,0,0,0,0,2,2,1,1,1,-1,47,62,9,13,4,7,6,9,702,1066,858,1222,208,572,624,988,121,205,148,235,36,110,108,190,0,100,0,70,30,0,1,2,-1,-1,-1,-1,-1,-1,101933
卡普莉,2611,1221,32,4.5,4,33,45,30,30,3,2,2,2,2,2,2,5,0,0,1,1,-1,74,93,16,20,11,16,8,13,992,1440,1376,1824,896,1344,896,1344,139,225,193,285,126,210,126,210,0,138,60,0,0,40,1,2,-1,-1,-1,-1,-1,-1,101934
海宠蛋,2612,1222,100,4.5,4,10,0,0,0,3,9,9,9,9,9,9,1,1,0,1,1,-1,36,94,0,13,0,13,-2,12,800,2200,-200,1200,-200,1200,-200,1200,44,132,-11,72,-11,72,-11,72,5,10,0,100,0,0,1,2,-1,-1,-1,-1,-1,-1,101935
普多那托,2613,1223,33,4.5,4,32,33,30,20,3,3,3,3,3,3,3,4,0,0,1,1,-1,68,87,12,17,11,16,5,10,990,1452,1023,1485,924,1386,594,1056,135,220,139,225,126,210,81,160,0,115,0,0,20,80,1,2,-1,-1,-1,-1,-1,-1,101944
普托托,2614,1224,33,4.5,4,34,34,34,15,3,3,3,3,3,3,3,4,0,0,1,1,-1,70,90,13,17,13,17,4,8,1056,1518,1056,1518,1056,1518,429,891,144,230,144,230,144,230,58,135,0,117,50,50,0,0,1,2,-1,-1,-1,-1,-1,-1,101945
伊普托,2615,1225,33,4.5,4,33,37,33,17,3,3,3,3,3,3,3,4,0,0,1,1,-1,70,90,14,18,12,17,4,9,1023,1485,1155,1617,1023,1485,495,957,139,225,157,245,139,225,67,145,0,120,0,80,20,0,1,2,-1,-1,-1,-1,-1,-1,101946
普托坎克,2616,1226,33,4.5,4,33,37,32,17,3,3,3,3,3,3,3,4,0,0,1,1,-1,70,89,13,18,12,17,4,9,1023,1485,1155,1617,990,1452,495,957,139,225,157,245,135,220,67,145,0,119,0,0,90,10,1,2,-1,-1,-1,-1,-1,-1,101947
艾斯卓恩,2617,1227,200,9,9,100,80,80,200,3,99,99,99,99,99,99,9,9,2,1,1,-1,1512,1628,212,241,212,241,396,424,19600,22400,15600,18400,15600,18400,39600,42400,441,560,351,460,351,460,891,1060,0,460,0,100,0,0,1,2,-1,-1,-1,-1,-1,-1,101948
洛狄雷诺,2618,1228,25,4.5,4,40,32,37,18,3,8,8,8,8,8,8,5,4,0,1,1,-1,60,75,9,13,10,14,4,7,950,1300,750,1100,875,1225,400,750,171,260,135,220,157,245,72,150,0,127,0,20,80,0,1,2,-1,-1,-1,-1,-1,-1,101949
雷诺吉洛,2619,1229,25,4.5,4,38,28,35,22,3,8,8,8,8,8,8,5,4,0,1,1,-1,58,72,8,12,10,13,5,8,900,1250,650,1000,825,1175,500,850,162,250,117,200,148,235,90,170,0,123,30,0,0,70,1,2,-1,-1,-1,-1,-1,-1,101950
葛多雷诺,2620,1230,25,4.6,4,45,29,42,17,3,8,8,8,8,8,8,5,4,0,1,1,-1,66,80,9,12,12,15,3,7,1075,1425,675,1025,1000,1350,375,725,193,285,121,205,180,270,67,145,0,133,60,40,0,0,1,2,-1,-1,-1,-1,-1,-1,101951
雷诺夫,2621,1231,25,4.5,4,42,32,37,19,3,8,8,8,8,8,8,5,4,0,1,1,-1,63,77,9,13,10,14,4,7,1000,1350,750,1100,875,1225,425,775,180,270,135,220,157,245,76,155,0,130,0,80,20,0,1,2,-1,-1,-1,-1,-1,-1,101952
德古德贝特,2622,1232,26,4.5,4,28,32,12,34,3,20,20,20,20,20,20,5,1,0,1,1,-1,48,63,9,13,4,8,8,11,676,1040,780,1144,260,624,832,1196,117,200,135,220,45,120,144,230,0,106,0,90,10,0,1,2,-1,-1,-1,-1,-1,-1,101953
奇斯古德,2623,1233,26,4.5,4,26,31,10,36,3,20,20,20,20,20,20,5,1,0,1,1,-1,46,61,8,12,4,7,8,12,624,988,754,1118,208,572,884,1248,108,190,130,215,36,110,153,240,0,103,10,0,0,90,1,2,-1,-1,-1,-1,-1,-1,101954
塔拉古德,2624,1234,26,4.5,4,28,31,13,31,3,20,20,20,20,20,20,5,1,0,1,1,-1,47,62,9,12,4,8,7,11,676,1040,754,1118,286,650,754,1118,117,200,130,215,49,125,130,215,0,103,80,20,0,0,1,2,-1,-1,-1,-1,-1,-1,101955
赫古德,2625,1235,26,4.5,4,27,33,11,34,3,20,20,20,20,20,20,5,1,0,1,1,-1,47,62,9,13,4,8,8,11,650,1014,806,1170,234,598,832,1196,112,195,139,225,40,115,144,230,0,105,0,0,80,20,1,2,-1,-1,-1,-1,-1,-1,101956
坎普洛司,2626,1236,25,4.5,4,36,42,35,28,3,10,10,10,10,10,10,3,0,0,1,1,-1,61,75,12,15,10,14,6,10,850,1200,1000,1350,825,1175,650,1000,153,240,180,270,148,235,117,200,0,141,60,40,0,0,1,2,-1,-1,-1,-1,-1,-1,101957
坎普顿,2627,1237,25,4.5,4,35,42,32,30,3,10,10,10,10,10,10,3,0,0,1,1,-1,60,74,12,15,9,13,7,10,825,1175,1000,1350,750,1100,700,1050,148,235,180,270,135,220,126,210,0,139,30,0,0,70,1,2,-1,-1,-1,-1,-1,-1,101958
坎普贝尔,2628,1238,25,4.5,4,35,45,30,29,3,10,10,10,10,10,10,3,0,0,1,1,-1,60,74,12,16,9,12,6,10,825,1175,1075,1425,700,1050,675,1025,148,235,193,285,126,210,121,205,0,139,0,0,80,20,1,2,-1,-1,-1,-1,-1,-1,101959
坎奥尼亚,2629,1239,25,4.5,4,34,43,33,29,3,10,10,10,10,10,10,3,0,0,1,1,-1,59,73,12,15,10,13,6,10,800,1150,1025,1375,775,1125,675,1025,144,230,184,275,139,225,121,205,0,139,0,50,50,0,1,2,-1,-1,-1,-1,-1,-1,101960
修格尔,2630,1240,26,4.5,4,31,42,28,18,3,10,10,10,10,10,10,5,5,2,1,1,-1,54,69,12,15,8,12,4,7,754,1118,1040,1404,676,1040,416,780,130,215,180,270,117,200,72,150,0,119,0,0,90,10,1,2,-1,-1,-1,-1,-1,-1,101961
尼修喀,2631,1241,26,4.5,4,30,38,27,21,3,10,10,10,10,10,10,5,5,2,1,1,-1,52,67,11,14,8,12,4,8,728,1092,936,1300,650,1014,494,858,126,210,162,250,112,195,85,165,0,116,20,0,0,90,1,2,-1,-1,-1,-1,-1,-1,101962
修坦,2632,1242,26,4.5,4,33,36,26,18,3,10,10,10,10,10,10,5,5,2,1,1,-1,54,69,10,14,8,12,4,7,806,1170,884,1248,624,988,416,780,139,225,153,240,108,190,72,150,0,113,70,30,0,0,1,2,-1,-1,-1,-1,-1,-1,101963
修尼修尼,2633,1243,26,4.5,4,31,41,26,22,3,10,10,10,10,10,10,5,5,2,1,1,-1,54,69,11,15,8,12,5,8,754,1118,1014,1378,624,988,520,884,130,215,175,265,108,190,90,170,0,120,0,70,30,0,1,2,-1,-1,-1,-1,-1,-1,101964
司卡奇,2634,1244,32,4.5,4,40,55,11,44,3,35,35,35,35,35,35,3,3,1,1,1,-1,85,103,19,23,6,11,13,17,1216,1664,1696,2144,288,736,1344,1792,171,260,238,335,40,115,189,280,0,150,10,90,0,0,1,2,-1,-1,-1,-1,-1,-1,101990
莫里卡奇,2635,1245,33,4.5,4,38,60,10,40,3,25,25,25,25,25,25,3,3,1,1,1,-1,85,104,21,26,6,11,12,17,1188,1650,1914,2376,264,726,1254,1716,162,250,261,360,36,110,171,260,0,148,0,0,80,20,1,2,-1,-1,-1,-1,-1,-1,101991
修卡,2636,1246,23,4.5,4,28,42,31,36,3,0,0,0,0,0,0,2,3,1,1,1,-1,49,63,10,14,8,12,7,11,598,920,920,1242,667,989,782,1104,117,200,180,270,130,215,153,240,0,137,100,0,0,0,1,2,-1,-1,-1,-1,-1,-1,101992
玛卡,2637,1247,23,4.5,4,26,44,28,38,3,0,0,0,0,0,0,2,3,1,1,1,-1,48,61,11,14,8,11,8,11,552,874,966,1288,598,920,828,1150,108,190,189,280,117,200,162,250,0,136,0,0,100,0,1,2,-1,-1,-1,-1,-1,-1,101993
卡克亚斯,2641,1251,33,4.5,4,35,48,25,36,3,10,10,10,10,10,10,4,1,2,1,1,-1,80,99,17,22,10,15,11,15,1089,1551,1518,1980,759,1221,1122,1584,148,235,207,300,103,185,153,240,0,144,100,0,0,0,1,2,-1,-1,-1,-1,-1,-1,101997
卡克戴蒙,2642,1252,33,4.5,4,35,52,20,38,3,10,10,10,10,10,10,4,1,2,1,1,-1,81,100,18,23,9,14,11,16,1089,1551,1650,2112,594,1056,1188,1650,148,235,225,320,81,160,162,250,0,145,0,10,90,0,1,2,-1,-1,-1,-1,-1,-1,101998
夏克,2643,1253,25,4.5,4,38,60,26,60,3,10,10,10,10,10,10,5,5,2,1,1,-1,73,88,16,20,9,12,14,18,900,1250,1450,1800,600,950,1450,1800,162,250,261,360,108,190,261,360,0,184,0,0,0,0,1,2,-1,-1,-1,-1,-1,-1,101999
夏基,2644,1254,25,4.5,4,38,60,26,60,3,10,10,10,10,10,10,5,5,2,1,1,-1,73,88,16,20,9,12,14,18,900,1250,1450,1800,600,950,1450,1800,162,250,261,360,108,190,261,360,0,184,0,0,0,0,1,2,-1,-1,-1,-1,-1,-1,102000
VIP帖伊诺斯,2657,1267,40,4.5,4,30,50,25,35,-3,28,28,28,28,28,28,5,5,2,1,1,-1,90,113,22,27,13,18,13,18,1120,1680,1920,2480,920,1480,1320,1880,126,210,216,310,103,185,148,235,0,140,0,0,50,50,1,2,664,-1,-1,-1,-1,-1,101819
强化朱雀,2658,1268,27,4.5,4,40,50,20,34,3,0,0,0,0,0,0,4,2,0,1,1,-1,70,85,15,18,7,11,8,12,1026,1404,1296,1674,486,864,864,1242,171,260,216,310,81,160,144,230,0,144,0,0,100,0,1,2,-1,-1,-1,-1,-1,-1,101413
朵巴奈特,2659,1269,32,4.5,4,28,45,23,27,-1,0,0,0,0,0,0,4,1,1,1,1,-1,64,83,15,20,9,14,8,12,832,1280,1376,1824,672,1120,800,1248,117,200,193,285,94,175,112,195,0,123,0,0,40,60,1,2,-1,-1,-1,-1,-1,-1,100906
斑尼迪克,2660,1270,30,4.5,4,26,42,17,32,-1,0,0,0,0,0,0,4,1,1,1,1,-1,57,74,13,18,7,11,9,13,720,1140,1200,1620,450,870,900,1320,108,190,180,270,67,145,135,220,0,117,0,0,10,90,1,2,-1,-1,-1,-1,-1,-1,100907
阿米朵,2661,1271,32,4.5,4,27,42,26,26,-1,0,0,0,0,0,0,4,1,1,1,1,-1,63,81,14,19,10,14,7,12,800,1248,1280,1728,768,1216,768,1216,112,195,180,270,108,190,108,190,0,121,40,0,0,60,1,2,-1,-1,-1,-1,-1,-1,100908
邦司凉朵,2662,1272,32,4.5,4,28,44,20,29,-1,0,0,0,0,0,0,4,1,1,1,1,-1,64,82,15,20,8,13,8,13,832,1280,1344,1792,576,1024,864,1312,117,200,189,280,81,160,121,205,0,121,0,100,0,0,1,2,-1,-1,-1,-1,-1,-1,100909
卡芙丽,2667,1277,40,4.5,4,22,44,19,40,3,0,0,0,0,0,0,3,3,0,1,1,-1,74,98,19,25,10,16,15,20,800,1360,1680,2240,680,1240,1520,2080,90,170,189,280,76,155,171,260,0,125,10,0,0,90,1,2,650,-1,-1,-1,-1,-1,101885
卡萝丽,2668,1278,40,4.5,4,23,46,21,37,3,0,0,0,0,0,0,3,3,0,1,1,-1,76,100,20,25,11,16,14,19,840,1400,1760,2320,760,1320,1400,1960,94,175,198,290,85,165,157,245,0,127,0,80,20,0,1,2,650,-1,-1,-1,-1,-1,101884
卡普莉,2669,1279,40,4.5,4,25,40,30,40,3,0,0,0,0,0,0,5,3,0,1,1,-1,82,105,18,24,14,20,15,20,920,1480,1520,2080,1120,1680,1520,2080,103,185,171,260,126,210,171,260,0,135,70,0,0,30,1,2,650,-1,-1,-1,-1,-1,101934
利则诺顿,2670,1280,32,4.5,4,28,44,28,34,-1,0,0,0,0,0,0,3,1,1,1,1,-1,68,87,15,20,11,15,10,14,832,1280,1344,1792,832,1280,1024,1472,117,200,189,280,117,200,144,230,0,134,90,10,0,0,1,2,711,-1,-1,-1,-1,-1,100287
扬奇洛斯,2671,1281,32,4.5,4,26,46,23,38,-1,0,0,0,0,0,0,3,1,1,1,1,-1,66,84,16,20,9,14,11,16,768,1216,1408,1856,672,1120,1152,1600,108,190,198,290,94,175,162,250,0,133,0,70,30,0,1,2,711,-1,-1,-1,-1,-1,100288
邦浦洛斯,2672,1282,32,4.5,4,27,46,25,35,-1,0,0,0,0,0,0,3,1,1,1,1,-1,67,85,16,20,10,14,10,15,800,1248,1408,1856,736,1184,1056,1504,112,195,198,290,103,185,148,235,0,133,0,0,60,40,1,2,711,-1,-1,-1,-1,-1,100289
邦奇诺,2673,1283,32,4.5,4,26,48,23,37,-1,0,0,0,0,0,0,3,1,1,1,1,-1,66,85,16,21,9,14,11,15,768,1216,1472,1920,672,1120,1120,1568,108,190,207,300,94,175,157,245,0,134,0,0,100,0,1,2,711,-1,-1,-1,-1,-1,100290
布鲁顿,2674,1284,32,4.5,4,24,43,20,43,-1,0,0,0,0,0,0,3,1,1,1,1,-1,63,81,15,19,8,13,13,17,704,1152,1312,1760,576,1024,1312,1760,99,180,184,275,81,160,184,275,0,130,20,0,0,80,1,2,711,-1,-1,-1,-1,-1,100394
邦诺斯娜,2675,1285,32,4.5,4,27,50,22,37,-1,5,5,5,5,5,5,3,2,1,1,1,-1,68,86,17,22,9,14,11,15,800,1248,1536,1984,640,1088,1120,1568,112,195,216,310,90,170,157,245,0,136,0,0,100,0,1,2,712,-1,-1,-1,-1,-1,100849
杨格斯,2676,1286,32,4.5,4,30,48,30,32,-1,5,5,5,5,5,5,3,2,1,1,1,-1,72,90,17,21,11,16,9,14,896,1344,1472,1920,896,1344,960,1408,126,210,207,300,126,210,135,220,0,140,0,0,70,30,1,2,712,-1,-1,-1,-1,-1,100850
迪基格斯,2677,1287,32,4.5,4,27,48,24,38,-1,5,5,5,5,5,5,3,2,1,1,1,-1,68,87,16,21,10,14,11,16,800,1248,1472,1920,704,1152,1152,1600,112,195,207,300,99,180,162,250,0,137,20,80,0,0,1,2,712,-1,-1,-1,-1,-1,100851
奥卡洛斯,2678,1288,38,4.8,4,31,50,32,28,-1,0,0,0,0,0,0,2,2,1,1,1,-1,87,109,21,26,15,20,9,15,1102,1634,1824,2356,1140,1672,988,1520,130,215,216,310,135,220,117,200,0,141,60,40,0,0,1,2,655,21,-1,-1,-1,-1,100371
朵巴奈特,2679,1289,38,4.5,4,30,48,28,33,-1,0,0,0,0,0,0,2,2,1,1,1,-1,85,107,20,25,13,18,11,17,1064,1596,1748,2280,988,1520,1178,1710,126,210,207,300,117,200,139,225,0,139,0,0,40,60,1,2,655,21,-1,-1,-1,-1,100906
斑尼迪克,2680,1290,36,4.5,4,27,46,26,38,-1,0,0,0,0,0,0,2,2,1,1,1,-1,77,97,18,23,11,17,12,18,900,1404,1584,2088,864,1368,1296,1800,112,195,198,290,108,190,162,250,0,137,0,0,10,90,1,2,655,21,-1,-1,-1,-1,100907
阿米朵,2681,1291,38,4.5,4,30,48,32,30,-1,0,0,0,0,0,0,2,2,1,1,1,-1,85,107,20,25,14,20,10,15,1064,1596,1748,2280,1140,1672,1064,1596,126,210,207,300,135,220,126,210,0,140,40,0,0,60,1,2,655,21,-1,-1,-1,-1,100908
邦司凉朵,2682,1292,38,4.5,4,30,46,30,34,-1,0,0,0,0,0,0,2,2,1,1,1,-1,85,107,19,25,14,19,12,17,1064,1596,1672,2204,1064,1596,1216,1748,126,210,198,290,126,210,144,230,0,140,0,100,0,0,1,2,655,21,-1,-1,-1,-1,100909
普鲁夏,2683,1293,36,4.5,4,26,42,21,44,-1,0,0,0,0,0,0,1,3,1,1,1,-1,74,95,16,22,10,15,15,20,864,1368,1440,1944,684,1188,1512,2016,108,190,180,270,85,165,189,280,0,133,30,70,0,0,1,2,14,674,507,-1,-1,-1,100871
佩露夏,2684,1294,36,4.5,4,25,42,17,48,-1,0,0,0,0,0,0,1,3,1,1,1,-1,73,93,16,21,8,13,16,21,828,1332,1440,1944,540,1044,1656,2160,103,185,180,270,67,145,207,300,0,132,0,100,0,0,1,2,14,674,623,-1,-1,-1,100872
萨格鲁,2685,1295,36,4.5,4,27,43,20,43,-1,0,0,0,0,0,0,1,3,1,1,1,-1,75,96,17,22,9,14,14,19,900,1404,1476,1980,648,1152,1476,1980,112,195,184,275,81,160,184,275,0,133,0,50,50,0,1,2,14,674,616,-1,-1,-1,100873
玛斯贝卡,2686,1296,36,4.5,4,26,44,16,46,-1,0,0,0,0,0,0,1,3,1,1,1,-1,74,95,17,22,8,13,15,20,864,1368,1512,2016,504,1008,1584,2088,108,190,189,280,63,140,198,290,0,132,0,0,50,50,1,2,14,674,623,-1,-1,-1,100874
塔克,2687,1297,36,4.5,4,29,47,16,41,-1,0,0,0,0,0,0,1,1,1,1,1,-1,77,98,18,23,8,13,14,19,972,1476,1620,2124,504,1008,1404,1908,121,205,202,295,63,140,175,265,0,133,0,0,90,10,1,2,653,-1,-1,-1,-1,-1,101550
奥特普,2688,1298,36,4.5,4,31,45,20,40,11,0,0,0,0,0,0,1,1,1,1,1,-1,81,101,18,23,9,15,13,18,1044,1548,1548,2052,648,1152,1368,1872,130,215,193,285,81,160,171,260,0,136,90,10,0,0,1,2,653,-1,-1,-1,-1,-1,101551
斯达克,2689,1299,36,4.5,4,32,44,31,33,-1,9,9,9,9,9,9,1,1,1,1,1,-1,83,104,17,23,13,18,11,16,1080,1584,1512,2016,1044,1548,1116,1620,135,220,189,280,130,215,139,225,0,140,50,50,0,0,1,2,653,-1,-1,-1,-1,-1,101715
西斯达,2690,1300,36,4.5,4,30,46,28,31,11,9,9,9,9,9,9,1,1,1,1,1,-1,79,100,18,23,12,17,10,15,1008,1512,1584,2088,936,1440,1044,1548,126,210,198,290,117,200,130,215,0,135,0,0,50,50,1,2,653,-1,-1,-1,-1,-1,101716
巴朵兰恩,2691,1301,27,4.5,4,26,40,25,28,1,0,0,0,0,0,0,5,5,0,1,1,-1,52,67,12,15,8,12,7,10,648,1026,1026,1404,621,999,702,1080,108,190,171,260,103,185,117,200,0,119,0,20,80,0,1,2,-1,-1,-1,-1,-1,-1,100373
左迪洛斯,2692,1302,27,4.5,4,27,38,26,29,1,0,0,0,0,0,0,5,5,0,1,1,-1,53,68,11,15,8,12,7,11,675,1053,972,1350,648,1026,729,1107,112,195,162,250,108,190,121,205,0,120,0,80,20,0,1,2,-1,-1,-1,-1,-1,-1,100372
格尔格,2693,1303,27,4.5,4,27,38,28,26,3,0,0,0,0,0,0,5,0,0,1,1,-1,52,68,11,15,9,13,6,10,675,1053,972,1350,702,1080,648,1026,112,195,162,250,117,200,108,190,0,119,0,0,90,10,1,2,-1,-1,-1,-1,-1,-1,100310
玛恩摩洛斯,2694,1304,27,4.5,4,48,25,50,16,1,0,0,0,0,0,0,5,0,0,1,1,-1,75,90,9,12,15,19,3,7,1242,1620,621,999,1296,1674,378,756,207,300,103,185,216,310,63,140,0,139,0,50,50,0,1,2,-1,-1,-1,-1,-1,-1,100358
拉奇鲁哥,2695,1305,27,4.5,4,24,40,14,38,5,0,0,0,0,0,0,0,3,0,1,1,-1,49,65,11,15,5,9,9,13,594,972,1026,1404,324,702,972,1350,99,180,171,260,54,130,162,250,0,116,0,0,100,0,1,2,-1,-1,-1,-1,-1,-1,100279
卡达鲁卡斯,2696,1306,27,4.5,4,36,23,60,8,5,0,0,0,0,0,0,1,0,0,1,1,-1,62,78,8,12,17,21,1,5,918,1296,567,945,1566,1944,162,540,153,240,94,175,261,360,27,100,0,127,100,0,0,0,1,2,-1,-1,-1,-1,-1,-1,100283
扬奇洛斯,2697,1307,27,4.5,4,25,42,16,35,3,0,0,0,0,0,0,5,0,0,1,1,-1,51,66,12,16,6,9,8,12,621,999,1080,1458,378,756,891,1269,103,185,180,270,63,140,148,235,0,118,0,30,70,0,1,2,-1,-1,-1,-1,-1,-1,100288
卡卡金宝,2698,1308,27,4.5,4,27,39,26,27,1,0,0,0,0,0,0,5,0,0,1,1,-1,52,68,11,15,8,12,6,10,675,1053,999,1377,648,1026,675,1053,112,195,166,255,108,190,112,195,0,119,0,20,80,0,1,2,-1,-1,-1,-1,-1,-1,100346
朵拉比斯,2699,1309,27,4.5,4,23,36,14,41,1,0,0,0,0,0,0,1,5,0,1,1,-1,48,63,10,14,5,9,10,14,567,945,918,1296,324,702,1053,1431,94,175,153,240,54,130,175,265,0,114,0,0,0,100,1,2,-1,-1,-1,-1,-1,-1,100362
卡沃寇恩,2700,1310,25,4.5,4,38,60,26,60,3,0,0,0,0,0,0,1,1,2,1,1,-1,73,88,16,20,9,12,14,18,900,1250,1450,1800,600,950,1450,1800,162,250,261,360,108,190,261,360,0,184,0,30,70,0,1,2,-1,-1,-1,-1,-1,-1,101910
卡沃裴特,2701,1311,25,4.5,4,38,60,26,60,3,0,0,0,0,0,0,1,1,2,1,1,-1,73,88,16,20,9,12,14,18,900,1250,1450,1800,600,950,1450,1800,162,250,261,360,108,190,261,360,0,184,70,0,0,30,1,2,-1,-1,-1,-1,-1,-1,101911
莱福,2702,1312,30,4.5,4,30,41,34,32,3,100,100,100,100,100,100,2,2,2,1,1,-1,66,84,14,18,12,16,9,13,840,1260,1170,1590,960,1380,900,1320,126,210,175,265,144,230,135,220,0,137,70,0,0,30,1,2,573,-1,-1,-1,-1,-1,101912
乐多,2703,1313,30,4.5,4,27,44,30,34,3,100,100,100,100,100,100,2,2,2,1,1,-1,63,80,14,19,11,15,9,13,750,1170,1260,1680,840,1260,960,1380,112,195,189,280,126,210,144,230,0,135,0,30,70,0,1,2,573,-1,-1,-1,-1,-1,101913
卡普莉,2704,1314,32,4.5,4,33,45,30,30,3,2,2,2,2,2,2,5,0,0,1,1,-1,74,93,16,20,11,16,8,13,992,1440,1376,1824,896,1344,896,1344,139,225,193,285,126,210,126,210,0,138,60,0,0,40,1,2,-1,-1,-1,-1,-1,-1,101934
海宠蛋,2705,1315,100,4.5,4,10,0,0,0,3,9,9,9,9,9,9,1,1,0,1,1,-1,36,94,0,13,0,13,-2,12,800,2200,-200,1200,-200,1200,-200,1200,44,132,-11,72,-11,72,-11,72,5,10,0,100,0,0,1,2,-1,-1,-1,-1,-1,-1,101935
司卡奇,2706,1316,32,4.5,4,40,55,11,44,3,35,35,35,35,35,35,3,3,1,1,1,-1,85,103,19,23,6,11,13,17,1216,1664,1696,2144,288,736,1344,1792,171,260,238,335,40,115,189,280,0,150,10,90,0,0,1,2,-1,-1,-1,-1,-1,-1,101990
莫里卡奇,2707,1317,33,4.5,4,38,60,10,40,3,25,25,25,25,25,25,3,3,1,1,1,-1,85,104,21,26,6,11,12,17,1188,1650,1914,2376,264,726,1254,1716,162,250,261,360,36,110,171,260,0,148,0,0,80,20,1,2,-1,-1,-1,-1,-1,-1,101991
修卡,2708,1318,23,4.5,4,28,42,31,36,3,0,0,0,0,0,0,2,3,1,1,1,-1,49,63,10,14,8,12,7,11,598,920,920,1242,667,989,782,1104,117,200,180,270,130,215,153,240,0,137,100,0,0,0,1,2,-1,-1,-1,-1,-1,-1,101992
玛卡,2709,1319,23,4.5,4,26,44,28,38,3,0,0,0,0,0,0,2,3,1,1,1,-1,48,61,11,14,8,11,8,11,552,874,966,1288,598,920,828,1150,108,190,189,280,117,200,162,250,0,136,0,0,100,0,1,2,-1,-1,-1,-1,-1,-1,101993
卡克亚斯,2710,1320,33,4.5,4,35,48,25,36,3,10,10,10,10,10,10,4,1,2,1,1,-1,80,99,17,22,10,15,11,15,1089,1551,1518,1980,759,1221,1122,1584,148,235,207,300,103,185,153,240,0,144,100,0,0,0,1,2,-1,-1,-1,-1,-1,-1,101997
卡克戴蒙,2711,1321,33,4.5,4,35,52,20,38,3,10,10,10,10,10,10,4,1,2,1,1,-1,81,100,18,23,9,14,11,16,1089,1551,1650,2112,594,1056,1188,1650,148,235,225,320,81,160,162,250,0,145,0,10,90,0,1,2,-1,-1,-1,-1,-1,-1,101998
夏克,2712,1322,25,4.5,4,38,60,26,60,3,10,10,10,10,10,10,5,5,2,1,1,-1,73,88,16,20,9,12,14,18,900,1250,1450,1800,600,950,1450,1800,162,250,261,360,108,190,261,360,0,184,0,0,0,0,1,2,-1,-1,-1,-1,-1,-1,101999
夏基,2713,1323,25,4.5,4,38,60,26,60,3,10,10,10,10,10,10,5,5,2,1,1,-1,73,88,16,20,9,12,14,18,900,1250,1450,1800,600,950,1450,1800,162,250,261,360,108,190,261,360,0,184,0,0,0,0,1,2,-1,-1,-1,-1,-1,-1,102000
塔拉古德,2716,1326,32,4.5,4,28,45,21,39,3,20,20,20,20,20,20,5,1,0,1,1,-1,68,86,15,20,9,13,11,16,832,1280,1376,1824,608,1056,1184,1632,117,200,193,285,85,165,166,255,0,133,80,20,0,0,1,2,114,-1,-1,-1,-1,-1,101955
德古德贝特,2717,1327,32,4.5,4,28,46,19,40,3,20,20,20,20,20,20,5,1,0,1,1,-1,68,86,16,20,8,13,12,16,832,1280,1408,1856,544,992,1216,1664,117,200,198,290,76,155,171,260,0,133,0,90,10,0,1,2,114,-1,-1,-1,-1,-1,101953
赫古德,2718,1328,32,4.5,4,27,48,18,40,3,20,20,20,20,20,20,5,1,0,1,1,-1,67,85,16,21,8,12,12,16,800,1248,1472,1920,512,960,1216,1664,112,195,207,300,72,150,171,260,0,133,0,0,80,20,1,2,114,-1,-1,-1,-1,-1,101956
奇斯古德,2719,1329,32,4.5,4,26,45,16,42,3,20,20,20,20,20,20,5,1,0,1,1,-1,64,83,15,20,7,12,12,17,768,1216,1376,1824,448,896,1280,1728,108,190,193,285,63,140,180,270,0,129,10,0,0,90,1,2,114,-1,-1,-1,-1,-1,101954
普托托,2720,1330,33,4.5,4,34,44,34,25,3,3,3,3,3,3,3,4,0,0,1,1,-1,77,96,16,21,13,18,7,12,1056,1518,1386,1848,1056,1518,759,1221,144,230,189,280,144,230,103,185,0,137,50,50,0,0,1,2,-1,-1,-1,-1,-1,-1,101945
伊普托,2721,1331,33,4.5,4,33,47,33,27,3,3,3,3,3,3,3,4,0,0,1,1,-1,77,96,17,22,13,18,8,12,1023,1485,1485,1947,1023,1485,825,1287,139,225,202,295,139,225,112,195,0,140,0,80,20,0,1,2,-1,-1,-1,-1,-1,-1,101946
普托坎克,2722,1332,33,4.5,4,33,47,32,27,3,3,3,3,3,3,3,4,0,0,1,1,-1,77,96,17,22,12,17,8,12,1023,1485,1485,1947,990,1452,825,1287,139,225,202,295,135,220,112,195,0,139,0,0,90,10,1,2,-1,-1,-1,-1,-1,-1,101947
普多那托,2723,1333,33,4.5,4,32,42,30,30,3,3,3,3,3,3,3,4,0,0,1,1,-1,74,93,15,20,12,16,9,13,990,1452,1320,1782,924,1386,924,1386,135,220,180,270,126,210,126,210,0,134,0,0,20,80,1,2,-1,-1,-1,-1,-1,-1,101944
葛多雷诺,2724,1334,25,4.6,4,45,39,52,26,3,8,8,8,8,8,8,5,4,0,1,1,-1,73,87,12,15,14,18,6,9,1075,1425,925,1275,1250,1600,600,950,193,285,166,255,225,320,108,190,0,162,60,40,0,0,1,2,-1,-1,-1,-1,-1,-1,101951
雷诺夫,2725,1335,25,4.5,4,42,42,47,29,3,8,8,8,8,8,8,5,4,0,1,1,-1,70,85,12,16,13,17,6,10,1000,1350,1000,1350,1125,1475,675,1025,180,270,180,270,202,295,121,205,0,160,0,80,20,0,1,2,-1,-1,-1,-1,-1,-1,101952
洛狄雷诺,2726,1336,25,4.5,4,40,42,47,28,3,8,8,8,8,8,8,5,4,0,1,1,-1,68,82,12,16,13,17,6,10,950,1300,1000,1350,1125,1475,650,1000,171,260,180,270,202,295,117,200,0,157,0,20,80,0,1,2,-1,-1,-1,-1,-1,-1,101949
雷诺吉洛,2727,1337,25,4.5,4,38,38,45,32,3,8,8,8,8,8,8,5,4,0,1,1,-1,65,80,11,15,13,16,7,11,900,1250,900,1250,1075,1425,750,1100,162,250,162,250,193,285,135,220,0,153,30,0,0,70,1,2,-1,-1,-1,-1,-1,-1,101950
坎普洛司,2728,1338,25,4.5,4,36,42,35,38,3,10,10,10,10,10,10,3,0,0,1,1,-1,63,78,12,15,10,14,9,12,850,1200,1000,1350,825,1175,900,1250,153,240,180,270,148,235,162,250,0,151,60,40,0,0,1,2,-1,-1,-1,-1,-1,-1,101957
坎奥尼亚,2729,1339,25,4.5,4,34,43,33,38,3,10,10,10,10,10,10,3,0,0,1,1,-1,61,76,12,16,10,13,9,12,800,1150,1025,1375,775,1125,900,1250,144,230,184,275,139,225,162,250,0,148,0,50,50,0,1,2,-1,-1,-1,-1,-1,-1,101960
坎普贝尔,2730,1340,25,4.5,4,35,45,30,39,3,10,10,10,10,10,10,3,0,0,1,1,-1,62,77,12,16,9,13,9,12,825,1175,1075,1425,700,1050,925,1275,148,235,193,285,126,210,166,255,0,149,0,0,80,20,1,2,-1,-1,-1,-1,-1,-1,101959
坎普顿,2731,1341,25,4.5,4,35,42,32,40,3,10,10,10,10,10,10,3,0,0,1,1,-1,62,77,12,15,9,13,9,13,825,1175,1000,1350,750,1100,950,1300,148,235,180,270,135,220,171,260,0,149,30,0,0,70,1,2,-1,-1,-1,-1,-1,-1,101958
修坦,2732,1342,30,4.5,4,33,50,40,21,3,10,10,10,10,10,10,5,5,2,1,1,-1,71,89,16,21,14,18,5,9,930,1350,1440,1860,1140,1560,570,990,139,225,216,310,171,260,85,165,0,144,70,30,0,0,1,2,-1,-1,-1,-1,-1,-1,101963
修尼修尼,2733,1343,30,4.5,4,31,51,36,24,3,10,10,10,10,10,10,5,5,2,1,1,-1,69,86,17,21,13,17,6,10,870,1290,1470,1890,1020,1440,660,1080,130,215,220,315,153,240,99,180,0,142,0,70,30,0,1,2,-1,-1,-1,-1,-1,-1,101964
修格尔,2734,1344,30,4.5,4,31,52,38,22,3,10,10,10,10,10,10,5,5,2,1,1,-1,69,87,17,21,13,17,6,10,870,1290,1500,1920,1080,1500,600,1020,130,215,225,320,162,250,90,170,0,143,0,0,90,10,1,2,-1,-1,-1,-1,-1,-1,101961
尼修喀,2735,1345,30,4.5,4,30,49,37,25,3,10,10,10,10,10,10,5,5,2,1,1,-1,68,85,16,20,13,17,6,11,840,1260,1410,1830,1050,1470,690,1110,126,210,211,305,157,245,103,185,0,141,20,0,0,90,1,2,-1,-1,-1,-1,-1,-1,101962
VIP贝鲁卡,20000,20000,35,4.5,4,30,44,21,47,5,30,30,30,30,30,30,7,3,2,1,1,-1,79,100,17,22,10,15,15,20,980,1470,1470,1960,665,1155,1575,2065,126,210,189,280,85,165,202,295,0,142,60,40,0,0,1,2,-1,-1,-1,-1,-1,-1,100327
VIP贝鲁伊卡,20001,20001,34,4.5,4,28,45,19,49,5,30,30,30,30,30,30,7,3,2,1,1,-1,75,94,17,21,9,14,15,20,884,1360,1462,1938,578,1054,1598,2074,117,200,193,285,76,155,211,305,0,141,0,0,30,70,1,2,-1,-1,-1,-1,-1,-1,100328
VIP格鲁西斯,20002,20002,34,4.5,4,27,47,17,49,5,30,30,30,30,30,30,7,3,2,1,1,-1,73,93,17,22,8,13,15,20,850,1326,1530,2006,510,986,1598,2074,112,195,202,295,67,145,211,305,0,140,0,0,80,20,1,2,-1,-1,-1,-1,-1,-1,100329
VIP金格萨贝鲁,20003,20003,36,4.5,4,27,46,19,48,-1,30,30,30,30,30,30,7,3,2,1,1,-1,78,99,18,23,9,14,16,21,900,1404,1584,2088,612,1116,1656,2160,112,195,198,290,76,155,207,300,0,140,30,0,0,70,1,2,-1,-1,-1,-1,-1,-1,100330
VIP帖拉所伊朵,20004,20004,36,4.5,4,32,50,31,33,-3,50,50,50,50,50,50,7,7,2,1,1,-1,85,106,20,25,13,19,11,16,1080,1584,1728,2232,1044,1548,1116,1620,135,220,216,310,130,215,139,225,0,146,0,0,50,50,1,2,-1,-1,-1,-1,-1,-1,100374
VIP布洛多斯,20005,20005,36,4.5,4,50,45,52,11,-1,30,30,30,30,30,30,5,2,2,1,1,-1,109,130,19,24,21,26,3,8,1728,2232,1548,2052,1800,2304,324,828,216,310,193,285,225,320,40,115,0,158,90,10,0,0,1,2,-1,-1,-1,-1,-1,-1,100351
VIP布林帖斯,20006,20006,36,4.5,4,52,44,50,11,-1,30,30,30,30,30,30,5,2,2,1,1,-1,111,132,18,24,20,26,3,8,1800,2304,1512,2016,1728,2232,324,828,225,320,189,280,216,310,40,115,0,157,30,70,0,0,1,2,-1,-1,-1,-1,-1,-1,100352
VIP布拉奇多斯,20007,20007,36,4.5,4,48,47,48,12,-1,30,30,30,30,30,30,5,2,2,1,1,-1,106,127,19,25,20,25,3,8,1656,2160,1620,2124,1656,2160,360,864,207,300,202,295,207,300,45,120,0,155,0,20,80,0,1,2,-1,-1,-1,-1,-1,-1,100353
VIP斯天多斯,20008,20008,36,4.5,4,52,45,49,12,-1,30,30,30,30,30,30,5,2,2,1,1,-1,111,132,19,24,20,25,3,8,1800,2304,1548,2052,1692,2196,360,864,225,320,193,285,211,305,45,120,0,158,50,50,0,0,1,2,-1,-1,-1,-1,-1,-1,100354
VIP邦恩多斯,20009,20009,36,4.5,4,49,46,47,16,-1,30,30,30,30,30,30,5,2,2,1,1,-1,108,129,19,24,19,25,5,10,1692,2196,1584,2088,1620,2124,504,1008,211,305,198,290,202,295,63,140,0,158,0,0,20,80,1,2,-1,-1,-1,-1,-1,-1,100396
VIP巴朵兰恩,20010,20010,35,4.5,4,30,48,31,34,-1,30,30,30,30,30,30,3,5,2,1,1,-1,80,100,18,23,13,18,11,16,980,1470,1610,2100,1015,1505,1120,1610,126,210,207,300,130,215,144,230,0,143,0,20,80,0,1,2,-1,-1,-1,-1,-1,-1,100373
VIP左迪洛斯,20011,20011,35,4.5,4,32,46,34,33,-1,30,30,30,30,30,30,3,5,2,1,1,-1,82,103,18,23,14,19,10,15,1050,1540,1540,2030,1120,1610,1085,1575,135,220,198,290,144,230,139,225,0,145,0,80,20,0,1,2,-1,-1,-1,-1,-1,-1,100372
VIP格尔格,20012,20012,35,4.5,4,28,40,30,42,-1,30,30,30,30,30,30,3,5,2,1,1,-1,77,97,16,21,12,17,14,18,910,1400,1330,1820,980,1470,1400,1890,117,200,171,260,126,210,180,270,0,140,0,0,90,10,1,2,-1,-1,-1,-1,-1,-1,100310
VIP玛恩摩洛斯,20013,20013,35,4.5,4,64,32,52,26,-1,30,30,30,30,30,30,3,5,2,1,1,-1,126,147,15,20,21,26,8,13,2170,2660,1050,1540,1750,2240,840,1330,279,380,135,220,225,320,108,190,0,174,0,50,50,0,1,2,-1,-1,-1,-1,-1,-1,100358
VIP拉奇鲁哥,20014,20014,35,4.5,4,27,47,21,43,-1,30,30,30,30,30,30,3,5,2,1,1,-1,75,95,18,23,9,15,14,19,875,1365,1575,2065,665,1155,1435,1925,112,195,202,295,85,165,184,275,0,138,0,0,100,0,1,2,-1,-1,-1,-1,-1,-1,100279
VIP卡达鲁卡斯,20015,20015,35,4.5,4,46,40,63,10,-1,30,30,30,30,30,30,3,5,2,1,1,-1,102,122,17,22,24,29,2,7,1540,2030,1330,1820,2135,2625,280,770,198,290,171,260,274,375,36,110,0,159,100,0,0,0,1,2,-1,-1,-1,-1,-1,-1,100283
VIP扬奇洛斯,20016,20016,35,4.5,4,28,50,24,38,-1,30,30,30,30,30,30,3,5,2,1,1,-1,77,97,19,24,11,16,12,17,910,1400,1680,2170,770,1260,1260,1750,117,200,216,310,99,180,162,250,0,140,0,30,70,0,1,2,-1,-1,-1,-1,-1,-1,100288
VIP卡卡金宝,20017,20017,35,4.5,4,30,45,26,40,-1,30,30,30,30,30,30,3,5,2,1,1,-1,79,99,17,22,11,16,13,18,980,1470,1505,1995,840,1330,1330,1820,126,210,193,285,108,190,171,260,0,141,0,20,80,0,1,2,-1,-1,-1,-1,-1,-1,100346
VIP朵拉比斯,20018,20018,35,4.5,4,26,40,20,50,-1,30,30,30,30,30,30,3,5,2,1,1,-1,73,93,15,20,9,14,16,21,840,1330,1330,1820,630,1120,1680,2170,108,190,171,260,81,160,216,310,0,136,0,0,0,100,1,2,-1,-1,-1,-1,-1,-1,100362
VIP霍尔克,20019,20019,34,4.5,4,30,41,21,49,-1,30,30,30,30,30,30,7,2,2,1,1,-1,77,96,15,20,9,14,15,20,952,1428,1326,1802,646,1122,1598,2074,126,210,175,265,85,165,211,305,0,141,30,0,0,70,1,2,-1,-1,-1,-1,-1,-1,100369
VIP奇宝,20020,20020,34,4.5,4,28,44,17,49,-1,30,30,30,30,30,30,7,2,2,1,1,-1,74,93,16,21,8,13,15,20,884,1360,1428,1904,510,986,1598,2074,117,200,189,280,67,145,211,305,0,138,0,0,80,20,1,2,-1,-1,-1,-1,-1,-1,100370
VIP瑞里西尔,20021,20021,36,4.5,4,28,42,18,52,-1,40,40,40,40,40,40,7,2,2,1,1,-1,79,100,16,22,9,14,18,23,936,1440,1440,1944,576,1080,1800,2304,117,200,180,270,72,150,225,320,0,140,60,0,0,40,1,2,-1,-1,-1,-1,-1,-1,100904
VIP史卡鲁,20022,20022,36,4.5,4,30,44,30,40,-1,30,30,30,30,30,30,5,5,2,1,1,-1,82,103,18,23,13,18,13,18,1008,1512,1512,2016,1008,1512,1368,1872,126,210,189,280,126,210,171,260,0,144,0,100,0,0,1,2,-1,-1,-1,-1,-1,-1,101532
VIP罗多克雷,20023,20023,36,4.5,4,34,15,48,50,-1,30,30,30,30,30,30,3,3,2,1,1,-1,88,109,8,13,19,24,17,22,1152,1656,468,972,1656,2160,1728,2232,144,230,58,135,207,300,216,310,0,147,80,0,0,20,1,2,-1,-1,-1,-1,-1,-1,101576
VIP牧哈卡,21000,21000,36,6,6,32,32,44,30,-3,20,20,20,20,20,20,5,5,2,1,1,-1,82,103,14,19,17,23,10,15,1080,1584,1080,1584,1512,2016,1008,1512,135,220,135,220,189,280,126,210,0,138,60,0,0,40,1,2,-1,-1,-1,-1,-1,-1,110066
VIP大白虎,21001,21001,32,6,6,28,43,18,52,-1,10,10,10,10,10,10,7,3,2,1,1,-1,70,89,15,20,8,12,16,20,832,1280,1312,1760,512,960,1600,2048,117,200,184,275,72,150,225,320,0,141,50,50,0,0,1,2,-1,-1,-1,-1,-1,-1,131074
普鲁卡西,21002,21002,36,4.5,4,28,47,19,48,-1,30,30,30,30,30,30,7,3,2,1,1,-1,79,100,18,23,9,14,16,21,936,1440,1620,2124,612,1116,1656,2160,117,200,202,295,76,155,207,300,0,142,0,0,90,10,1,2,659,720,-1,-1,-1,-1,110112
VIP佩露普夏,21003,21003,42,6,6,32,36,18,55,-1,40,40,40,40,40,40,3,7,2,1,1,-1,97,122,17,23,10,16,22,28,1260,1848,1428,2016,672,1260,2226,2814,135,220,153,240,72,150,238,335,0,141,0,100,0,0,1,2,-1,-1,-1,-1,-1,-1,120074
VIP萨格普鲁,21004,21004,42,6,6,32,36,18,55,-1,40,40,40,40,40,40,3,7,2,1,1,-1,97,122,17,23,10,16,22,28,1260,1848,1428,2016,672,1260,2226,2814,135,220,153,240,72,150,238,335,0,141,100,0,0,0,1,2,-1,-1,-1,-1,-1,-1,120073
VIP左迪卡尔,21005,21005,38,6,6,30,42,18,52,-1,30,30,30,30,30,30,6,1,2,1,1,-1,86,108,18,23,9,15,19,24,1064,1596,1520,2052,608,1140,1900,2432,126,210,180,270,72,150,225,320,0,142,0,100,0,0,1,2,-1,-1,-1,-1,-1,-1,120072
VIP佩露普夏,21006,21006,36,6,6,32,20,40,53,-1,40,40,40,40,40,40,3,7,2,1,1,-1,85,106,10,15,16,21,18,23,1080,1584,648,1152,1368,1872,1836,2340,135,220,81,160,171,260,229,325,0,145,0,100,0,0,1,2,-1,-1,-1,-1,-1,-1,120074
VIP黑机虎,21007,21007,36,6,6,28,43,18,52,-1,10,10,10,10,10,10,7,3,2,1,1,-1,79,100,17,22,9,14,18,23,936,1440,1476,1980,576,1080,1800,2304,117,200,184,275,72,150,225,320,0,141,0,0,100,0,1,2,-1,-1,-1,-1,-1,-1,131069
奥卡帕斯,21008,21008,26,6,6,28,37,32,25,1,0,0,0,0,0,0,5,5,0,1,1,-1,52,67,10,14,9,13,5,9,676,1040,910,1274,780,1144,598,962,117,200,157,245,135,220,103,185,0,122,80,20,0,0,1,2,40,80,-1,-1,-1,-1,120070
VIP斑尼左迪斯,21009,21009,36,6,6,36,44,30,40,-1,30,30,30,30,30,30,6,5,2,1,1,-1,91,112,18,23,13,18,13,18,1224,1728,1512,2016,1008,1512,1368,1872,153,240,189,280,126,210,171,260,0,150,0,100,0,0,1,2,-1,-1,-1,-1,-1,-1,120079
VIP烈炎马,21010,21010,42,6,6,40,22,50,46,-1,30,30,30,30,30,30,3,3,2,1,1,-1,115,139,13,19,23,29,18,24,1596,2184,840,1428,2016,2604,1848,2436,171,260,90,170,216,310,198,290,0,158,0,50,50,0,1,2,-1,-1,-1,-1,-1,-1,110138
朵巴奈,21011,21011,26,4.5,4,33,37,30,22,1,0,0,0,0,0,0,5,5,0,1,1,-1,56,71,11,14,9,13,5,8,806,1170,910,1274,728,1092,520,884,139,225,157,245,126,210,90,170,0,122,0,0,20,80,1,2,40,80,-1,-1,-1,-1,120071
帕格帕格鲁,21012,21012,26,4.5,4,27,40,20,36,-1,10,10,10,10,10,10,7,3,2,1,1,-1,52,67,11,15,6,10,8,12,650,1014,988,1352,468,832,884,1248,112,195,171,260,81,160,153,240,0,123,0,0,50,50,1,2,-1,-1,-1,-1,-1,-1,131042
VIP朵巴奈,21013,21013,36,6,6,30,43,18,52,-1,40,40,40,40,40,40,7,2,2,1,1,-1,82,103,17,22,9,14,18,23,1008,1512,1476,1980,576,1080,1800,2304,126,210,184,275,72,150,225,320,0,143,0,100,0,0,1,2,-1,-1,-1,-1,-1,-1,120071
VIP斑尼迪克,21014,21014,36,6,6,26,43,18,52,-1,0,0,0,0,0,0,2,2,1,1,1,-1,76,97,17,22,9,14,18,23,864,1368,1476,1980,576,1080,1800,2304,108,190,184,275,72,150,225,320,0,139,0,0,0,100,1,2,655,21,-1,-1,-1,-1,100907
VIP奥卡帕斯,21015,21015,36,6,6,30,43,18,52,-1,0,0,0,0,0,0,5,5,0,1,1,-1,82,103,17,22,9,14,18,23,1008,1512,1476,1980,576,1080,1800,2304,126,210,184,275,72,150,225,320,0,143,100,0,0,0,1,2,40,80,-1,-1,-1,-1,120070
VIP洛卡伦恩,21016,21016,35,6,6,26,40,20,50,-1,30,30,30,30,30,30,3,5,2,1,1,-1,73,93,15,20,9,14,16,21,840,1330,1330,1820,630,1120,1680,2170,108,190,171,260,81,160,216,310,0,136,0,0,100,0,1,2,-1,-1,-1,-1,-1,-1,100360
VIP姆伊,21017,21017,36,6,6,36,15,48,50,-1,0,0,0,0,0,0,0,0,0,1,1,-1,91,111,8,13,19,24,17,22,1224,1728,468,972,1656,2160,1728,2232,153,240,58,135,207,300,216,310,0,149,0,100,0,0,1,2,110,-1,-1,-1,-1,-1,100348
VIP贝鲁卡2D,21018,21018,35,6,6,30,44,21,47,-1,30,30,30,30,30,30,7,3,2,1,1,-1,79,100,17,22,10,15,15,20,980,1470,1470,1960,665,1155,1575,2065,126,210,189,280,85,165,202,295,0,142,60,40,0,0,1,2,721,655,-1,-1,-1,-1,130029
VIP贝鲁伊卡2D,21019,21019,34,6,6,28,45,19,49,-1,30,30,30,30,30,30,7,3,2,1,1,-1,75,94,17,21,9,14,15,20,884,1360,1462,1938,578,1054,1598,2074,117,200,193,285,76,155,211,305,0,141,0,0,30,70,1,2,721,655,-1,-1,-1,-1,110117
VIP格鲁西斯2D,21020,21020,34,6,6,27,47,17,49,-1,30,30,30,30,30,30,7,3,2,1,1,-1,73,93,17,22,8,13,15,20,850,1326,1530,2006,510,986,1598,2074,112,195,202,295,67,145,211,305,0,140,0,0,80,20,1,2,721,655,-1,-1,-1,-1,130031
VIP金格萨贝鲁2D,21021,21021,36,6,6,27,46,18,48,-1,30,30,30,30,30,30,7,3,2,1,1,-1,77,98,18,23,9,14,16,21,900,1404,1584,2088,576,1080,1656,2160,112,195,198,290,72,150,207,300,0,139,30,0,0,70,1,2,721,655,-1,-1,-1,-1,130032
VIP乌朵帕奈斯,21022,21022,36,6,6,30,42,18,52,-1,40,40,40,40,40,40,7,7,2,1,1,-1,82,102,17,22,9,14,18,23,1008,1512,1440,1944,576,1080,1800,2304,126,210,180,270,72,150,225,320,0,142,60,0,0,40,1,2,-1,-1,-1,-1,-1,-1,120079
VIP克洛恩,21023,21023,35,6,6,26,40,20,50,-1,30,30,30,30,30,30,3,5,2,1,1,-1,73,93,15,20,9,14,16,21,840,1330,1330,1820,630,1120,1680,2170,108,190,171,260,81,160,216,310,0,136,0,0,100,0,1,2,-1,-1,-1,-1,-1,-1,100899
VIP卡卡沃夫,21050,21050,35,6,6,42,40,30,46,-1,30,30,30,30,30,30,6,1,2,1,1,-1,98,118,16,21,13,18,15,20,1400,1890,1330,1820,980,1470,1540,2030,180,270,171,260,126,210,198,290,0,158,70,0,0,30,1,2,-1,-1,-1,-1,-1,-1,110016
VIP帖拉格恩,21024,21024,35,6,6,42,40,30,46,-1,30,30,30,30,30,30,6,1,2,1,1,-1,98,118,16,21,13,18,15,20,1400,1890,1330,1820,980,1470,1540,2030,180,270,171,260,126,210,198,290,0,158,0,0,20,80,1,2,-1,-1,-1,-1,-1,-1,100359
VIP卡卡沃萨,21028,21028,35,6,6,42,40,30,46,-1,30,30,30,30,30,30,6,1,2,1,1,-1,98,118,16,21,13,18,15,20,1400,1890,1330,1820,980,1470,1540,2030,180,270,171,260,126,210,198,290,0,158,0,100,0,0,1,2,-1,-1,-1,-1,-1,-1,110017
VIP卡卡沃炎,21029,21029,35,6,6,42,40,30,46,-1,30,30,30,30,30,30,6,1,2,1,1,-1,98,118,16,21,13,18,15,20,1400,1890,1330,1820,980,1470,1540,2030,180,270,171,260,126,210,198,290,0,158,0,0,100,0,1,2,-1,-1,-1,-1,-1,-1,110011
VIP神雕,21030,21030,35,6,6,42,40,30,47,-1,30,30,30,30,30,30,6,1,2,1,1,-1,98,118,16,21,13,18,15,20,1400,1890,1330,1820,980,1470,1575,2065,180,270,171,260,126,210,202,295,0,159,0,50,50,0,1,2,-1,-1,-1,-1,-1,-1,110081
VIP绿犀牛,21031,21031,35,6,6,42,40,30,46,-1,30,30,30,30,30,30,6,1,2,1,1,-1,98,118,16,21,13,18,15,20,1400,1890,1330,1820,980,1470,1540,2030,180,270,171,260,126,210,198,290,0,158,80,0,0,20,1,2,-1,-1,-1,-1,-1,-1,126040
VIP麒麟,21032,21032,35,6,6,42,40,30,46,-1,30,30,30,30,30,30,6,1,2,1,1,-1,98,118,16,21,13,18,15,20,1400,1890,1330,1820,980,1470,1540,2030,180,270,171,260,126,210,198,290,0,158,20,0,0,80,1,2,-1,-1,-1,-1,-1,-1,110187
VIP2D金虎,21033,21033,35,6,6,42,40,30,46,-1,30,30,30,30,30,30,6,1,2,1,1,-1,98,118,16,21,13,18,15,20,1400,1890,1330,1820,980,1470,1540,2030,180,270,171,260,126,210,198,290,0,158,20,0,0,80,1,2,-1,-1,-1,-1,-1,-1,130032
VIP侠侣,21034,21034,35,6,6,42,40,30,46,-1,30,30,30,30,30,30,6,1,2,1,1,-1,98,118,16,21,13,18,15,20,1400,1890,1330,1820,980,1470,1540,2030,180,270,171,260,126,210,198,290,0,158,0,100,0,0,1,2,-1,-1,-1,-1,-1,-1,126507
VIP克罗那斯,21035,21035,35,6,6,42,40,30,46,-1,30,30,30,30,30,30,6,1,2,1,1,-1,98,118,16,21,13,18,15,20,1400,1890,1330,1820,980,1470,1540,2030,180,270,171,260,126,210,198,290,0,158,0,0,50,50,1,2,-1,-1,-1,-1,-1,-1,101488
VIP凯恩,21036,21036,35,6,6,42,40,30,46,-1,30,30,30,30,30,30,6,1,2,1,1,-1,98,118,16,21,13,18,15,20,1400,1890,1330,1820,980,1470,1540,2030,180,270,171,260,126,210,198,290,0,158,0,0,0,100,1,2,-1,-1,-1,-1,-1,-1,101180
VIP冰象,21037,21037,35,6,6,42,40,30,46,-1,30,30,30,30,30,30,6,1,2,1,1,-1,98,118,16,21,13,18,15,20,1400,1890,1330,1820,980,1470,1540,2030,180,270,171,260,126,210,198,290,0,158,0,100,0,0,1,2,-1,-1,-1,-1,-1,-1,110062
VIP萨乌鲁斯,21038,21038,42,6,6,32,36,18,55,-1,30,30,30,30,30,30,6,1,2,1,1,-1,97,122,17,23,10,16,22,28,1260,1848,1428,2016,672,1260,2226,2814,135,220,153,240,72,150,238,335,0,141,0,0,50,50,1,2,-1,-1,-1,-1,-1,-1,121105
VIP威威,21039,21039,42,6,6,42,40,30,50,-1,30,30,30,30,30,30,6,1,2,1,1,-1,119,143,20,26,16,22,20,26,1680,2268,1596,2184,1176,1764,2016,2604,180,270,171,260,126,210,216,310,0,162,0,0,100,0,1,2,596,-1,-1,-1,-1,-1,100264
VIP2D红虎,21040,21040,35,6,6,42,40,30,46,-1,30,30,30,30,30,30,6,1,2,1,1,-1,98,118,16,21,13,18,15,20,1400,1890,1330,1820,980,1470,1540,2030,180,270,171,260,126,210,198,290,0,158,0,0,80,20,1,2,-1,-1,-1,-1,-1,-1,130031
VIP利则诺炎,21042,21042,42,6,6,30,44,31,32,1,10,10,10,10,10,10,7,0,0,1,1,-1,93,118,20,26,15,22,12,18,1176,1764,1764,2352,1218,1806,1260,1848,126,210,189,280,130,215,135,220,0,137,100,0,0,0,1,2,1030,701,-1,-1,-1,-1,131057
VIP扬奇洛炎,21043,21043,42,6,6,28,46,24,37,3,10,10,10,10,10,10,7,0,0,1,1,-1,90,114,21,27,13,19,14,20,1092,1680,1848,2436,924,1512,1470,2058,117,200,198,290,99,180,157,245,0,135,0,100,0,0,1,2,1030,702,-1,-1,-1,-1,131053
VIP邦奇炎,21044,21044,42,6,6,28,51,24,36,3,10,10,10,10,10,10,7,0,0,1,1,-1,91,116,23,29,13,19,14,20,1092,1680,2058,2646,924,1512,1428,2016,117,200,220,315,99,180,153,240,0,139,0,0,100,0,1,2,1030,703,-1,-1,-1,-1,131056
VIP布鲁炎,21045,21045,42,6,6,26,42,25,47,3,10,10,10,10,10,10,7,0,0,1,1,-1,89,114,19,26,13,19,18,24,1008,1596,1680,2268,966,1554,1890,2478,108,190,180,270,103,185,202,295,0,140,0,0,0,100,1,2,1030,704,-1,-1,-1,-1,131054
VIP邦浦洛炎,21046,21046,32,6,6,29,45,35,38,3,10,10,10,10,10,10,7,0,0,1,1,-1,73,92,16,21,13,18,11,16,864,1312,1376,1824,1056,1504,1152,1600,121,205,193,285,148,235,162,250,0,147,0,0,50,50,1,2,1030,705,-1,-1,-1,-1,131055
HF机暴(专属),21047,21047,35,4.5,4,43,40,31,54,-1,30,30,30,30,30,30,6,1,2,1,1,-1,102,122,16,21,14,19,18,23,1435,1925,1330,1820,1015,1505,1820,2310,184,275,171,260,130,215,234,330,0,168,0,0,10,90,1,2,-1,-1,-1,-1,-1,-1,126000
VIP艾迪希洛,21048,21048,42,6,6,32,47,20,55,-1,0,0,0,0,0,0,7,3,2,1,1,-1,103,127,22,28,12,18,22,28,1260,1848,1890,2478,756,1344,2226,2814,135,220,202,295,81,160,238,335,0,154,70,30,0,0,1,2,542,1059,1073,1075,1047,-1,101423
VIP翡尔翠斯,21049,21049,42,6,6,32,36,18,55,-1,40,40,40,40,40,40,3,7,2,1,1,-1,97,122,17,23,10,16,22,28,1260,1848,1428,2016,672,1260,2226,2814,135,220,153,240,72,150,238,335,0,141,100,0,0,0,1,2,1073,674,625,1090,1037,-1,131036
瑞寺野,21051,21051,35,4.5,4,30,44,21,47,-1,30,30,30,30,30,30,7,3,2,1,1,-1,79,100,17,22,10,15,15,20,980,1470,1470,1960,665,1155,1575,2065,126,210,189,280,85,165,202,295,0,142,100,0,0,0,1,2,1031,659,1069,-1,-1,-1,131001
雷斯,21052,21052,34,4.5,4,28,45,19,49,-1,30,30,30,30,30,30,7,3,2,1,1,-1,75,94,17,21,9,14,15,20,884,1360,1462,1938,578,1054,1598,2074,117,200,193,285,76,155,211,305,0,141,0,0,100,0,1,2,1033,659,1069,1072,1073,-1,110149
雷斯特,21053,21053,34,4.5,4,27,47,17,49,-1,30,30,30,30,30,30,7,3,2,1,1,-1,73,93,17,22,8,13,15,20,850,1326,1530,2006,510,986,1598,2074,112,195,202,295,67,145,211,305,0,140,0,0,100,0,1,2,1033,659,1072,1073,1048,-1,110150
雪思,21054,21054,36,4.5,4,27,46,19,48,-1,30,30,30,30,30,30,7,3,2,1,1,-1,78,99,18,23,9,14,16,21,900,1404,1584,2088,612,1116,1656,2160,112,195,198,290,76,155,207,300,0,140,0,0,0,100,1,2,1035,1034,1058,1070,1073,-1,110152
水思,21055,21055,36,4.5,4,27,46,18,48,-1,30,30,30,30,30,30,7,3,2,1,1,-1,77,98,18,23,9,14,16,21,900,1404,1584,2088,576,1080,1656,2160,112,195,198,290,72,150,207,300,0,139,0,100,0,0,1,2,1035,1034,1058,1070,1073,-1,110153
普鲁冰月,21056,21056,36,4.5,4,28,47,19,48,-1,30,30,30,30,30,30,7,3,2,1,1,-1,79,100,18,23,9,14,16,21,936,1440,1620,2124,612,1116,1656,2160,117,200,202,295,76,155,207,300,0,142,0,100,0,0,1,2,-1,-1,-1,-1,-1,-1,128001
凤姬,21057,21057,60,4.5,4,42,26,48,68,3,30,30,30,30,30,30,7,3,2,1,1,-1,183,218,21,30,33,42,39,48,2400,3240,1440,2280,2760,3600,3960,4800,180,270,108,190,207,300,297,400,0,184,0,0,100,0,1,2,1035,791,-1,-1,-1,-1,103121
招财猪,21059,21059,42,5.5,5,30,40,25,55,-1,10,10,10,10,10,10,7,0,0,1,1,-1,99,123,19,25,13,19,22,28,1176,1764,1596,2184,966,1554,2226,2814,126,210,171,260,103,185,238,335,0,150,0,0,0,100,663,662,1038,660,1037,594,656,-1,110122
VIP虎王,21067,21067,36,4.5,4,42,36,30,45,-1,40,40,40,40,40,40,3,7,2,1,1,-1,99,119,15,20,13,18,15,20,1440,1944,1224,1728,1008,1512,1548,2052,180,270,153,240,126,210,193,285,0,153,0,0,90,10,1,2,-1,-1,-1,-1,-1,-1,110112
VIP机鲁斯,21068,21068,40,6,6,28,48,27,38,3,10,10,10,10,10,10,7,3,0,1,1,-1,88,111,21,27,13,19,14,20,1040,1600,1840,2400,1000,1560,1440,2000,117,200,207,300,112,195,162,250,0,141,0,0,70,30,1,2,1044,791,-1,-1,-1,-1,110128
VIP可洛魔刺,21069,21069,34,6,6,26,50,19,48,-1,30,30,30,30,30,30,7,3,2,1,1,-1,73,93,18,23,9,14,15,20,816,1292,1632,2108,578,1054,1564,2040,108,190,216,310,76,155,207,300,0,143,0,0,10,90,1,2,1049,1050,-1,-1,-1,-1,110089
VIP可洛恋次,21070,21070,34,6,6,27,48,17,48,-1,30,30,30,30,30,30,7,3,2,1,1,-1,73,93,17,22,8,13,15,20,850,1326,1564,2040,510,986,1564,2040,112,195,207,300,67,145,207,300,0,140,0,0,100,0,1,2,1049,1050,-1,-1,-1,-1,110087
VIP可洛冰刺,21071,21071,34,6,6,26,55,17,47,-1,10,10,10,10,10,10,7,0,0,1,1,-1,74,94,20,25,8,13,15,20,816,1292,1802,2278,510,986,1530,2006,108,190,238,335,67,145,202,295,0,145,0,100,0,0,1,2,1049,1050,-1,-1,-1,-1,128003
司尔顿王,21072,21072,34,4.5,4,28,52,19,45,5,30,30,30,30,30,30,7,3,2,1,1,-1,76,95,19,24,9,14,14,19,884,1360,1700,2176,578,1054,1462,1938,117,200,225,320,76,155,193,285,0,144,0,90,10,0,1,2,1046,515,-1,-1,-1,-1,128002
奇拉顿王,21073,21073,34,4.5,4,28,52,19,45,5,30,30,30,30,30,30,7,3,2,1,1,-1,76,95,19,24,9,14,14,19,884,1360,1700,2176,578,1054,1462,1938,117,200,225,320,76,155,193,285,0,144,0,0,10,90,1,2,1046,515,-1,-1,-1,-1,120399
VIP蒙牛,21074,21074,35,4.5,4,30,44,21,47,-1,30,30,30,30,30,30,7,3,2,1,1,-1,79,100,17,22,10,15,15,20,980,1470,1470,1960,665,1155,1575,2065,126,210,189,280,85,165,202,295,0,142,0,80,20,0,1,2,1052,1047,-1,-1,-1,-1,110172
银犀牛,21075,21075,36,4.5,4,35,50,18,47,-1,30,30,30,30,30,30,7,3,2,1,1,-1,90,111,20,25,9,14,16,21,1188,1692,1728,2232,576,1080,1620,2124,148,235,216,310,72,150,202,295,0,150,0,0,100,0,1,2,1048,656,-1,-1,-1,-1,126037
VIP斯巴克,21076,21076,36,6,6,35,50,18,47,-1,30,30,30,30,30,30,7,3,2,1,1,-1,90,111,20,25,9,14,16,21,1188,1692,1728,2232,576,1080,1620,2124,148,235,216,310,72,150,202,295,0,150,100,0,0,0,1,2,1048,656,-1,-1,-1,-1,126040
VIP雪尔克,21077,21077,34,6,6,26,46,20,50,-1,10,10,10,10,10,10,7,3,2,1,1,-1,73,93,17,22,9,14,16,21,816,1292,1496,1972,612,1088,1632,2108,108,190,198,290,81,160,216,310,0,142,50,50,0,0,1,2,1047,1052,-1,-1,-1,-1,130056
VIP咔哇咿哖,21093,21093,42,6,6,32,42,20,55,-1,30,30,30,30,30,30,7,3,2,1,1,-1,101,125,20,26,11,17,22,28,1260,1848,1680,2268,756,1344,2226,2814,135,220,180,270,81,160,238,335,0,149,100,0,0,0,1,2,1051,1054,-1,-1,-1,-1,131048
VIP咔哇咿馨,21094,21094,42,6,6,32,42,20,55,-1,30,30,30,30,30,30,7,3,2,1,1,-1,101,125,20,26,11,17,22,28,1260,1848,1680,2268,756,1344,2226,2814,135,220,180,270,81,160,238,335,0,149,0,100,0,0,1,2,1051,1054,-1,-1,-1,-1,131049
VIP咔哇咿淡,21095,21095,42,6,6,32,42,20,55,-1,30,30,30,30,30,30,7,3,2,1,1,-1,101,125,20,26,11,17,22,28,1260,1848,1680,2268,756,1344,2226,2814,135,220,180,270,81,160,238,335,0,149,0,0,100,0,1,2,1051,1054,-1,-1,-1,-1,131050
VIP咔哇咿若,21096,21096,42,6,6,32,42,20,55,-1,30,30,30,30,30,30,7,3,2,1,1,-1,101,125,20,26,11,17,22,28,1260,1848,1680,2268,756,1344,2226,2814,135,220,180,270,81,160,238,335,0,149,0,0,0,100,1,2,1051,1054,-1,-1,-1,-1,131000
佩伊冰轮,21097,21097,34,6,6,28,53,16,49,-1,10,10,10,10,10,10,7,3,2,1,1,-1,76,96,19,24,8,13,15,20,884,1360,1734,2210,476,952,1598,2074,117,200,229,325,63,140,211,305,0,146,0,100,0,0,1,2,1055,590,655,-1,-1,-1,110180
VIP紫格萨贝鲁,21098,21098,42,6,6,32,37,18,55,-1,40,40,40,40,40,40,3,7,2,1,1,-1,98,122,17,24,10,16,22,28,1260,1848,1470,2058,672,1260,2226,2814,135,220,157,245,72,150,238,335,0,142,30,0,0,70,1,2,-1,-1,-1,-1,-1,-1,120330
VIP萨伊西斯,21099,21099,42,6,6,32,36,18,55,-1,40,40,40,40,40,40,3,7,2,1,1,-1,97,122,17,23,10,16,22,28,1260,1848,1428,2016,672,1260,2226,2814,135,220,153,240,72,150,238,335,0,141,0,30,70,0,1,2,-1,-1,-1,-1,-1,-1,120075
VIP罗机斯,21100,21100,34,6,6,28,49,18,50,-1,30,30,30,30,30,30,7,3,2,1,1,-1,76,96,18,23,8,13,16,21,884,1360,1598,2074,544,1020,1632,2108,117,200,211,305,72,150,216,310,0,145,80,0,0,20,1,2,1057,1045,-1,-1,-1,-1,110126
VIP佩罗斯,21101,21101,34,6,6,27,50,17,50,-1,30,30,30,30,30,30,7,3,2,1,1,-1,75,94,18,23,8,13,16,21,850,1326,1632,2108,510,986,1632,2108,112,195,216,310,67,145,216,310,0,144,0,0,70,30,1,2,1057,1056,-1,-1,-1,-1,110125
VIP圣灵斯,21102,21102,36,6,6,27,48,18,50,-1,30,30,30,30,30,30,7,3,2,1,1,-1,79,100,19,24,9,14,17,22,900,1404,1656,2160,576,1080,1728,2232,112,195,207,300,72,150,216,310,0,143,0,100,0,0,1,2,1057,1058,-1,-1,-1,-1,110124
炎离恋次,21103,21103,34,4.5,4,28,45,19,55,-1,30,30,30,30,30,30,7,3,2,1,1,-1,77,96,17,22,9,14,18,22,884,1360,1462,1938,578,1054,1802,2278,117,200,193,285,76,155,238,335,0,147,0,0,100,0,1,2,-1,-1,-1,-1,-1,-1,110033
佩伊冰轮,21189,21189,150,9,9,150,90,26,80,-1,10,10,10,10,10,10,7,3,2,1,1,-1,1188,1275,164,186,78,99,117,138,22200,24300,13200,15300,3600,5700,11700,13800,666,810,396,510,108,190,351,460,0,346,100,100,100,100,1,2,1055,590,655,-1,-1,-1,110180
佩露夏,21191,21191,120,8,8,62,84,53,49,-5,1,1,1,1,1,1,1,1,2,1,1,-1,516,585,115,132,81,99,56,73,7200,8880,9840,11520,6120,7800,5640,7320,270,370,369,480,229,325,211,305,0,248,0,100,0,0,1,2,-1,-1,-1,-1,-1,-1,100872
豪豪魔王,21192,21192,450,10,10,340,240,340,250,-5,1,1,1,1,1,1,1,1,2,333,333,-1,82412,84598,12007,12554,15400,15947,9349,9877,1274260,1327040,897260,950040,1274260,1327040,934960,987740,1521,1760,1071,1260,1521,1760,1116,1310,0,1170,0,100,0,0,1,2,633,634,616,11,-1,-1,102050
VIP超梦,21201,21200,42,6,6,32,47,20,55,-1,500,500,500,500,500,500,7,3,2,1,1,-1,103,127,22,28,12,18,22,28,1260,1848,1890,2478,756,1344,2226,2814,135,220,202,295,81,160,238,335,0,154,70,30,500,500,1,2,542,1059,558,1266,1076,-1,101423
艾巴登,21210,21210,36,4.5,4,27,46,19,48,-1,30,30,30,30,30,30,7,3,2,1,1,-1,78,99,18,23,9,14,16,21,900,1404,1584,2088,612,1116,1656,2160,112,195,198,290,76,155,207,300,0,140,0,0,0,100,1,2,1035,1034,1058,1070,1073,-1,102050
精灵弓箭手,21211,21211,36,4.5,4,27,46,19,48,-1,30,30,30,30,30,30,7,3,2,1,1,-1,78,99,18,23,9,14,16,21,900,1404,1584,2088,612,1116,1656,2160,112,195,198,290,76,155,207,300,0,140,0,0,0,100,1,2,1035,1034,1058,1070,1073,-1,130304
带刀侍卫(光明),21212,21212,36,4.5,4,27,46,19,48,-1,30,30,30,30,30,30,7,3,2,1,1,-1,78,99,18,23,9,14,16,21,900,1404,1584,2088,612,1116,1656,2160,112,195,198,290,76,155,207,300,0,140,0,0,0,100,1,2,1035,1034,1058,1070,1073,-1,130301
带刀侍卫(黑暗),21213,21213,36,4.5,4,27,46,19,48,-1,30,30,30,30,30,30,7,3,2,1,1,-1,78,99,18,23,9,14,16,21,900,1404,1584,2088,612,1116,1656,2160,112,195,198,290,76,155,207,300,0,140,0,0,0,100,1,2,1035,1034,1058,1070,1073,-1,130302
财神爷,21209,21209,36,4.5,4,27,46,19,48,-1,30,30,30,30,30,30,7,3,2,1,1,-1,78,99,18,23,9,14,16,21,900,1404,1584,2088,612,1116,1656,2160,112,195,198,290,76,155,207,300,0,140,0,0,0,100,1,2,1035,1034,1058,1070,1073,-1,101156
雷尔之神,21215,21214,36,4.5,4,42,26,48,68,3,35,35,35,35,35,35,7,3,2,1,1,-1,110,131,13,18,20,25,23,28,1440,1944,864,1368,1656,2160,2376,2880,180,270,108,190,207,300,297,400,0,184,0,0,100,0,1,2,1085,1086,1073,1068,1069,-1,101815
凤姬,21216,21215,40,4.5,4,42,26,48,68,3,30,30,30,30,30,30,7,3,2,1,1,-1,122,145,14,20,22,28,26,32,1600,2160,960,1520,1840,2400,2640,3200,180,270,108,190,207,300,297,400,0,184,0,0,100,0,1,522,1087,1034,1088,1089,1081,-1,103121
VIP虎王,21217,21216,36,4.5,4,38,42,26,42,-1,30,30,30,30,30,30,7,7,2,1,1,-1,92,113,17,22,12,17,14,19,1296,1800,1440,1944,864,1368,1440,1944,162,250,180,270,108,190,180,270,0,148,0,100,0,0,1,2,-1,-1,-1,-1,-1,-1,128001
